Частота;Амплитуда;Фаза;Действительная часть;Мнимая часть
-3.329999999999969873e+01;3.597122599785507304e-17;-0.000000000000000000e+00;3.597122599785507304e-17;-0.000000000000000000e+00
-3.323339999999970473e+01;3.328307210032568394e-17;-1.506759361234048800e-01;3.290596961580405584e-17;-4.996003610813204247e-18
-3.316679999999970363e+01;2.885712309366556585e-17;-3.060478259966975534e-01;2.751618377594411430e-17;-8.694434061595757946e-18
-3.310019999999970253e+01;2.231601890559823160e-17;-4.432745523613478289e-01;2.015922151432647601e-17;-9.571336778702033267e-18
-3.303359999999970853e+01;1.427729061016314305e-17;-6.349958460872892063e-01;1.149427775182232439e-17;-8.468920009718771668e-18
-3.296699999999970743e+01;7.166234852911649839e-18;-7.580077549225857636e-01;5.204170427930421283e-18;-4.926614671774131902e-18
-3.290039999999970632e+01;1.864342757886610801e-18;-1.118902661716761060e-01;1.852684672343230082e-18;-2.081668171172168436e-19
-3.283379999999970522e+01;2.708480599555954307e-18;1.026861902511074121e+00;1.401656568589260222e-18;2.317590563905014411e-18
-3.276719999999970412e+01;3.281333889646083478e-18;1.272452867844280577e+00;9.645062526431048308e-19;3.136380044566067316e-18
-3.270059999999970302e+01;2.789711510582121499e-18;6.902797070145499925e-01;2.151057110211240782e-18;1.776356839400250502e-18
-3.263399999999970902e+01;7.684522154971544626e-19;-6.568624965762698276e-01;6.085465279997730252e-19;-4.692439991751697231e-19
-3.256739999999970792e+01;2.561683255109934822e-18;-1.942248625366374881e+00;-9.298117831235686581e-19;-2.386979502944086756e-18
-3.250079999999970681e+01;5.084045691930021752e-18;-2.589937671061246505e+00;-4.329869796038110501e-18;-2.664535259100375752e-18
-3.243419999999971282e+01;7.174480752338180251e-18;-2.761086276477428214e+00;-6.661338147750938996e-18;-2.664535259100375752e-18
-3.236759999999971171e+01;8.188600426433446855e-18;-2.922923707715851194e+00;-7.993605777301128028e-18;-1.776356839400250502e-18
-3.230099999999971061e+01;1.012679207245470783e-17;2.875340604438867853e+00;-9.769962616701376989e-18;2.664535259100375752e-18
-3.223439999999970951e+01;1.035785127862229925e-17;2.601173153319209064e+00;-8.881784197001252508e-18;5.329070518200751505e-18
-3.216779999999971551e+01;1.588821858078254850e-17;2.034443935795702707e+00;-7.105427357601002007e-18;1.421085471520200401e-17
-3.210119999999971441e+01;1.243449787580175351e-17;1.570796326794896558e+00;0.000000000000000000e+00;1.243449787580175351e-17
-3.203459999999971330e+01;1.464821375527115876e-17;1.325817663668032553e+00;3.552713678800501003e-18;1.421085471520200401e-17
-3.196799999999971220e+01;1.749508591650102928e-17;1.989020656374125728e+00;-7.105427357601002007e-18;1.598721155460225606e-17
-3.190139999999971465e+01;1.280949133595750856e-17;9.827937232473290541e-01;7.105427357601002007e-18;1.065814103640150301e-17
-3.183479999999971355e+01;2.383232787117382274e-17;4.636476090008060935e-01;2.131628207280300602e-17;1.065814103640150301e-17
-3.176819999999971600e+01;2.309263891220325498e-17;3.947911196997614947e-01;2.131628207280300602e-17;8.881784197001252508e-18
-3.170159999999971845e+01;1.913194867290181298e-17;3.805063771123649019e-01;1.776356839400250502e-17;7.105427357601002007e-18
-3.163499999999971735e+01;1.421085471520200401e-17;-0.000000000000000000e+00;1.421085471520200401e-17;-0.000000000000000000e+00
-3.156839999999971624e+01;1.432144669219779164e-17;-5.191461142465229051e-01;1.243449787580175351e-17;-7.105427357601002007e-18
-3.150179999999971514e+01;1.137423353269335466e-17;-6.747409422235526311e-01;8.881784197001252508e-18;-7.105427357601002007e-18
-3.143519999999971759e+01;7.536443801682121318e-18;-7.853981633974482790e-01;5.329070518200751505e-18;-5.329070518200751505e-18
-3.136859999999972004e+01;3.382082660980460211e-18;-1.165904540509813181e+00;1.332267629550187876e-18;-3.108624468950438378e-18
-3.130199999999971894e+01;9.413220781703038261e-19;5.960490988384328226e-01;7.790005123120952541e-19;5.284368048010592766e-19
-3.123539999999972139e+01;5.776428089442277159e-18;1.537155177253824334e+00;1.942890293094023986e-19;5.773159728050814516e-18
-3.116879999999972028e+01;7.885124068817307555e-18;1.277990915467745570e+00;2.275957200481571003e-18;7.549516567451065017e-18
-3.110219999999971918e+01;1.315134036779927651e-17;1.366778347202348032e+00;2.664535259100375752e-18;1.287858708565181652e-17
-3.103559999999972163e+01;1.685529173418131331e-17;1.054101188032619429e+00;8.326672684688673745e-18;1.465494392505206702e-17
-3.096899999999972408e+01;2.203757746959337330e-17;8.960553845713439269e-01;1.376676550535194100e-17;1.720845688168992625e-17
-3.090239999999972298e+01;2.400059787135961962e-17;7.166541980072599349e-01;1.809663530139005227e-17;1.576516694967722455e-17
-3.083579999999972543e+01;2.594390724073949657e-17;5.517951563431600093e-01;2.209343819004061629e-17;1.360023205165816737e-17
-3.076919999999972433e+01;2.629867153583840176e-17;3.563001669896457280e-01;2.464695114667847552e-17;9.173217740965356359e-18
-3.070259999999972322e+01;2.481828179190263108e-17;1.433600245777986448e-01;2.456368441983158870e-17;3.545774784896593769e-18
-3.063599999999972567e+01;2.304389245058021789e-17;-1.069495317875516355e-01;2.291222767070166842e-17;-2.459837888935112334e-18
-3.056939999999972457e+01;1.979312257270002400e-17;-3.809498667365535662e-01;1.837419105754634166e-17;-7.359130665962610414e-18
-3.050279999999972702e+01;1.726787116074213209e-17;-7.017805718182302810e-01;1.318736786437568807e-17;-1.114776673749595739e-17
-3.043619999999972947e+01;1.500373019661286681e-17;-1.260307134052473854e+00;4.584006785268712870e-18;-1.428631518640699490e-17
-3.036959999999972837e+01;1.379102060806949131e-17;-1.862232036998924256e+00;-3.962542100000021803e-18;-1.320948558869439166e-17
-3.030299999999972727e+01;1.366574003350418927e-17;-2.336541428591122571e+00;-9.471373338398870078e-18;-9.851169359420542294e-18
-3.023639999999972972e+01;1.587874636919597014e-17;-2.670370571213665833e+00;-1.414818782963234154e-17;-7.208562089258685801e-18
-3.016979999999972861e+01;1.652425696475490748e-17;-2.975918934893598600e+00;-1.629799810734522304e-17;-2.725128608015159431e-18
-3.010319999999973106e+01;1.383646100093418780e-17;3.124899592068174137e+00;-1.383453322332996959e-17;2.309621677937246036e-19
-3.003659999999973351e+01;7.360877257517519133e-18;2.838989204438717717e+00;-7.026427559225909038e-18;2.193588328558773701e-18
-2.996999999999973241e+01;9.093960837803919433e-19;-2.946700810689230288e+00;-8.921799618916034840e-19;-1.761140334959441805e-19
-2.990339999999973131e+01;1.233664325958140476e-17;-8.245640932737466899e-01;8.375064543850595087e-18;-9.058204060436701288e-18
-2.983679999999973020e+01;2.392521156500066195e-17;-1.099727336487979379e+00;1.085819658660647412e-17;-2.131936479627498037e-17
-2.977019999999973265e+01;3.941526511562443706e-17;-1.416546432721983662e+00;6.055719655597808236e-18;-3.894728981056020995e-17
-2.970359999999973510e+01;5.169756181660289108e-17;-1.626677711283345262e+00;-2.887428005394682256e-18;-5.161686407846896550e-17
-2.963699999999973400e+01;6.460769341467233739e-17;-1.961145293206455031e+00;-2.458394798902875237e-17;-5.974766564173888720e-17
-2.957039999999973645e+01;7.689821095231002915e-17;-2.260652736016940167e+00;-4.894005401163494781e-17;-5.931446670926265912e-17
-2.950379999999973535e+01;8.166893882251908085e-17;-2.602525849430983307e+00;-7.008731122426072534e-17;-4.192355392556766890e-17
-2.943719999999973425e+01;8.641151815925961848e-17;-2.931506577125569279e+00;-8.451158531061137053e-17;-1.802061094622796534e-17
-2.937059999999973670e+01;8.789650030016748846e-17;3.048615863237022605e+00;-8.751685519619615552e-17;8.160565028561238776e-18
-2.930399999999973915e+01;8.592583058158142540e-17;2.724811144673636054e+00;-7.857028580931906193e-17;3.478445844017910707e-17
-2.923739999999973804e+01;8.041466627479113189e-17;2.434445527460797898e+00;-6.113270787787923870e-17;5.224280409399855639e-17
-2.917079999999974049e+01;7.314622686785081674e-17;2.120438565659839902e+00;-3.821028657252854841e-17;6.237262624780477145e-17
-2.910419999999973939e+01;6.353922273842253189e-17;1.837368141613762162e+00;-1.673787634315326146e-17;6.129499426318744112e-17
-2.903759999999973829e+01;5.236255041508912227e-17;1.575563108607066720e+00;-2.495999077114450923e-19;5.236195551981248055e-17
-2.897099999999974074e+01;4.304680025336319126e-17;1.298840446942801652e+00;1.156305694561381754e-17;4.146471664108464192e-17
-2.890439999999973963e+01;3.111465997514421395e-17;1.076541023982722001e+00;1.476005445540104962e-17;2.739092656049511869e-17
-2.883779999999974208e+01;2.268356893043586620e-17;8.283345672856549102e-01;1.533644711989325714e-17;1.671339849224427467e-17
-2.877119999999974453e+01;1.403875950970834487e-17;5.022818790276555312e-01;1.230478019654003064e-17;6.758635430785030635e-18
-2.870459999999974343e+01;6.479541254387026867e-18;4.978000295353720017e-01;5.693152762709578615e-18;3.093940285098550360e-18
-2.863799999999974233e+01;1.579232493545681211e-18;2.217368382008443994e+00;-9.514148127449698046e-19;1.260470199076504672e-18
-2.857139999999974123e+01;6.815258863431257086e-18;3.120903220677482715e+00;-6.813800270707172914e-18;1.409937817393563267e-19
-2.850479999999974368e+01;9.424808981201419544e-18;2.587650176547011682e+00;-8.015396841017869305e-18;4.957866256075863247e-18
-2.843819999999974613e+01;1.104254812900562785e-17;2.642254201653104317e+00;-9.694247844133428092e-18;5.287667530955407734e-18
-2.837159999999974502e+01;1.369413992465795407e-17;2.276125361246447376e+00;-8.877697159833745831e-18;1.042669465431834669e-17
-2.830499999999974747e+01;1.374525936913856159e-17;1.946514447451588081e+00;-5.043694425614921741e-18;1.278644992427188016e-17
-2.823839999999974637e+01;1.342585804996700984e-17;1.712859881222463132e+00;-1.900915963809987465e-18;1.329060506058307062e-17
-2.817179999999974527e+01;1.274788529070271250e-17;1.379805867883696191e+00;2.419949383787734929e-18;1.251608662341468364e-17
-2.810519999999974772e+01;1.520959120206455700e-17;1.058312811925209873e+00;7.457919820211583601e-18;1.325560622865717197e-17
-2.803859999999975017e+01;1.347486511386038896e-17;6.434789340884743414e-01;1.078007136913171770e-17;8.084680025403500101e-18
-2.797199999999974906e+01;1.314777083757806686e-17;4.366859374323335818e-01;1.191396143732371402e-17;5.560701472605025546e-18
-2.790539999999975151e+01;1.459598929117889462e-17;1.031701212665274009e-01;1.451837777523392027e-17;1.503199974654976309e-18
-2.783879999999975041e+01;1.404588279616487248e-17;-4.335854810869873427e-02;1.403268198959156314e-17;-6.088182837209983268e-19
-2.777219999999974931e+01;1.435044083725438715e-17;-4.005393522734705392e-01;1.321461530384691472e-17;-5.595453028564647050e-18
-2.770559999999975176e+01;1.313439147201477296e-17;-4.953139470363135954e-01;1.155589415398738061e-17;-6.242879915709950985e-18
-2.763899999999975421e+01;1.015329820909858147e-17;-6.404811045446716644e-01;8.140999300617796967e-18;-6.067420779064610203e-18
-2.757239999999975311e+01;7.596426875869032415e-18;-7.098103063935686796e-01;5.761779721053919952e-18;-4.950514693087697099e-18
-2.750579999999975556e+01;6.124056852207795165e-18;-1.027701996681635865e+00;3.164836396887977790e-18;-5.242888794358160756e-18
-2.743919999999975445e+01;3.800016266937835069e-18;-9.192721089927238243e-01;2.304326472253090992e-18;-3.021622600237459834e-18
-2.737259999999975335e+01;2.085322375230433325e-18;-3.358051972706618260e-01;1.968847276751706880e-18;-6.871752392687659571e-19
-2.730599999999975580e+01;9.405499953487809376e-19;-9.736317833200546223e-01;5.288712656459440315e-19;-7.777721248056201718e-19
-2.723939999999975470e+01;2.621323684565078399e-18;3.050727599290340208e+00;-2.610509703494765647e-18;2.378590911054458313e-19
-2.717279999999975715e+01;6.748463378454568965e-18;3.119720421026589641e+00;-6.746849228730953007e-18;1.475921919174373587e-19
-2.710619999999975960e+01;1.214957633973685387e-17;2.908616007029110939e+00;-1.182133699406312765e-17;2.805030642949928598e-18
-2.703959999999975850e+01;1.961025055147103074e-17;2.728676975732128973e+00;-1.796210135241340855e-17;7.869233869767641916e-18
-2.697299999999975739e+01;3.036251515520527583e-17;2.495869004727532925e+00;-2.424946302110995927e-17;1.827144957954596593e-17
-2.690639999999975629e+01;3.913058927495880393e-17;2.103025882038772831e+00;-1.985704288682856061e-17;3.371796056697635895e-17
-2.683979999999975874e+01;5.338330640035230375e-17;1.894885779527126779e+00;-1.699968826275474888e-17;5.060422908416898150e-17
-2.677319999999976119e+01;6.407210165573627413e-17;1.520072782160504898e+00;3.248570660576203645e-18;6.398969447689405579e-17
-2.670659999999976009e+01;7.435071945657882665e-17;1.224633014115292795e+00;2.522654580427701469e-17;6.994033793524023332e-17
-2.663999999999976254e+01;8.167356262507006647e-17;9.311003361412610868e-01;4.875516136810021055e-17;6.552484316533501859e-17
-2.657339999999976143e+01;8.799879427153845940e-17;5.706893818988644229e-01;7.405351645095097400e-17;4.753803208477694998e-17
-2.650679999999976033e+01;8.794898573109950112e-17;2.328434986055732403e-01;8.557561250462430592e-17;2.029380781390055855e-17
-2.644019999999976278e+01;8.341630114476055203e-17;-1.324971418969173309e-01;8.268516457700066761e-17;-1.102011141267160498e-17
-2.637359999999976523e+01;7.661533871537218801e-17;-4.539060916024311165e-01;6.885736315269444630e-17;-3.359425049214768195e-17
-2.630699999999976413e+01;6.684805790196858188e-17;-7.892185785831397071e-01;4.708778441758232613e-17;-4.744895577257981722e-17
-2.624039999999976658e+01;5.491842535580006408e-17;-1.121256874928643343e+00;2.386484505605476795e-17;-4.946213313243861771e-17
-2.617379999999976548e+01;4.129679719449087090e-17;-1.429080384386396840e+00;5.832844789434767994e-18;-4.088280054234631527e-17
-2.610719999999976437e+01;2.509664286280901045e-17;-1.739453023686573951e+00;-4.212678746139765304e-18;-2.474055013060956043e-17
-2.604059999999976682e+01;1.211259556052884703e-17;-2.106611056742103916e+00;-6.183985816319346033e-18;-1.041505115861195910e-17
-2.597399999999976927e+01;8.666620599171416223e-19;2.106204544130261258e+00;-4.421642000444636113e-19;7.453817453485581792e-19
-2.590739999999976817e+01;1.040888242187881356e-17;5.971862206201845602e-01;8.607324761529502848e-18;5.853101205519929031e-18
-2.584079999999977062e+01;1.720577778304709146e-17;2.176282694343570356e-01;1.679993281670652656e-17;3.714975972162418340e-18
-2.577419999999976952e+01;2.153313222533879051e-17;-1.275966024778731611e-01;2.135808060805041521e-17;-2.740105139213596956e-18
-2.570759999999976841e+01;2.217727438109199513e-17;-4.542087458505317810e-01;1.992868667418227723e-17;-9.730310705034503441e-18
-2.564099999999976731e+01;2.419724296334732985e-17;-9.244479611234498462e-01;1.457340346756212011e-17;-1.931637850112982024e-17
-2.557439999999976976e+01;2.309266579671715302e-17;-1.339287036154697796e+00;5.298538475873795125e-18;-2.247658122621309788e-17
-2.550779999999977221e+01;2.417259877251415241e-17;-1.694345668331184607e+00;-2.978916561396788519e-18;-2.398834274261539372e-17
-2.544119999999977111e+01;2.428247458108078259e-17;-2.119948394127553204e+00;-1.267458139211809674e-17;-2.071215967289283304e-17
-2.537459999999977356e+01;2.746058128621601289e-17;-2.523164864892253334e+00;-2.237463340045995881e-17;-1.592040529546590100e-17
-2.530799999999977246e+01;3.019696628074871372e-17;-2.673932387562985014e+00;-2.695458152925709647e-17;-1.361276265654062386e-17
-2.524139999999977135e+01;3.046853622156853209e-17;-2.920410196758970844e+00;-2.972628368041051365e-17;-6.684291887462233389e-18
-2.517479999999977380e+01;2.748841687384865990e-17;-3.103090498361619431e+00;-2.746804475679164698e-17;-1.058101823728985049e-18
-2.510819999999977625e+01;2.638357048943704011e-17;2.948685262903246063e+00;-2.589418161139375831e-17;5.058077742309868577e-18
-2.504159999999977515e+01;2.340844128849356919e-17;2.783250859706117630e+00;-2.192152960727786191e-17;8.209851596349996008e-18
-2.497499999999977760e+01;2.058485941252051126e-17;2.584104478917493175e+00;-1.746803758491391458e-17;1.089055094865586525e-17
-2.490839999999977650e+01;1.604888357492866400e-17;2.370097389484826511e+00;-1.150494650009808140e-17;1.118940883297665316e-17
-2.484179999999977539e+01;1.292797087043183616e-17;2.333629369691975874e+00;-8.932868075567395717e-18;9.345389171738270376e-18
-2.477519999999977784e+01;6.917199657717896705e-18;2.186178924683316094e+00;-3.993098596532083826e-18;5.648257669680632837e-18
-2.470859999999978029e+01;3.908245914406298013e-18;2.251868198626887363e+00;-2.460733714768840288e-18;3.036309554784140919e-18
-2.464199999999977919e+01;1.841881867653701993e-18;-1.404439687373061130e+00;3.049979431651916489e-19;-1.816453982091617194e-18
-2.457539999999978164e+01;3.796634861421877274e-18;-1.421683567709394858e+00;5.640310956713447193e-19;-3.754504653623390957e-18
-2.450879999999978054e+01;8.047312926604053329e-18;-1.773313843715002447e+00;-1.618604596832391193e-18;-7.882852560957977619e-18
-2.444219999999977944e+01;1.082681041028759813e-17;-1.752592912478562637e+00;-1.957453142370305896e-18;-1.064838958978006782e-17
-2.437559999999978189e+01;1.253058209822036537e-17;-1.837931357388915776e+00;-3.307687376909669251e-18;-1.208613635273378438e-17
-2.430899999999978434e+01;1.447594397372151352e-17;-1.907746402976161271e+00;-4.785894958683553595e-18;-1.366192385335138511e-17
-2.424239999999978323e+01;1.565659657356408022e-17;-2.141807851381007488e+00;-8.462130173584748260e-18;-1.317275101080427494e-17
-2.417579999999978568e+01;1.695089482977121127e-17;-2.284690162420232706e+00;-1.109913672509004974e-17;-1.281179142382991307e-17
-2.410919999999978458e+01;1.706847155043908428e-17;-2.504639685361171431e+00;-1.372154406696672795e-17;-1.015145060995908022e-17
-2.404259999999978348e+01;1.697599074016522557e-17;-2.762093690518364397e+00;-1.576815517582564594e-17;-6.288842815753812416e-18
-2.397599999999978237e+01;1.637228396524736649e-17;-2.852211328748169628e+00;-1.569153428112388830e-17;-4.671983962195276682e-18
-2.390939999999978838e+01;1.682912352212891287e-17;-3.127458632751136669e+00;-1.682744256852343068e-17;-2.378552629609313613e-19
-2.384279999999978727e+01;1.769407646812063207e-17;2.965537639058029029e+00;-1.742056681831444999e-17;3.099063372753437682e-18
-2.377619999999978617e+01;1.538497953088937965e-17;2.776954442107466114e+00;-1.437346082290341729e-17;5.486457795184961435e-18
-2.370959999999978862e+01;1.770648994875236542e-17;2.673819981641616828e+00;-1.580436676293999599e-17;7.983844783545456373e-18
-2.364299999999978752e+01;1.289719850109713082e-17;2.558277519730227212e+00;-1.076453431862392442e-17;7.103698338180599046e-18
-2.357639999999978642e+01;1.380025051220748610e-17;2.232336762554564924e+00;-8.477950075285258289e-18;1.088904388459582148e-17
-2.350979999999978887e+01;8.666428808956068057e-18;2.010178274991441416e+00;-3.686527223095113601e-18;7.843245841747045856e-18
-2.344319999999979132e+01;7.448078331978603895e-18;1.604115584415896523e+00;-2.481185256993559896e-19;7.443944386982882495e-18
-2.337659999999979021e+01;8.027658905899530567e-18;1.375680018043714314e+00;1.556407630971218864e-18;7.875335091011848539e-18
-2.330999999999979266e+01;5.898086579599027106e-19;1.112338500135947816e+00;2.610290882520840899e-19;5.289027019128822742e-19
-2.324339999999979156e+01;5.407344250240675838e-18;-2.630974456160206199e+00;-4.717597211697463903e-18;-2.642659340284934990e-18
-2.317679999999979046e+01;1.607870398736936795e-17;-2.766157662181448540e+00;-1.495879344932772023e-17;-5.895695078088559355e-18
-2.311019999999979291e+01;2.650693706971550618e-17;-2.953825481324539926e+00;-2.604103726065931298e-17;-4.947938076291130659e-18
-2.304359999999979536e+01;3.437220857467477126e-17;-3.072819293465069102e+00;-3.429095420100686591e-17;-2.362029272764329201e-18
-2.297699999999979426e+01;4.559042692111331591e-17;2.984663091738301688e+00;-4.503020289792417785e-17;7.125156406785375964e-18
-2.291039999999979671e+01;5.005343077820173631e-17;2.779485593711387370e+00;-4.680759011362651322e-17;1.773119963293422630e-17
-2.284379999999979560e+01;5.513906714511597894e-17;2.614109008327865080e+00;-4.764436877348913305e-17;2.775483471053973616e-17
-2.277719999999979450e+01;5.275151546978208773e-17;2.445604331006087762e+00;-4.048259012541723829e-17;3.382132878962814551e-17
-2.271059999999979340e+01;4.729543738342225990e-17;2.303409064677911733e+00;-3.163186494237912710e-17;3.516082361885599802e-17
-2.264399999999979940e+01;3.777426194207039483e-17;2.141786789085164511e+00;-2.041569122538140447e-17;3.178198258538999228e-17
-2.257739999999979830e+01;2.709246840260415160e-17;1.992095533881099501e+00;-1.107936742605025073e-17;2.472345974140110050e-17
-2.251079999999979719e+01;1.704906117134756994e-17;1.815247713500073079e+00;-4.126282971128421923e-18;1.654219682105514471e-17
-2.244419999999979964e+01;7.439977856087199529e-18;1.594380690207283680e+00;-1.754508755372765610e-19;7.437908811577423270e-18
-2.237759999999979854e+01;3.100769676340894357e-18;1.402509754829907918e+00;5.193583719153678238e-19;3.056965728829264151e-18
-2.231099999999979744e+01;1.303131133870020817e-18;-7.796376900130027598e-01;9.267455485952031975e-19;-9.161295979392554946e-19
-2.224439999999980344e+01;1.937852750096391120e-18;-1.527674143130047124e+00;8.353854628304364371e-20;-1.936051288664910977e-18
-2.217779999999980234e+01;2.627324138315727722e-18;-1.989046129325092060e+00;-1.067118552491146013e-18;-2.400851957682039766e-18
-2.211119999999980124e+01;2.071714200179289904e-18;2.758206837232315412e+00;-1.921314889197330195e-18;7.749508524888306518e-19
-2.204459999999980369e+01;1.240839726938329579e-18;-2.527957584269052038e+00;-1.014461168133070395e-18;-7.145290521024844149e-19
-2.197799999999980258e+01;2.505493801309025751e-18;-6.278226904129082797e-01;2.027717035557389332e-18;-1.471687063240112243e-18
-2.191139999999980148e+01;1.590157544410669328e-18;-2.825270000770421230e+00;-1.511263098668981330e-18;-4.946563075991234360e-19
-2.184479999999980393e+01;3.058146674362989333e-18;-3.117587989180631070e+00;-3.057265628048649963e-18;-7.340273475630062424e-20
-2.177819999999980638e+01;5.536516943903743528e-18;2.856033746224081682e+00;-5.312312156892927921e-18;1.559602326832342410e-18
-2.171159999999980528e+01;8.856938294766705093e-18;2.698751597205532704e+00;-8.002579386686693838e-18;3.795270625012419198e-18
-2.164499999999980773e+01;1.053489861889199193e-17;2.534817440313452686e+00;-8.654325751536982611e-18;6.007223543086792993e-18
-2.157839999999980662e+01;1.416576558786106239e-17;2.301493793279093758e+00;-9.454079061232504229e-18;1.054937456886396672e-17
-2.151179999999980552e+01;1.320250914911826356e-17;2.064347916797906191e+00;-6.254775818994089009e-18;1.162686661515811477e-17
-2.144519999999980797e+01;1.626937885835428685e-17;1.797035698797177838e+00;-3.649454704181867638e-18;1.585478378278272925e-17
-2.137859999999981042e+01;1.611710289909684360e-17;1.624657049751838445e+00;-8.676591621433845044e-19;1.609373087380376511e-17
-2.131199999999980932e+01;1.565451139683559264e-17;1.213115857002784237e+00;5.480682740541662506e-18;1.466375953741686629e-17
-2.124539999999981177e+01;1.497526297386821399e-17;1.090128382709949717e+00;6.924135335717572934e-18;1.327836025227420579e-17
-2.117879999999981067e+01;1.499089292380022858e-17;7.274206752681982024e-01;1.119657792253965322e-17;9.968124872679987168e-18
-2.111219999999980956e+01;1.337457578326947102e-17;4.214280799654165355e-01;1.220437656902804963e-17;5.471057479480301182e-18
-2.104559999999980846e+01;1.333138648261044365e-17;2.662386139133749996e-01;1.286168649124863398e-17;3.507547027419708240e-18
-2.097899999999981446e+01;1.200593610673969783e-17;-7.444344254880119749e-02;1.197268406214974039e-17;-8.929379301281491029e-19
-2.091239999999981336e+01;9.157590659251117014e-18;-2.447938570756475751e-01;8.884578207756227274e-18;-2.219400088462292137e-18
-2.084579999999981226e+01;8.441224870647558750e-18;-6.548624278794551445e-01;6.695003233700363150e-18;-5.141129157838826727e-18
-2.077919999999981471e+01;5.788471481653251330e-18;-1.094573376837968182e+00;2.653583890650769494e-18;-5.144404205463614211e-18
-2.071259999999981360e+01;2.252753894672205003e-18;-1.160787774831191665e+00;8.979863848000213996e-19;-2.066039826013665265e-18
-2.064599999999981250e+01;9.104999894770676553e-19;9.588194478280982480e-01;5.230701202599224823e-19;7.452569222281740555e-19
-2.057939999999981850e+01;3.981853445282814907e-18;1.271784561705776584e+00;1.172958323685504016e-18;3.805170906885460952e-18
-2.051279999999981740e+01;8.561977832730751332e-18;9.282421320081959415e-01;5.130698432101492284e-18;6.854443668672465982e-18
-2.044619999999981630e+01;1.117705291818184470e-17;6.541219796534555320e-01;8.869913335394126128e-18;6.800819756355460233e-18
-2.037959999999981875e+01;1.682694090961344628e-17;3.968473584762640671e-01;1.551922023982622533e-17;6.503825299267401505e-18
-2.031299999999981765e+01;2.334716760756702207e-17;2.099646889400526295e-01;2.283442353431145816e-17;4.866141916499131117e-18
-2.024639999999981654e+01;3.159461810171473623e-17;-7.521231677974327123e-02;3.150529653990390720e-17;-2.374064642321059802e-18
-2.017979999999981899e+01;3.829376226439282643e-17;-2.246785224175759654e-01;3.733127843395407514e-17;-8.531581263073792193e-18
-2.011319999999982144e+01;4.731640123144582373e-17;-4.150750174328226572e-01;4.329857972731829565e-17;-1.908074472058752742e-17
-2.004659999999982034e+01;5.455710071470418135e-17;-6.103650540851094375e-01;4.470620708492964469e-17;-3.127030998365320627e-17
-1.997999999999982279e+01;5.840644957707526997e-17;-7.684799780681913495e-01;4.199236711108982164e-17;-4.059500531601021753e-17
-1.991339999999982169e+01;6.355803603887620678e-17;-9.433873898726953255e-01;3.731168991366747571e-17;-5.145349104682218988e-17
-1.984679999999982059e+01;6.057575372921609431e-17;-1.088916176683659032e+00;2.807359330548407151e-17;-5.367769833721372714e-17
-1.978019999999981948e+01;5.884480862224058195e-17;-1.244818913833866114e+00;1.884416018589556971e-17;-5.574593374118355358e-17
-1.971359999999982549e+01;5.366033735965270286e-17;-1.360016697812121977e+00;1.122694122216307103e-17;-5.247273193141210903e-17
-1.964699999999982438e+01;4.513588598815437319e-17;-1.520655473485202025e+00;2.262203657244568697e-18;-4.507915969213290692e-17
-1.958039999999982328e+01;3.662505889420452443e-17;-1.669529138729043627e+00;-3.610222864326184693e-18;-3.644669024580759498e-17
-1.951379999999982573e+01;2.579383516388432356e-17;-1.909445333461462058e+00;-8.569050789883815785e-18;-2.432885737189535377e-17
-1.944719999999982463e+01;1.618704821010885264e-17;-2.043626601788250952e+00;-7.371708847967936898e-18;-1.441105264778320941e-17
-1.938059999999982352e+01;7.401512188036351058e-18;-2.191660186731406945e+00;-4.305741050024937292e-18;-6.020214006144697827e-18
-1.931399999999982953e+01;3.307361102154112315e-19;1.642643138891554111e+00;-2.374189705191647589e-20;3.298828533355392054e-19
-1.924739999999982842e+01;7.069786696712682206e-18;4.519343491710209881e-01;6.360008695885629510e-18;3.087421792576258267e-18
-1.918079999999982732e+01;1.032113167637121830e-17;3.629447526087261067e-01;9.648765752634260784e-18;3.664297822473704235e-18
-1.911419999999982977e+01;1.406543103546560952e-17;-4.281562465225406851e-03;1.406530211348897260e-17;-6.022183758272161563e-20
-1.904759999999982867e+01;1.722546096431578480e-17;-4.183477631268144314e-01;1.573996150808176648e-17;-6.997865185702798728e-18
-1.898099999999982757e+01;1.958492948641483060e-17;-7.274388505208424505e-01;1.462759035878498928e-17;-1.302317408635166266e-17
-1.891439999999983357e+01;2.021332626815259696e-17;-1.136887510100046628e+00;8.498098539960414203e-18;-1.834014394785140082e-17
-1.884779999999983247e+01;2.104640102110655308e-17;-1.511873405264727133e+00;1.239397965415426701e-18;-2.100987597832407483e-17
-1.878119999999983136e+01;2.032024487675557236e-17;-1.810815745124813692e+00;-4.830558851544181811e-18;-1.973773170942089994e-17
-1.871459999999983381e+01;2.144241171433775634e-17;-2.140305288023060193e+00;-1.156214674646138972e-17;-1.805806697131399471e-17
-1.864799999999983271e+01;1.859074362320819151e-17;-2.635858823214109137e+00;-1.626353957946821878e-17;-9.006277189323381735e-18
-1.858139999999983161e+01;1.626483905958646764e-17;-2.874723735620380083e+00;-1.568908536903230267e-17;-4.289241182011820040e-18
-1.851479999999983406e+01;1.784934475117719498e-17;2.859570189960142450e+00;-1.714419842442943947e-17;4.967450898616722737e-18
-1.844819999999983651e+01;1.328696913184090404e-17;2.657603718933399861e+00;-1.176090577164675792e-17;6.182608198886531830e-18
-1.838159999999983540e+01;1.157385584595582114e-17;2.241468622364827024e+00;-7.193299628770267168e-18;9.067004995791019008e-18
-1.831499999999983785e+01;1.423349489054615484e-17;1.807240837738327777e+00;-3.334161301865323436e-18;1.383747611424667266e-17
-1.824839999999983675e+01;9.380255015605327791e-18;1.427082026818927929e+00;1.343441088275404339e-18;9.283552671263427893e-18
-1.818179999999983565e+01;7.842115887808788254e-18;1.692131573735094374e+00;-9.491920220831895821e-19;7.784459910811838980e-18
-1.811519999999983455e+01;5.668792945117893510e-18;7.932664727815366135e-01;3.976778515532237502e-18;4.039857187205955542e-18
-1.804859999999984055e+01;5.677859107695989920e-18;-3.344939090301281975e-02;5.674683034151019786e-18;-1.898855148895953168e-19
-1.798199999999983945e+01;5.315063446912457951e-18;1.113705844164638979e-04;5.315063413950009797e-18;5.919417210695431127e-22
-1.791539999999983834e+01;1.408809844280863645e-18;2.066658489086199424e+00;-6.702978477868929835e-19;1.239131136157481317e-18
-1.784879999999984079e+01;3.375636018174873120e-18;-2.757015592277983540e+00;-3.129070072015333310e-18;-1.266427657474942181e-18
-1.778219999999983969e+01;1.194106257028472193e-17;3.069949044859518139e+00;-1.191043009338138827e-17;8.547691490278516435e-19
-1.771559999999983859e+01;1.130943954276665113e-17;2.763511061902926613e+00;-1.051070475624421563e-17;4.174746495125087132e-18
-1.764899999999984459e+01;1.105137474963687977e-17;2.676602535846125619e+00;-9.878006053727998432e-18;4.955590808311823438e-18
-1.758239999999984349e+01;1.312398682373769032e-17;2.548026290188779797e+00;-1.087914480187343649e-17;7.340520317355620449e-18
-1.751579999999984238e+01;1.607097596875432850e-17;2.359989720680685910e+00;-1.140694274775536801e-17;1.132068574502933100e-17
-1.744919999999984483e+01;1.728859700340561935e-17;2.307289193112685766e+00;-1.161264449185313759e-17;1.280789109307222010e-17
-1.738259999999984373e+01;1.669355844329814005e-17;2.074473096528218097e+00;-8.057128617188460647e-18;1.462045047000582014e-17
-1.731599999999984263e+01;1.612709880864520901e-17;2.020948581718613024e+00;-7.016943050659786638e-18;1.452053119577940795e-17
-1.724939999999984863e+01;1.502444234149357435e-17;1.903427375031748969e+00;-4.905945986645611884e-18;1.420090002953970054e-17
-1.718279999999984753e+01;1.526639203203548262e-17;1.891085548232809055e+00;-4.806487457174589325e-18;1.449001048998308526e-17
-1.711619999999984643e+01;1.197540748724286850e-17;1.871241840021948155e+00;-3.544071457666624166e-18;1.143896594926592561e-17
-1.704959999999984888e+01;9.058000535027637870e-18;1.792754442531313774e+00;-1.994029357735979434e-18;8.835792019567232207e-18
-1.698299999999984777e+01;7.645166041314760662e-18;1.924095129893938161e+00;-2.645187249938114531e-18;7.172973456805569959e-18
-1.691639999999984667e+01;5.637910106929426628e-18;2.090669237379708445e+00;-2.800743719790883127e-18;4.893042508487833782e-18
-1.684979999999984557e+01;7.121160932799294579e-18;2.127203055932234577e+00;-3.760958243111037397e-18;6.046993147375152061e-18
-1.678319999999985157e+01;4.131163116671899623e-18;2.299575185590337689e+00;-2.751185980346883265e-18;3.081798889949349812e-18
-1.671659999999985047e+01;3.505341368080767502e-18;2.328032409710180328e+00;-2.407873071791652355e-18;2.547462536901962444e-18
-1.664999999999984936e+01;1.601186416994688570e-18;2.158798930342463951e+00;-8.881784197001252508e-19;1.332267629550187876e-18
-1.658339999999985181e+01;2.703459222208037188e-18;-1.163358198249558662e+00;1.071268633551522361e-18;-2.482151341258292687e-18
-1.651679999999985426e+01;6.169361988788506737e-18;-1.376845118828986303e+00;1.189067490229768341e-18;-6.053688615413511104e-18
-1.645019999999985316e+01;7.311834378119915454e-18;-1.686823232920535931e+00;-8.464673090833618120e-19;-7.262672722056902466e-18
-1.638359999999985206e+01;1.022493631320097175e-17;-1.863630360729980895e+00;-2.951599326548209300e-18;-9.789656992179862180e-18
-1.631699999999985451e+01;1.421350114722831259e-17;-2.236302596697295808e+00;-8.776232115893183508e-18;-1.118040091902904922e-17
-1.625039999999985341e+01;1.496541865574593629e-17;-2.695441329419349774e+00;-1.350052072968886258e-17;-6.457530144644301165e-18
-1.618379999999985586e+01;1.987148612644609701e-17;3.099492975631424230e+00;-1.985387878630854913e-17;8.363360640956802871e-19
-1.611719999999985475e+01;2.067964147217417598e-17;2.764916483507708467e+00;-1.922984102596004955e-17;7.606627737307117837e-18
-1.605059999999985720e+01;2.356643146957872903e-17;2.335563140939778570e+00;-1.631666101845464686e-17;1.700421316671822022e-17
-1.598399999999985610e+01;2.399963795667324431e-17;1.895520910147514559e+00;-7.657031090014924609e-18;2.274538407980696010e-17
-1.591739999999985677e+01;2.420984946033098781e-17;1.512249214534588937e+00;1.416607151149242969e-18;2.416836848178216562e-17
-1.585079999999985922e+01;2.413272437562854929e-17;1.076629480856981624e+00;1.144611103815936396e-17;2.124558608022340805e-17
-1.578419999999985812e+01;2.302438736310001355e-17;6.527949319099977110e-01;1.829032550043133851e-17;1.398522100412970753e-17
-1.571759999999985880e+01;2.078766535382959305e-17;3.156062259399075032e-01;1.976092899887469054e-17;6.452341897655495969e-18
-1.565099999999985947e+01;1.743135120873980503e-17;-2.271867589908730112e-01;1.698343341132899890e-17;-3.926193388689429071e-18
-1.558439999999986014e+01;1.480524824262501830e-17;-5.918453779748806820e-01;1.228706159564446613e-17;-8.259751380676666380e-18
-1.551779999999986082e+01;1.253707177440289329e-17;-1.177469239857870109e+00;4.805002735780385495e-18;-1.157972872677390225e-17
-1.545119999999986149e+01;7.300114773133600546e-18;-1.127817138104848294e+00;3.129070072015333310e-18;-6.595498175675693878e-18
-1.538459999999986216e+01;5.023042509553571848e-18;-1.436952477628781866e+00;6.702978477868929835e-19;-4.978117801743395824e-18
-1.531799999999986284e+01;1.844761333421795405e-18;2.434484082295054752e-01;1.790363943650991824e-18;4.446811515711322479e-19
-1.525139999999986351e+01;8.538283403421420119e-18;-2.224114167692349889e-02;8.536171681050984228e-18;-1.898855148895953168e-19
-1.518479999999986418e+01;1.048140016816282610e-17;2.176687849531562802e-01;1.023407619966976651e-17;2.263500347805705041e-18
-1.511819999999986486e+01;1.573958999621062429e-17;2.722092596444834478e-01;1.516004673728519321e-17;4.231746232011337207e-18
-1.505159999999986553e+01;2.057164753794470866e-17;-2.418704798425349578e-01;1.997284098452759860e-17;-4.927302043938576890e-18
-1.498499999999986620e+01;2.575998635740064914e-17;-2.945679869828223829e-01;2.465044337466832984e-17;-7.478805958556333365e-18
-1.491839999999986510e+01;2.543655159462138854e-17;-4.243485551746943307e-01;2.318051118337252014e-17;-1.047292023761173651e-17
-1.485179999999986755e+01;2.289889441825469652e-17;-5.302432480992268493e-01;1.975451154894788595e-17;-1.158096019511597319e-17
-1.478519999999986823e+01;2.655085528712560930e-17;-6.215591091863849060e-01;2.158509052293006650e-17;-1.546065275448616034e-17
-1.471859999999986712e+01;2.763040675563574240e-17;-7.777816678368009162e-01;1.968588825768286669e-17;-1.938827431691394853e-17
-1.465199999999986957e+01;2.282707381976342506e-17;-8.953064106717649739e-01;1.427330638674921183e-17;-1.781426462032359073e-17
-1.458539999999987025e+01;2.405618035611605204e-17;-9.858369875037074070e-01;1.328299243463038235e-17;-2.005646841563927518e-17
-1.451879999999986914e+01;2.199021415680300187e-17;-1.029767284345958434e+00;1.132536354560134795e-17;-1.884955328972077392e-17
-1.445219999999986982e+01;1.864383012364126053e-17;-9.992621721014207647e-01;1.008487688576116948e-17;-1.568080546012332487e-17
-1.438559999999987227e+01;1.627761477662582633e-17;-1.108007253279700288e+00;7.267068409716810347e-18;-1.456538566412586831e-17
-1.431899999999987116e+01;1.294167134353086031e-17;-1.299425536589110086e+00;3.469044942605062609e-18;-1.246806257403908389e-17
-1.425239999999987184e+01;1.045829040410489899e-17;-1.310685742867694792e+00;2.689740700695833820e-18;-1.010648965465323672e-17
-1.418579999999987251e+01;8.781020849501015075e-18;-1.452799369160094001e+00;1.033731021413155320e-18;-8.719961429658942607e-18
-1.411919999999987319e+01;4.960773134137264975e-18;-1.479096702280342512e+00;4.542637714546639437e-19;-4.939930618371258892e-18
-1.405259999999987386e+01;2.038486943967574063e-18;-1.640885915145723128e+00;-1.427597579847530671e-19;-2.033481908507276587e-18
-1.398599999999987453e+01;4.767891248990473270e-19;3.079101545951294483e+00;-4.758584640294039687e-19;2.977569199155158836e-20
-1.391939999999987521e+01;2.519465499623949321e-18;1.347168463130671512e+00;5.587383419150336257e-19;2.456729099650467520e-18
-1.385279999999987588e+01;3.525778949533153985e-18;1.009704722523831810e+00;1.876104876073411379e-18;2.985188050181208063e-18
-1.378619999999987655e+01;6.846318412608256875e-18;6.959906737047388825e-01;5.253994227292137372e-18;4.389489772900688721e-18
-1.371959999999987723e+01;1.021989339534264638e-17;5.196548228699169325e-01;8.870771805225853316e-18;5.075000353869771287e-18
-1.365299999999987790e+01;1.103711049149218740e-17;7.736780235173182363e-02;1.100409412528806427e-17;8.530653452154887529e-19
-1.358639999999987857e+01;1.550935880103995980e-17;-5.833689858088968866e-02;1.548297560821219688e-17;-9.042547953435012464e-19
-1.351979999999987925e+01;1.591374210488290596e-17;-3.576533558603443019e-01;1.490673495919001677e-17;-5.571035867519190309e-18
-1.345319999999987814e+01;1.917852710456722693e-17;-6.493242873653578551e-01;1.527555393723550228e-17;-1.159626464906819649e-17
-1.338659999999988059e+01;1.934328226518826790e-17;-9.425227259807255065e-01;1.136899292488760019e-17;-1.564955490308278858e-17
-1.331999999999988127e+01;2.336348788838165793e-17;-1.082890478109886034e+00;1.095226854323209118e-17;-2.063735399869579277e-17
-1.325339999999988017e+01;2.534383327572587448e-17;-1.397351878232355737e+00;4.373740787235068867e-18;-2.496357900289673234e-17
-1.318679999999988262e+01;2.971411491248478659e-17;-1.616552537130684364e+00;-1.359130922955554409e-18;-2.968301514615078262e-17
-1.312019999999988329e+01;3.162632889822524811e-17;-1.830099675227675693e+00;-8.109220098512676573e-18;-3.056902401079556021e-17
-1.305359999999988219e+01;2.956444496930415954e-17;-2.126577166238220240e+00;-1.559840147323219321e-17;-2.511466260619245984e-17
-1.298699999999988464e+01;2.919205548088052291e-17;-2.336327774161264692e+00;-2.022776718462366145e-17;-2.104788678046964483e-17
-1.292039999999988531e+01;2.808146292604368380e-17;-2.577366266087504076e+00;-2.372890783684005544e-17;-1.501690690313809005e-17
-1.285379999999988421e+01;2.534704590694109723e-17;-2.789360884443750077e+00;-2.379086669318583926e-17;-8.744563922554415246e-18
-1.278719999999988488e+01;1.707599232381872252e-17;-3.042395622577600989e+00;-1.699204687597955977e-17;-1.691111116286927070e-18
-1.272059999999988555e+01;1.025314012474854869e-17;3.037192998996098847e+00;-1.019731489405460227e-17;1.068480869843203389e-18
-1.265399999999988623e+01;6.317825017556254028e-19;2.804692559242385475e+00;-5.962661615062394961e-19;2.088439469249992249e-19
-1.258739999999988690e+01;9.536335705217802127e-18;-3.712932398634884446e-01;8.886519401381837537e-18;-3.459981446695356171e-18
-1.252079999999988758e+01;1.715947913315503820e-17;-6.093910677497723638e-01;1.407071632010480556e-17;-9.821540936142319572e-18
-1.245419999999988825e+01;2.259680979398738257e-17;-6.954358877042104981e-01;1.734925417616041312e-17;-1.447823167367564131e-17
-1.238759999999988892e+01;1.984312303577224890e-17;-7.687704427494623793e-01;1.426256345881029805e-17;-1.379597098417521442e-17
-1.232099999999988960e+01;1.539087396775924929e-17;-6.400161737904676018e-01;1.234480605892975787e-17;-9.191559435637703299e-18
-1.225439999999989027e+01;1.266618337726589499e-17;1.391152516524836735e-01;1.254381625585636585e-17;1.756381247292411027e-18
-1.218779999999989094e+01;2.335922430176495149e-17;7.866713989530900175e-01;1.649642189936800909e-17;1.653848313776743508e-17
-1.212119999999989162e+01;3.660703991004596441e-17;8.866019225432487660e-01;2.313744068362787155e-17;2.836783759096382249e-17
-1.205459999999989229e+01;4.903873220562137804e-17;8.536259710061300243e-01;3.223093684529451156e-17;3.695894974710839935e-17
-1.198799999999989119e+01;5.975795856891252359e-17;7.580080097943340256e-01;4.339664163477517815e-17;4.108217505374762333e-17
-1.192139999999989364e+01;6.463258718797065872e-17;6.200516523590818840e-01;5.260113049782597737e-17;3.755652269528304501e-17
-1.185479999999989431e+01;6.234357452676450301e-17;4.502256382677801705e-01;5.613097090194564179e-17;2.712997217800215639e-17
-1.178819999999989321e+01;5.562280037344521752e-17;2.885761888008136489e-01;5.332280014007165637e-17;1.582955800412984997e-17
-1.172159999999989566e+01;4.386188688498684816e-17;5.972776075728514905e-02;4.378367357450845383e-17;2.618214932405513536e-18
-1.165499999999989633e+01;3.433250064376232437e-17;-1.186780341052498106e-01;3.409100664963091364e-17;-4.064955850776387428e-18
-1.158839999999989523e+01;2.244026217408071158e-17;-3.686104260945616828e-01;2.093292590288814124e-17;-8.085665067616402245e-18
-1.152179999999989768e+01;1.480846739357457410e-17;-5.307871131204623394e-01;1.277095394756486725e-17;-7.496228506104829087e-18
-1.145519999999989835e+01;1.030685653951946681e-17;-7.338475543562443804e-01;7.653903368626819182e-18;-6.902829488692172167e-18
-1.138859999999989725e+01;2.928257548146208277e-18;-1.379823903134652419e+00;5.558234866932865846e-19;-2.875022177291048621e-18
-1.132199999999989970e+01;4.839719679050062742e-19;2.170635462445150043e+00;-2.732068699327217218e-19;3.994832561439956998e-19
-1.125539999999989860e+01;1.285235162045216739e-18;2.363866460227811661e+00;-9.157439595428730454e-19;9.017995466389055383e-19
-1.118879999999989927e+01;9.763088895594894416e-19;3.768418153957522887e-01;9.078026983578805686e-19;3.592677395578882918e-19
-1.112219999999990172e+01;2.133885704742049433e-18;1.041460721817026869e+00;1.077526893347006865e-18;1.841847983688235957e-18
-1.105559999999990062e+01;2.459280494522912897e-18;9.656707385814820022e-01;1.398999504373635220e-18;2.022587683514162862e-18
-1.098899999999990129e+01;2.104666166508954713e-18;1.090321853638434701e+00;9.727766575994007173e-19;1.866366857527543052e-18
-1.092239999999990196e+01;2.276201646180227793e-18;1.356834960527090406e+00;4.833117971992267006e-19;2.224298460360396776e-18
-1.085579999999990264e+01;4.055084788137845068e-18;1.680039733055164630e+00;-4.421106819104667595e-19;4.030911904758973422e-18
-1.078919999999990331e+01;4.793897840035656718e-18;1.712160726816356560e+00;-6.754316103753799497e-19;4.746077184412856002e-18
-1.072259999999990399e+01;6.650321212086181625e-18;1.725094190282954409e+00;-1.022063542363955143e-18;6.571313288779789581e-18
-1.065599999999990466e+01;7.530439506672168184e-18;1.528202337732984528e+00;3.206544796660698507e-19;7.523609497330323438e-18
-1.058939999999990533e+01;1.234982123156572077e-17;1.472519043996060040e+00;1.211754067649835141e-18;1.229022931157777763e-17
-1.052279999999990423e+01;1.210931666039800433e-17;1.338262466891648517e+00;2.790518439393171853e-18;1.178340175081879018e-17
-1.045619999999990668e+01;1.317053256629890542e-17;1.139041921797119050e+00;5.511404988964441127e-18;1.196191218524688422e-17
-1.038959999999990735e+01;1.574690625398253905e-17;9.184174680664325408e-01;9.559607637452510562e-18;1.251315141719599055e-17
-1.032299999999990625e+01;1.332595116877686525e-17;6.599741720891353358e-01;1.052760892060051469e-17;8.170093326732438602e-18
-1.025639999999990870e+01;1.406070936684673667e-17;5.045640608621615453e-01;1.230853831342876845e-17;6.797310680393212304e-18
-1.018979999999990937e+01;1.248735852767799966e-17;2.647641333790718421e-01;1.205222715038234047e-17;3.267712305935028104e-18
-1.012319999999990827e+01;8.303683602258994066e-18;3.873392758637014821e-02;8.297455301576784318e-18;3.215538598123173530e-19
-1.005659999999991072e+01;5.887135252590265788e-18;3.104122806355844033e-01;5.605775631397589154e-18;1.798232758215691264e-18
-9.989999999999911395e+00;1.274471659178056253e-18;-1.777069560828226313e+00;-2.610290882520840899e-19;-1.247454137487368227e-18
-9.923399999999910293e+00;5.708465978940083683e-18;2.679244911051082756e+00;-5.109121309771719675e-18;2.546264572811098575e-18
-9.856799999999912743e+00;1.462607699602618405e-17;2.676814505436819758e+00;-1.307455776980252258e-17;6.555765967282757244e-18
-9.790199999999911640e+00;2.495276502448739379e-17;2.407023329926675448e+00;-1.851793326940801690e-17;1.672503003874829990e-17
-9.723599999999912313e+00;2.431796756887622758e-17;2.471237202320817339e+00;-1.905558093541862372e-17;1.510789137817141546e-17
-9.656999999999914763e+00;3.510711994747585950e-17;2.219492311509361659e+00;-2.120988879058058461e-17;2.797589120113354360e-17
-9.590399999999913661e+00;3.830064329457868870e-17;2.195078664312129391e+00;-2.238730528416538903e-17;3.107648369574871289e-17
-9.523799999999914334e+00;4.451493311592863011e-17;1.850093720821870180e+00;-1.227189176810033869e-17;4.278995142259022197e-17
-9.457199999999916784e+00;4.444996709154085764e-17;1.820890243430220323e+00;-1.100114261208955803e-17;4.306709225925907358e-17
-9.390599999999915681e+00;4.086563596475836336e-17;1.680862292436989591e+00;-4.488839504279577655e-18;4.061835204324482926e-17
-9.323999999999916355e+00;3.501782528193612992e-17;1.668166365977993282e+00;-3.404301742428801896e-18;3.485195571446029737e-17
-9.257399999999917029e+00;2.659157162985783291e-17;1.798091078721292924e+00;-5.992216106827423863e-18;2.590762489837572812e-17
-9.190799999999917702e+00;1.972307584203613385e-17;2.151139876221797476e+00;-1.081438477724923181e-17;1.649390198104467422e-17
-9.124199999999918376e+00;2.100548225155028987e-17;2.721863919421777300e+00;-1.918219627156109714e-17;8.560001800204350823e-18
-9.057599999999917273e+00;2.756659125555222278e-17;2.952537234227533780e+00;-2.707541495527612301e-17;5.180623365030345014e-18
-8.990999999999919723e+00;3.276981611897693022e-17;3.008746915982355663e+00;-3.248108043405039011e-17;4.340537099059195748e-18
-8.924399999999920396e+00;3.270058841583234412e-17;2.938518349997646162e+00;-3.202862982873789068e-17;6.595100760060452210e-18
-8.857799999999919294e+00;3.042253065553565660e-17;2.919229014351999663e+00;-2.967349471859079811e-17;6.709253510843864362e-18
-8.791199999999921744e+00;2.266583304510191976e-17;2.779543946026319379e+00;-2.119647855921457595e-17;8.028031160701296546e-18
-8.724599999999922417e+00;1.236555185052029882e-17;2.734300618711683395e+00;-1.135401111624708442e-17;4.898296044548922812e-18
-8.657999999999921314e+00;9.222644444643275622e-19;2.183678732017594548e+00;-5.305119950421764825e-19;7.544062093060107959e-19
-8.591399999999923764e+00;1.255536259839755818e-17;-7.149161495281808332e-01;9.481159622046977708e-18;-8.230719421685221344e-18
-8.524799999999924438e+00;2.345026030631110901e-17;-1.058921357577216726e+00;1.148623665101390150e-17;-2.044458549422451200e-17
-8.458199999999923335e+00;3.289142047719879879e-17;-1.112110248070057761e+00;1.456334679771911912e-17;-2.949160000843048360e-17
-8.391599999999925785e+00;3.856733373803280420e-17;-1.334409185058231140e+00;9.032152395201766669e-18;-3.749479236868307677e-17
-8.324999999999924682e+00;4.429642616292781607e-17;-1.497198397628079380e+00;3.257182869711912109e-18;-4.417651107275190030e-17
-8.258399999999927132e+00;4.835076189303971200e-17;-1.723833852605802575e+00;-7.370631537306132702e-18;-4.778566695546572870e-17
-8.191799999999926030e+00;5.336549551345225389e-17;-1.926656534378307750e+00;-1.859236824916246878e-17;-5.002199470516772506e-17
-8.125199999999926703e+00;5.260324799145263540e-17;-2.137924088695796421e+00;-2.825907954722529147e-17;-4.436807548670393980e-17
-8.058599999999927377e+00;5.198624898551011425e-17;-2.355928622674808182e+00;-3.675005464249671362e-17;-3.676960113132800109e-17
-7.991999999999928050e+00;5.157513483162773991e-17;-2.579188882998642018e+00;-4.363131670823918334e-17;-2.750095880521094185e-17
-7.925399999999929612e+00;4.845057094651772702e-17;-2.852381493170615734e+00;-4.643837744458802373e-17;-1.381792044258201124e-17
-7.858799999999929398e+00;4.517615835244781807e-17;-3.053631856586576543e+00;-4.500150473715879208e-17;-3.968608682764689959e-18
-7.792199999999930071e+00;4.013889065367130369e-17;2.963560836401566423e+00;-3.950446136527521990e-17;7.108310287744852062e-18
-7.725599999999930745e+00;3.551379723680715638e-17;2.789500308127433215e+00;-3.333513929461095356e-17;1.224737859241465187e-17
-7.658999999999931418e+00;3.031417641999045289e-17;2.618289326484717350e+00;-2.625732386752005884e-17;1.514933118452648979e-17
-7.592399999999932092e+00;2.373376367525328411e-17;2.375796458795164767e+00;-1.710802630224398985e-17;1.645013599440747168e-17
-7.525799999999932766e+00;1.684805556426233640e-17;2.231494518703756480e+00;-1.033911708864573754e-17;1.330261756661991544e-17
-7.459199999999932551e+00;1.207726972524047131e-17;2.031069369417126236e+00;-5.364635663067413283e-18;1.082040332976342112e-17
-7.392599999999934113e+00;4.427024372310945603e-18;1.812073898637204028e+00;-1.057808194078437830e-18;4.298788971044710034e-18
-7.325999999999934786e+00;1.485639683260706365e-18;2.213220572980227452e+00;-8.901034295057243612e-19;1.189470955198620901e-18
-7.259399999999934572e+00;5.757196815938075180e-18;-2.058496942038301913e+00;-2.697798380681906090e-18;-5.085980640411207597e-18
-7.192799999999936134e+00;1.016881155394022016e-17;-2.257312158666024082e+00;-6.445462290261737706e-18;-7.865160156307181435e-18
-7.126199999999935919e+00;1.311729758384326084e-17;-2.189634424462004514e+00;-7.609201628835018496e-18;-1.068473427254205366e-17
-7.059599999999936593e+00;1.651446851417914325e-17;-2.593436628142875122e+00;-1.409488243935339096e-17;-8.605925826232859257e-18
-6.992999999999937266e+00;1.897767032117415995e-17;-2.492075647088261903e+00;-1.511336130837782018e-17;-1.147772977472474264e-17
-6.926399999999937940e+00;2.013771780437197802e-17;-3.027831035663080428e+00;-2.000755006918754595e-17;-2.285961197718264358e-18
-6.859799999999938613e+00;1.977734377559778616e-17;2.696228482515407254e+00;-1.784813993889152970e-17;8.519813820731150534e-18
-6.793199999999939287e+00;2.087109807119616120e-17;2.401370103100998854e+00;-1.540951734831440879e-17;1.407655887599968257e-17
-6.726599999999939072e+00;2.006934914173454094e-17;2.098427043311166251e+00;-1.010467023254195286e-17;1.733996581497269300e-17
-6.659999999999940634e+00;1.859979810688944128e-17;1.906226571224588051e+00;-6.122597222494197740e-18;1.756320850152825350e-17
-6.593399999999941308e+00;2.188941089995608612e-17;1.299795785639188184e+00;5.859698885227368320e-18;2.109052485173333605e-17
-6.526799999999941093e+00;2.027543043736544611e-17;1.173042391081739133e+00;7.853659585675362375e-18;1.869259507218766568e-17
-6.460199999999942655e+00;2.237384227059819063e-17;8.088486904213338935e-01;1.544537602827953143e-17;1.618731532078912899e-17
-6.393599999999942440e+00;2.192351137671371955e-17;7.472459527349942787e-01;1.608228460310302810e-17;1.489968029957995736e-17
-6.326999999999943114e+00;1.723523704313843433e-17;3.596531955004383385e-01;1.613250826783205023e-17;6.065935453126889404e-18
-6.260399999999943788e+00;1.693836343379418066e-17;2.373970142858357613e-01;1.646330026916944589e-17;3.983453283579593655e-18
-6.193799999999944461e+00;1.013047722178290078e-17;7.696014689206671922e-02;1.010049130589413503e-17;7.788736230090177497e-19
-6.127199999999945135e+00;7.533960391958303904e-18;-4.443435682272852683e-01;6.802360379962210884e-18;-3.238588033189290280e-18
-6.060599999999945808e+00;3.390783328130222133e-18;-2.602012628196347932e-01;3.276643518269859777e-18;-8.723639335197106841e-19
-5.993999999999945594e+00;2.033539365510075910e-19;2.868252834846197974e+00;-1.958043582583969661e-19;5.489514366324723878e-20
-5.927399999999947156e+00;3.295059616194870705e-18;2.051880614542745285e+00;-1.524758066901644255e-18;2.921049590762992923e-18
-5.860799999999947829e+00;4.745403796284123580e-18;2.572474440295797304e+00;-3.997416584806454294e-18;2.557248098503952114e-18
-5.794199999999947615e+00;6.748786518629568408e-18;2.644952572061713081e+00;-5.933455064546962445e-18;3.215622874504751216e-18
-5.727599999999949176e+00;8.294383540429348564e-18;2.597701369481582923e+00;-7.097516797556062216e-18;4.292091986916731605e-18
-5.660999999999949850e+00;1.089628387283978638e-17;2.810420313947120441e+00;-1.030419947516087522e-17;3.542947277846901162e-18
-5.594399999999949635e+00;1.532991540701998932e-17;2.627808262683166696e+00;-1.335068243031988488e-17;7.534293930497852025e-18
-5.527799999999950309e+00;2.038978284260622234e-17;2.619787184803636926e+00;-1.767632408405926422e-17;1.016320870807766192e-17
-5.461199999999950982e+00;2.533506894422947979e-17;2.396675679338311493e+00;-1.862492871137116512e-17;1.717491627068973803e-17
-5.394599999999951656e+00;2.964602318262387912e-17;2.068551744190566311e+00;-1.415462794636503464e-17;2.604866979798880900e-17
-5.327999999999952330e+00;3.254215938656091725e-17;1.896265235376329628e+00;-1.040545674463600753e-17;3.083372516378525596e-17
-5.261399999999952115e+00;3.521075850022545717e-17;1.576297257451632960e+00;-1.936909640215987235e-19;3.521022575860108776e-17
-5.194799999999953677e+00;3.323139484522315575e-17;1.309992408678389841e+00;8.568959981376484590e-18;3.210760857174966629e-17
-5.128199999999954350e+00;3.449215913269680628e-17;1.024879889256685495e+00;1.790838225845806260e-17;2.947878705985414254e-17
-5.061599999999954136e+00;3.255845268667896029e-17;6.529545488040974233e-01;2.586092741367172376e-17;1.978042655393242028e-17
-4.994999999999955698e+00;2.903727323492093603e-17;3.145091306505179429e-01;2.761294689032040261e-17;8.982672261181543310e-18
-4.928399999999956371e+00;2.437722879272196508e-17;2.949558367363416464e-02;2.436662559546677896e-17;7.189163393998221546e-19
-4.861799999999956157e+00;1.916174718005395989e-17;-3.653714924743410863e-01;1.789690118738079647e-17;-6.846421173243270060e-18
-4.795199999999956830e+00;1.393882542323846058e-17;-6.717493689707000337e-01;1.091039443906375116e-17;-8.674914833216841446e-18
-4.728599999999958392e+00;5.806394156935368348e-18;-7.708672748665096330e-01;4.164965194109352201e-18;-4.045649272681807631e-18
-4.661999999999958177e+00;1.447705575531093038e-18;-1.093651744548313376e+00;6.648509033808423609e-19;-1.286011162353379969e-18
-4.595399999999958851e+00;3.950833140085084342e-18;2.285768756484923614e+00;-2.590152767064018422e-18;2.983318813681362645e-18
-4.528799999999958636e+00;7.187278863569228670e-18;2.204729290826797250e+00;-4.257155622084072982e-18;5.790820621644824519e-18
-4.462199999999960198e+00;1.079976354249499424e-17;1.901025179566339762e+00;-3.501926189053035288e-18;1.021623245331802803e-17
-4.395599999999960872e+00;1.224936678122489510e-17;1.472230592630073609e+00;1.205413808487755265e-18;1.218991239063197686e-17
-4.328999999999960657e+00;1.523947597785410350e-17;1.054224303945545449e+00;7.526813149528269205e-18;1.325098909107092292e-17
-4.262399999999962219e+00;4.823912340955532324e-17;5.405523930052672510e-01;4.136140845959267300e-17;2.482432108962990329e-17
-4.195799999999962893e+00;2.494850077755338782e-16;2.857529822815692011e-01;2.393683093887689175e-16;7.032482893772875004e-17
-4.129199999999963566e+00;1.327700226547141832e-15;1.201253159184510200e-01;1.318132322437726688e-15;1.591071089494659094e-16
-4.062599999999963352e+00;6.713090626017063648e-15;-3.471662188337896332e-02;6.709045576768723608e-15;-2.330090169032030526e-16
-3.995999999999964025e+00;3.182642255835469066e-14;-1.886052032177369664e-01;3.126203504605627801e-14;-5.967104628050121447e-15
-3.929399999999964699e+00;1.413894023967216939e-13;-3.424739501729994751e-01;1.331784604098792961e-13;-4.748116250636990563e-14
-3.862799999999965372e+00;5.880065312615852265e-13;-4.963847184445871474e-01;5.170400708152564548e-13;-2.800379366757943974e-13
-3.796199999999966046e+00;2.284451459298001278e-12;-6.503135947297170594e-01;1.818181155241185080e-12;-1.383089207757257031e-12
-3.729599999999966276e+00;8.258955469837365053e-12;-8.042490482435107335e-01;5.728843858436173390e-12;-5.949007774277546835e-12
-3.662999999999967393e+00;2.759679513028325520e-11;-9.581860687234557972e-01;1.586829515422920865e-11;-2.257831504698903615e-11
-3.596399999999968067e+00;8.420499004703007978e-11;-1.112123889359150741e+00;3.728244564360127414e-11;-7.550165293324611301e-11
-3.529799999999968296e+00;2.292190330457134276e-10;-1.266061865246771667e+00;6.877485153142023381e-11;-2.186581462174299559e-10
-3.463199999999968970e+00;5.279713004407708289e-10;-1.419999888285235823e+00;7.931479502144358867e-11;-5.219797480552526923e-10
-3.396599999999969643e+00;8.684077859559078655e-10;-1.573937922782884691e+00;-2.728181928602668123e-12;-8.684035005296825191e-10
-3.329999999999970317e+00;1.316747430638619333e-18;2.028965199037836786e+00;-5.824060488156940148e-19;1.180943262987810647e-18
-3.263399999999970547e+00;8.114619524786422068e-09;1.259778654051428859e+00;2.483297880721326271e-09;7.725301396557287340e-09
-3.196799999999971220e+00;4.609981904870312499e-08;1.105840614032027824e+00;2.067038512752729806e-08;4.120592791095560391e-08
-3.130199999999971894e+00;1.870182681175694505e-07;9.519025740271562785e-01;1.084957409373019804e-07;1.523302557214453707e-07
-3.063599999999972567e+00;6.419713309357065280e-07;7.979645340092141881e-01;4.482021832457168276e-07;4.596106968697915126e-07
-2.996999999999972797e+00;1.965988197443065321e-06;6.440264939840576464e-01;1.572170600264091990e-06;1.180419076493885338e-06
-2.930399999999973915e+00;5.497835956680866785e-06;4.900884539592858524e-01;4.850692428960015337e-06;2.587853003206135754e-06
-2.863799999999974588e+00;1.420994897499821825e-05;3.361504139337271324e-01;1.341463893623896161e-05;4.687228614266061121e-06
-2.797199999999974818e+00;3.417706266243076071e-05;1.822123739080131755e-01;3.361126839619365088e-05;6.193080738271741142e-06
-2.730599999999975491e+00;7.678994985499168458e-05;2.827433388222569746e-02;7.675925749949763749e-05;2.170895404655149168e-06
-2.663999999999976165e+00;1.615026964723520670e-04;-1.256637061436331748e-01;1.602291994721494780e-04;-2.024165517824087535e-05
-2.597399999999976838e+00;3.181517370461283637e-04;-2.796017461695073925e-01;3.057964485307964860e-04;-8.780125199233062942e-05
-2.530799999999977068e+00;5.866709233312142942e-04;-4.335397861953991794e-01;5.323947252542308561e-04;-2.464520821656242169e-04
-2.464199999999978186e+00;1.010606908459012708e-03;-5.874778262212959623e-01;8.411698415389467186e-04;-5.601425007178320158e-04
-2.397599999999978415e+00;1.619986652620981470e-03;-7.414158662471904693e-01;1.194761406253133911e-03;-1.094030135233105055e-03
-2.330999999999979089e+00;2.400106317280394606e-03;-8.953539062730890841e-01;1.500648849304504588e-03;-1.873115950850433829e-03
-2.264399999999979318e+00;3.247095952734267970e-03;-1.049291946298987810e+00;1.617654839260364817e-03;-2.815461764485674423e-03
-2.197799999999980436e+00;3.919163972637988193e-03;-1.203229986324886980e+00;1.408333529759631456e-03;-3.657381975317639498e-03
-2.131199999999981110e+00;4.002566339058774916e-03;-1.357168026350786150e+00;8.485725218151673761e-04;-3.911580495629178762e-03
-2.064599999999981783e+00;2.919022175836286353e-03;-1.511106066376685542e+00;1.741337465334757788e-04;-2.913823587889668651e-03
-1.997999999999982013e+00;1.639168786321581740e-18;7.510235748606459705e-01;1.198217265402470812e-18;1.118548029787899814e-18
-1.931399999999982686e+00;5.362320531026130467e-03;1.322610507161307236e+00;1.317231362224872797e-03;5.198017219655545577e-03
-1.864799999999983138e+00;1.350732316333217234e-02;1.168672467135407622e+00;5.286410595588335662e-03;1.242986894756100032e-02
-1.798199999999984033e+00;2.429626757716110350e-02;1.014734427109507564e+00;1.282467579762082942e-02;2.063580162889070910e-02
-1.731599999999984485e+00;3.697912459870488638e-02;8.607963870836077280e-01;2.410424054553904349e-02;2.804355975637422976e-02
-1.664999999999985159e+00;5.021198143003843817e-02;7.068583470577076699e-01;3.818149022399906778e-02;3.261007334253004930e-02
-1.598399999999985610e+00;6.225922233613184753e-02;5.529203070318077229e-01;5.298225464887688918e-02;3.269696405205629874e-02
-1.531799999999986284e+00;7.134932913949822153e-02;3.989822670059076648e-01;6.574532742361520465e-02;2.771784065575961034e-02
-1.465199999999986957e+00;7.608824575474695817e-02;2.450442269800076067e-01;7.381523088695533807e-02;1.845894989267381214e-02
-1.398599999999987409e+00;7.580060672537677902e-02;9.110618695410757639e-02;7.548623896045841830e-02;6.896354655889363160e-03
-1.331999999999988082e+00;7.068602122295691847e-02;-6.283185307179253720e-02;7.054653850675908500e-02;-4.438411996049301811e-03
-1.265399999999988534e+00;6.174098003263639445e-02;-2.167698930976925675e-01;6.029607205701000699e-02;-1.327901765516797949e-02
-1.198799999999989208e+00;5.047998828785652675e-02;-3.707079331235927366e-01;4.705093884033995089e-02;-1.828765626822426160e-02
-1.132199999999989659e+00;3.855603849117762022e-02;-5.246459731494927947e-01;3.337030260340088927e-02;-1.931297512789333093e-02
-1.065599999999990555e+00;2.740356341785339656e-02;-6.785840131753927418e-01;2.133264104940008760e-02;-1.720098002596838482e-02
-9.989999999999910063e-01;1.800161813139159947e-02;-8.325220532012931329e-01;1.211531426585099776e-02;-1.331455652990793694e-02
-9.323999999999915689e-01;1.079845563231959446e-02;-9.864600932271931910e-01;5.956923458733436039e-03;-9.006758959246442819e-03
-8.657999999999922425e-01;5.778903218145867854e-03;-1.140398133253093915e+00;2.411147471695713942e-03;-5.251865409017259824e-03
-7.991999999999928050e-01;2.616832874077136984e-03;-1.294336173278994639e+00;7.142695979047201070e-04;-2.517465636778353118e-03
-7.325999999999934786e-01;8.461752227893199873e-04;-1.448274213304895364e+00;1.034159817425103100e-04;-8.398319131723847985e-04
-6.659999999999940412e-01;2.421355056007774184e-19;1.754974581221860896e+00;-4.434439334207755818e-20;2.380402861947263644e-19
-5.993999999999946038e-01;3.055952727839743137e-04;1.385442360233095194e+00;5.631951228097949169e-05;3.003607552333431531e-04
-5.327999999999952774e-01;3.413098099627660548e-04;1.231504320207199132e+00;1.135945754930348968e-04;3.218519206022805025e-04
-4.661999999999957844e-01;2.722108854240454950e-04;1.077566280181288638e+00;1.288846146398151535e-04;2.397655568518738489e-04
-3.995999999999964025e-01;1.837021176362997599e-04;9.236282401553774779e-01;1.107594335937606963e-04;1.465565279816979916e-04
-3.329999999999970206e-01;1.106085648061190790e-04;7.696902001294264606e-01;7.943091914512364975e-05;7.697391566128276841e-05
-2.663999999999976387e-01;6.084295213584350735e-05;6.157521601035238490e-01;4.966848995799863790e-05;3.514122834928701050e-05
-1.997999999999982013e-01;3.102244617430099873e-05;4.618141200775675026e-01;2.777270993793550048e-05;1.382276200115959513e-05
-1.331999999999988193e-01;1.498322214261569049e-05;3.078760800515876195e-01;1.427870117127707749e-05;4.540444761952266445e-06
-6.659999999999940967e-02;7.486119056686472643e-06;1.539380400256397663e-01;7.397595093291382724e-06;1.147852502108009110e-06
0.000000000000000000e+00;5.336131387609466537e-06;-0.000000000000000000e+00;5.336131387609466537e-06;-0.000000000000000000e+00
6.659999999999940967e-02;7.486119056686472643e-06;-1.539380400256397663e-01;7.397595093291382724e-06;-1.147852502108009110e-06
1.331999999999988193e-01;1.498322214261569049e-05;-3.078760800515876195e-01;1.427870117127707749e-05;-4.540444761952266445e-06
1.997999999999982013e-01;3.102244617430099873e-05;-4.618141200775675026e-01;2.777270993793550048e-05;-1.382276200115959513e-05
2.663999999999976387e-01;6.084295213584350735e-05;-6.157521601035238490e-01;4.966848995799863790e-05;-3.514122834928701050e-05
3.329999999999970206e-01;1.106085648061190790e-04;-7.696902001294264606e-01;7.943091914512364975e-05;-7.697391566128276841e-05
3.995999999999964025e-01;1.837021176362997599e-04;-9.236282401553774779e-01;1.107594335937606963e-04;-1.465565279816979916e-04
4.661999999999957844e-01;2.722108854240454950e-04;-1.077566280181288638e+00;1.288846146398151535e-04;-2.397655568518738489e-04
5.327999999999952774e-01;3.413098099627660548e-04;-1.231504320207199132e+00;1.135945754930348968e-04;-3.218519206022805025e-04
5.993999999999946038e-01;3.055952727839743137e-04;-1.385442360233095194e+00;5.631951228097949169e-05;-3.003607552333431531e-04
6.659999999999940412e-01;2.421355056007774184e-19;-1.754974581221860896e+00;-4.434439334207755818e-20;-2.380402861947263644e-19
7.325999999999934786e-01;8.461752227893199873e-04;1.448274213304895364e+00;1.034159817425103100e-04;8.398319131723847985e-04
7.991999999999928050e-01;2.616832874077136984e-03;1.294336173278994639e+00;7.142695979047201070e-04;2.517465636778353118e-03
8.657999999999922425e-01;5.778903218145867854e-03;1.140398133253093915e+00;2.411147471695713942e-03;5.251865409017259824e-03
9.323999999999915689e-01;1.079845563231959446e-02;9.864600932271931910e-01;5.956923458733436039e-03;9.006758959246442819e-03
9.989999999999910063e-01;1.800161813139159947e-02;8.325220532012931329e-01;1.211531426585099776e-02;1.331455652990793694e-02
1.065599999999990555e+00;2.740356341785339656e-02;6.785840131753927418e-01;2.133264104940008760e-02;1.720098002596838482e-02
1.132199999999989659e+00;3.855603849117762022e-02;5.246459731494927947e-01;3.337030260340088927e-02;1.931297512789333093e-02
1.198799999999989208e+00;5.047998828785652675e-02;3.707079331235927366e-01;4.705093884033995089e-02;1.828765626822426160e-02
1.265399999999988534e+00;6.174098003263639445e-02;2.167698930976925675e-01;6.029607205701000699e-02;1.327901765516797949e-02
1.331999999999988082e+00;7.068602122295691847e-02;6.283185307179253720e-02;7.054653850675908500e-02;4.438411996049301811e-03
1.398599999999987409e+00;7.580060672537677902e-02;-9.110618695410757639e-02;7.548623896045841830e-02;-6.896354655889363160e-03
1.465199999999986957e+00;7.608824575474695817e-02;-2.450442269800076067e-01;7.381523088695533807e-02;-1.845894989267381214e-02
1.531799999999986284e+00;7.134932913949822153e-02;-3.989822670059076648e-01;6.574532742361520465e-02;-2.771784065575961034e-02
1.598399999999985610e+00;6.225922233613184753e-02;-5.529203070318077229e-01;5.298225464887688918e-02;-3.269696405205629874e-02
1.664999999999985159e+00;5.021198143003843817e-02;-7.068583470577076699e-01;3.818149022399906778e-02;-3.261007334253004930e-02
1.731599999999984485e+00;3.697912459870488638e-02;-8.607963870836077280e-01;2.410424054553904349e-02;-2.804355975637422976e-02
1.798199999999984033e+00;2.429626757716110350e-02;-1.014734427109507564e+00;1.282467579762082942e-02;-2.063580162889070910e-02
1.864799999999983138e+00;1.350732316333217234e-02;-1.168672467135407622e+00;5.286410595588335662e-03;-1.242986894756100032e-02
1.931399999999982686e+00;5.362320531026130467e-03;-1.322610507161307236e+00;1.317231362224872797e-03;-5.198017219655545577e-03
1.997999999999982013e+00;1.639168786321581740e-18;-7.510235748606459705e-01;1.198217265402470812e-18;-1.118548029787899814e-18
2.064599999999981783e+00;2.919022175836286353e-03;1.511106066376685542e+00;1.741337465334757788e-04;2.913823587889668651e-03
2.131199999999981110e+00;4.002566339058774916e-03;1.357168026350786150e+00;8.485725218151673761e-04;3.911580495629178762e-03
2.197799999999980436e+00;3.919163972637988193e-03;1.203229986324886980e+00;1.408333529759631456e-03;3.657381975317639498e-03
2.264399999999979318e+00;3.247095952734267970e-03;1.049291946298987810e+00;1.617654839260364817e-03;2.815461764485674423e-03
2.330999999999979089e+00;2.400106317280394606e-03;8.953539062730890841e-01;1.500648849304504588e-03;1.873115950850433829e-03
2.397599999999978415e+00;1.619986652620981470e-03;7.414158662471904693e-01;1.194761406253133911e-03;1.094030135233105055e-03
2.464199999999978186e+00;1.010606908459012708e-03;5.874778262212959623e-01;8.411698415389467186e-04;5.601425007178320158e-04
2.530799999999977068e+00;5.866709233312142942e-04;4.335397861953991794e-01;5.323947252542308561e-04;2.464520821656242169e-04
2.597399999999976838e+00;3.181517370461283637e-04;2.796017461695073925e-01;3.057964485307964860e-04;8.780125199233062942e-05
2.663999999999976165e+00;1.615026964723520670e-04;1.256637061436331748e-01;1.602291994721494780e-04;2.024165517824087535e-05
2.730599999999975491e+00;7.678994985499168458e-05;-2.827433388222569746e-02;7.675925749949763749e-05;-2.170895404655149168e-06
2.797199999999974818e+00;3.417706266243076071e-05;-1.822123739080131755e-01;3.361126839619365088e-05;-6.193080738271741142e-06
2.863799999999974588e+00;1.420994897499821825e-05;-3.361504139337271324e-01;1.341463893623896161e-05;-4.687228614266061121e-06
2.930399999999973915e+00;5.497835956680866785e-06;-4.900884539592858524e-01;4.850692428960015337e-06;-2.587853003206135754e-06
2.996999999999972797e+00;1.965988197443065321e-06;-6.440264939840576464e-01;1.572170600264091990e-06;-1.180419076493885338e-06
3.063599999999972567e+00;6.419713309357065280e-07;-7.979645340092141881e-01;4.482021832457168276e-07;-4.596106968697915126e-07
3.130199999999971894e+00;1.870182681175694505e-07;-9.519025740271562785e-01;1.084957409373019804e-07;-1.523302557214453707e-07
3.196799999999971220e+00;4.609981904870312499e-08;-1.105840614032027824e+00;2.067038512752729806e-08;-4.120592791095560391e-08
3.263399999999970547e+00;8.114619524786422068e-09;-1.259778654051428859e+00;2.483297880721326271e-09;-7.725301396557287340e-09
3.329999999999970317e+00;1.316747430638619333e-18;-2.028965199037836786e+00;-5.824060488156940148e-19;-1.180943262987810647e-18
3.396599999999969643e+00;8.684077859559078655e-10;1.573937922782884691e+00;-2.728181928602668123e-12;8.684035005296825191e-10
3.463199999999968970e+00;5.279713004407708289e-10;1.419999888285235823e+00;7.931479502144358867e-11;5.219797480552526923e-10
3.529799999999968296e+00;2.292190330457134276e-10;1.266061865246771667e+00;6.877485153142023381e-11;2.186581462174299559e-10
3.596399999999968067e+00;8.420499004703007978e-11;1.112123889359150741e+00;3.728244564360127414e-11;7.550165293324611301e-11
3.662999999999967393e+00;2.759679513028325520e-11;9.581860687234557972e-01;1.586829515422920865e-11;2.257831504698903615e-11
3.729599999999966276e+00;8.258955469837365053e-12;8.042490482435107335e-01;5.728843858436173390e-12;5.949007774277546835e-12
3.796199999999966046e+00;2.284451459298001278e-12;6.503135947297170594e-01;1.818181155241185080e-12;1.383089207757257031e-12
3.862799999999965372e+00;5.880065312615852265e-13;4.963847184445871474e-01;5.170400708152564548e-13;2.800379366757943974e-13
3.929399999999964699e+00;1.413894023967216939e-13;3.424739501729994751e-01;1.331784604098792961e-13;4.748116250636990563e-14
3.995999999999964025e+00;3.182642255835469066e-14;1.886052032177369664e-01;3.126203504605627801e-14;5.967104628050121447e-15
4.062599999999963352e+00;6.713090626017063648e-15;3.471662188337896332e-02;6.709045576768723608e-15;2.330090169032030526e-16
4.129199999999963566e+00;1.327700226547141832e-15;-1.201253159184510200e-01;1.318132322437726688e-15;-1.591071089494659094e-16
4.195799999999962893e+00;2.494850077755338782e-16;-2.857529822815692011e-01;2.393683093887689175e-16;-7.032482893772875004e-17
4.262399999999962219e+00;4.823912340955532324e-17;-5.405523930052672510e-01;4.136140845959267300e-17;-2.482432108962990329e-17
4.328999999999960657e+00;1.523947597785410350e-17;-1.054224303945545449e+00;7.526813149528269205e-18;-1.325098909107092292e-17
4.395599999999960872e+00;1.224936678122489510e-17;-1.472230592630073609e+00;1.205413808487755265e-18;-1.218991239063197686e-17
4.462199999999960198e+00;1.079976354249499424e-17;-1.901025179566339762e+00;-3.501926189053035288e-18;-1.021623245331802803e-17
4.528799999999958636e+00;7.187278863569228670e-18;-2.204729290826797250e+00;-4.257155622084072982e-18;-5.790820621644824519e-18
4.595399999999958851e+00;3.950833140085084342e-18;-2.285768756484923614e+00;-2.590152767064018422e-18;-2.983318813681362645e-18
4.661999999999958177e+00;1.447705575531093038e-18;1.093651744548313376e+00;6.648509033808423609e-19;1.286011162353379969e-18
4.728599999999958392e+00;5.806394156935368348e-18;7.708672748665096330e-01;4.164965194109352201e-18;4.045649272681807631e-18
4.795199999999956830e+00;1.393882542323846058e-17;6.717493689707000337e-01;1.091039443906375116e-17;8.674914833216841446e-18
4.861799999999956157e+00;1.916174718005395989e-17;3.653714924743410863e-01;1.789690118738079647e-17;6.846421173243270060e-18
4.928399999999956371e+00;2.437722879272196508e-17;-2.949558367363416464e-02;2.436662559546677896e-17;-7.189163393998221546e-19
4.994999999999955698e+00;2.903727323492093603e-17;-3.145091306505179429e-01;2.761294689032040261e-17;-8.982672261181543310e-18
5.061599999999954136e+00;3.255845268667896029e-17;-6.529545488040974233e-01;2.586092741367172376e-17;-1.978042655393242028e-17
5.128199999999954350e+00;3.449215913269680628e-17;-1.024879889256685495e+00;1.790838225845806260e-17;-2.947878705985414254e-17
5.194799999999953677e+00;3.323139484522315575e-17;-1.309992408678389841e+00;8.568959981376484590e-18;-3.210760857174966629e-17
5.261399999999952115e+00;3.521075850022545717e-17;-1.576297257451632960e+00;-1.936909640215987235e-19;-3.521022575860108776e-17
5.327999999999952330e+00;3.254215938656091725e-17;-1.896265235376329628e+00;-1.040545674463600753e-17;-3.083372516378525596e-17
5.394599999999951656e+00;2.964602318262387912e-17;-2.068551744190566311e+00;-1.415462794636503464e-17;-2.604866979798880900e-17
5.461199999999950982e+00;2.533506894422947979e-17;-2.396675679338311493e+00;-1.862492871137116512e-17;-1.717491627068973803e-17
5.527799999999950309e+00;2.038978284260622234e-17;-2.619787184803636926e+00;-1.767632408405926422e-17;-1.016320870807766192e-17
5.594399999999949635e+00;1.532991540701998932e-17;-2.627808262683166696e+00;-1.335068243031988488e-17;-7.534293930497852025e-18
5.660999999999949850e+00;1.089628387283978638e-17;-2.810420313947120441e+00;-1.030419947516087522e-17;-3.542947277846901162e-18
5.727599999999949176e+00;8.294383540429348564e-18;-2.597701369481582923e+00;-7.097516797556062216e-18;-4.292091986916731605e-18
5.794199999999947615e+00;6.748786518629568408e-18;-2.644952572061713081e+00;-5.933455064546962445e-18;-3.215622874504751216e-18
5.860799999999947829e+00;4.745403796284123580e-18;-2.572474440295797304e+00;-3.997416584806454294e-18;-2.557248098503952114e-18
5.927399999999947156e+00;3.295059616194870705e-18;-2.051880614542745285e+00;-1.524758066901644255e-18;-2.921049590762992923e-18
5.993999999999945594e+00;2.033539365510075910e-19;-2.868252834846197974e+00;-1.958043582583969661e-19;-5.489514366324723878e-20
6.060599999999945808e+00;3.390783328130222133e-18;2.602012628196347932e-01;3.276643518269859777e-18;8.723639335197106841e-19
6.127199999999945135e+00;7.533960391958303904e-18;4.443435682272852683e-01;6.802360379962210884e-18;3.238588033189290280e-18
6.193799999999944461e+00;1.013047722178290078e-17;-7.696014689206671922e-02;1.010049130589413503e-17;-7.788736230090177497e-19
6.260399999999943788e+00;1.693836343379418066e-17;-2.373970142858357613e-01;1.646330026916944589e-17;-3.983453283579593655e-18
6.326999999999943114e+00;1.723523704313843433e-17;-3.596531955004383385e-01;1.613250826783205023e-17;-6.065935453126889404e-18
6.393599999999942440e+00;2.192351137671371955e-17;-7.472459527349942787e-01;1.608228460310302810e-17;-1.489968029957995736e-17
6.460199999999942655e+00;2.237384227059819063e-17;-8.088486904213338935e-01;1.544537602827953143e-17;-1.618731532078912899e-17
6.526799999999941093e+00;2.027543043736544611e-17;-1.173042391081739133e+00;7.853659585675362375e-18;-1.869259507218766568e-17
6.593399999999941308e+00;2.188941089995608612e-17;-1.299795785639188184e+00;5.859698885227368320e-18;-2.109052485173333605e-17
6.659999999999940634e+00;1.859979810688944128e-17;-1.906226571224588051e+00;-6.122597222494197740e-18;-1.756320850152825350e-17
6.726599999999939072e+00;2.006934914173454094e-17;-2.098427043311166251e+00;-1.010467023254195286e-17;-1.733996581497269300e-17
6.793199999999939287e+00;2.087109807119616120e-17;-2.401370103100998854e+00;-1.540951734831440879e-17;-1.407655887599968257e-17
6.859799999999938613e+00;1.977734377559778616e-17;-2.696228482515407254e+00;-1.784813993889152970e-17;-8.519813820731150534e-18
6.926399999999937940e+00;2.013771780437197802e-17;3.027831035663080428e+00;-2.000755006918754595e-17;2.285961197718264358e-18
6.992999999999937266e+00;1.897767032117415995e-17;2.492075647088261903e+00;-1.511336130837782018e-17;1.147772977472474264e-17
7.059599999999936593e+00;1.651446851417914325e-17;2.593436628142875122e+00;-1.409488243935339096e-17;8.605925826232859257e-18
7.126199999999935919e+00;1.311729758384326084e-17;2.189634424462004514e+00;-7.609201628835018496e-18;1.068473427254205366e-17
7.192799999999936134e+00;1.016881155394022016e-17;2.257312158666024082e+00;-6.445462290261737706e-18;7.865160156307181435e-18
7.259399999999934572e+00;5.757196815938075180e-18;2.058496942038301913e+00;-2.697798380681906090e-18;5.085980640411207597e-18
7.325999999999934786e+00;1.485639683260706365e-18;-2.213220572980227452e+00;-8.901034295057243612e-19;-1.189470955198620901e-18
7.392599999999934113e+00;4.427024372310945603e-18;-1.812073898637204028e+00;-1.057808194078437830e-18;-4.298788971044710034e-18
7.459199999999932551e+00;1.207726972524047131e-17;-2.031069369417126236e+00;-5.364635663067413283e-18;-1.082040332976342112e-17
7.525799999999932766e+00;1.684805556426233640e-17;-2.231494518703756480e+00;-1.033911708864573754e-17;-1.330261756661991544e-17
7.592399999999932092e+00;2.373376367525328411e-17;-2.375796458795164767e+00;-1.710802630224398985e-17;-1.645013599440747168e-17
7.658999999999931418e+00;3.031417641999045289e-17;-2.618289326484717350e+00;-2.625732386752005884e-17;-1.514933118452648979e-17
7.725599999999930745e+00;3.551379723680715638e-17;-2.789500308127433215e+00;-3.333513929461095356e-17;-1.224737859241465187e-17
7.792199999999930071e+00;4.013889065367130369e-17;-2.963560836401566423e+00;-3.950446136527521990e-17;-7.108310287744852062e-18
7.858799999999929398e+00;4.517615835244781807e-17;3.053631856586576543e+00;-4.500150473715879208e-17;3.968608682764689959e-18
7.925399999999929612e+00;4.845057094651772702e-17;2.852381493170615734e+00;-4.643837744458802373e-17;1.381792044258201124e-17
7.991999999999928050e+00;5.157513483162773991e-17;2.579188882998642018e+00;-4.363131670823918334e-17;2.750095880521094185e-17
8.058599999999927377e+00;5.198624898551011425e-17;2.355928622674808182e+00;-3.675005464249671362e-17;3.676960113132800109e-17
8.125199999999926703e+00;5.260324799145263540e-17;2.137924088695796421e+00;-2.825907954722529147e-17;4.436807548670393980e-17
8.191799999999926030e+00;5.336549551345225389e-17;1.926656534378307750e+00;-1.859236824916246878e-17;5.002199470516772506e-17
8.258399999999927132e+00;4.835076189303971200e-17;1.723833852605802575e+00;-7.370631537306132702e-18;4.778566695546572870e-17
8.324999999999924682e+00;4.429642616292781607e-17;1.497198397628079380e+00;3.257182869711912109e-18;4.417651107275190030e-17
8.391599999999925785e+00;3.856733373803280420e-17;1.334409185058231140e+00;9.032152395201766669e-18;3.749479236868307677e-17
8.458199999999923335e+00;3.289142047719879879e-17;1.112110248070057761e+00;1.456334679771911912e-17;2.949160000843048360e-17
8.524799999999924438e+00;2.345026030631110901e-17;1.058921357577216726e+00;1.148623665101390150e-17;2.044458549422451200e-17
8.591399999999923764e+00;1.255536259839755818e-17;7.149161495281808332e-01;9.481159622046977708e-18;8.230719421685221344e-18
8.657999999999921314e+00;9.222644444643275622e-19;-2.183678732017594548e+00;-5.305119950421764825e-19;-7.544062093060107959e-19
8.724599999999922417e+00;1.236555185052029882e-17;-2.734300618711683395e+00;-1.135401111624708442e-17;-4.898296044548922812e-18
8.791199999999921744e+00;2.266583304510191976e-17;-2.779543946026319379e+00;-2.119647855921457595e-17;-8.028031160701296546e-18
8.857799999999919294e+00;3.042253065553565660e-17;-2.919229014351999663e+00;-2.967349471859079811e-17;-6.709253510843864362e-18
8.924399999999920396e+00;3.270058841583234412e-17;-2.938518349997646162e+00;-3.202862982873789068e-17;-6.595100760060452210e-18
8.990999999999919723e+00;3.276981611897693022e-17;-3.008746915982355663e+00;-3.248108043405039011e-17;-4.340537099059195748e-18
9.057599999999917273e+00;2.756659125555222278e-17;-2.952537234227533780e+00;-2.707541495527612301e-17;-5.180623365030345014e-18
9.124199999999918376e+00;2.100548225155028987e-17;-2.721863919421777300e+00;-1.918219627156109714e-17;-8.560001800204350823e-18
9.190799999999917702e+00;1.972307584203613385e-17;-2.151139876221797476e+00;-1.081438477724923181e-17;-1.649390198104467422e-17
9.257399999999917029e+00;2.659157162985783291e-17;-1.798091078721292924e+00;-5.992216106827423863e-18;-2.590762489837572812e-17
9.323999999999916355e+00;3.501782528193612992e-17;-1.668166365977993282e+00;-3.404301742428801896e-18;-3.485195571446029737e-17
9.390599999999915681e+00;4.086563596475836336e-17;-1.680862292436989591e+00;-4.488839504279577655e-18;-4.061835204324482926e-17
9.457199999999916784e+00;4.444996709154085764e-17;-1.820890243430220323e+00;-1.100114261208955803e-17;-4.306709225925907358e-17
9.523799999999914334e+00;4.451493311592863011e-17;-1.850093720821870180e+00;-1.227189176810033869e-17;-4.278995142259022197e-17
9.590399999999913661e+00;3.830064329457868870e-17;-2.195078664312129391e+00;-2.238730528416538903e-17;-3.107648369574871289e-17
9.656999999999914763e+00;3.510711994747585950e-17;-2.219492311509361659e+00;-2.120988879058058461e-17;-2.797589120113354360e-17
9.723599999999912313e+00;2.431796756887622758e-17;-2.471237202320817339e+00;-1.905558093541862372e-17;-1.510789137817141546e-17
9.790199999999911640e+00;2.495276502448739379e-17;-2.407023329926675448e+00;-1.851793326940801690e-17;-1.672503003874829990e-17
9.856799999999912743e+00;1.462607699602618405e-17;-2.676814505436819758e+00;-1.307455776980252258e-17;-6.555765967282757244e-18
9.923399999999910293e+00;5.708465978940083683e-18;-2.679244911051082756e+00;-5.109121309771719675e-18;-2.546264572811098575e-18
9.989999999999911395e+00;1.274471659178056253e-18;1.777069560828226313e+00;-2.610290882520840899e-19;1.247454137487368227e-18
1.005659999999991072e+01;5.887135252590265788e-18;-3.104122806355844033e-01;5.605775631397589154e-18;-1.798232758215691264e-18
1.012319999999990827e+01;8.303683602258994066e-18;-3.873392758637014821e-02;8.297455301576784318e-18;-3.215538598123173530e-19
1.018979999999990937e+01;1.248735852767799966e-17;-2.647641333790718421e-01;1.205222715038234047e-17;-3.267712305935028104e-18
1.025639999999990870e+01;1.406070936684673667e-17;-5.045640608621615453e-01;1.230853831342876845e-17;-6.797310680393212304e-18
1.032299999999990625e+01;1.332595116877686525e-17;-6.599741720891353358e-01;1.052760892060051469e-17;-8.170093326732438602e-18
1.038959999999990735e+01;1.574690625398253905e-17;-9.184174680664325408e-01;9.559607637452510562e-18;-1.251315141719599055e-17
1.045619999999990668e+01;1.317053256629890542e-17;-1.139041921797119050e+00;5.511404988964441127e-18;-1.196191218524688422e-17
1.052279999999990423e+01;1.210931666039800433e-17;-1.338262466891648517e+00;2.790518439393171853e-18;-1.178340175081879018e-17
1.058939999999990533e+01;1.234982123156572077e-17;-1.472519043996060040e+00;1.211754067649835141e-18;-1.229022931157777763e-17
1.065599999999990466e+01;7.530439506672168184e-18;-1.528202337732984528e+00;3.206544796660698507e-19;-7.523609497330323438e-18
1.072259999999990399e+01;6.650321212086181625e-18;-1.725094190282954409e+00;-1.022063542363955143e-18;-6.571313288779789581e-18
1.078919999999990331e+01;4.793897840035656718e-18;-1.712160726816356560e+00;-6.754316103753799497e-19;-4.746077184412856002e-18
1.085579999999990264e+01;4.055084788137845068e-18;-1.680039733055164630e+00;-4.421106819104667595e-19;-4.030911904758973422e-18
1.092239999999990196e+01;2.276201646180227793e-18;-1.356834960527090406e+00;4.833117971992267006e-19;-2.224298460360396776e-18
1.098899999999990129e+01;2.104666166508954713e-18;-1.090321853638434701e+00;9.727766575994007173e-19;-1.866366857527543052e-18
1.105559999999990062e+01;2.459280494522912897e-18;-9.656707385814820022e-01;1.398999504373635220e-18;-2.022587683514162862e-18
1.112219999999990172e+01;2.133885704742049433e-18;-1.041460721817026869e+00;1.077526893347006865e-18;-1.841847983688235957e-18
1.118879999999989927e+01;9.763088895594894416e-19;-3.768418153957522887e-01;9.078026983578805686e-19;-3.592677395578882918e-19
1.125539999999989860e+01;1.285235162045216739e-18;-2.363866460227811661e+00;-9.157439595428730454e-19;-9.017995466389055383e-19
1.132199999999989970e+01;4.839719679050062742e-19;-2.170635462445150043e+00;-2.732068699327217218e-19;-3.994832561439956998e-19
1.138859999999989725e+01;2.928257548146208277e-18;1.379823903134652419e+00;5.558234866932865846e-19;2.875022177291048621e-18
1.145519999999989835e+01;1.030685653951946681e-17;7.338475543562443804e-01;7.653903368626819182e-18;6.902829488692172167e-18
1.152179999999989768e+01;1.480846739357457410e-17;5.307871131204623394e-01;1.277095394756486725e-17;7.496228506104829087e-18
1.158839999999989523e+01;2.244026217408071158e-17;3.686104260945616828e-01;2.093292590288814124e-17;8.085665067616402245e-18
1.165499999999989633e+01;3.433250064376232437e-17;1.186780341052498106e-01;3.409100664963091364e-17;4.064955850776387428e-18
1.172159999999989566e+01;4.386188688498684816e-17;-5.972776075728514905e-02;4.378367357450845383e-17;-2.618214932405513536e-18
1.178819999999989321e+01;5.562280037344521752e-17;-2.885761888008136489e-01;5.332280014007165637e-17;-1.582955800412984997e-17
1.185479999999989431e+01;6.234357452676450301e-17;-4.502256382677801705e-01;5.613097090194564179e-17;-2.712997217800215639e-17
1.192139999999989364e+01;6.463258718797065872e-17;-6.200516523590818840e-01;5.260113049782597737e-17;-3.755652269528304501e-17
1.198799999999989119e+01;5.975795856891252359e-17;-7.580080097943340256e-01;4.339664163477517815e-17;-4.108217505374762333e-17
1.205459999999989229e+01;4.903873220562137804e-17;-8.536259710061300243e-01;3.223093684529451156e-17;-3.695894974710839935e-17
1.212119999999989162e+01;3.660703991004596441e-17;-8.866019225432487660e-01;2.313744068362787155e-17;-2.836783759096382249e-17
1.218779999999989094e+01;2.335922430176495149e-17;-7.866713989530900175e-01;1.649642189936800909e-17;-1.653848313776743508e-17
1.225439999999989027e+01;1.266618337726589499e-17;-1.391152516524836735e-01;1.254381625585636585e-17;-1.756381247292411027e-18
1.232099999999988960e+01;1.539087396775924929e-17;6.400161737904676018e-01;1.234480605892975787e-17;9.191559435637703299e-18
1.238759999999988892e+01;1.984312303577224890e-17;7.687704427494623793e-01;1.426256345881029805e-17;1.379597098417521442e-17
1.245419999999988825e+01;2.259680979398738257e-17;6.954358877042104981e-01;1.734925417616041312e-17;1.447823167367564131e-17
1.252079999999988758e+01;1.715947913315503820e-17;6.093910677497723638e-01;1.407071632010480556e-17;9.821540936142319572e-18
1.258739999999988690e+01;9.536335705217802127e-18;3.712932398634884446e-01;8.886519401381837537e-18;3.459981446695356171e-18
1.265399999999988623e+01;6.317825017556254028e-19;-2.804692559242385475e+00;-5.962661615062394961e-19;-2.088439469249992249e-19
1.272059999999988555e+01;1.025314012474854869e-17;-3.037192998996098847e+00;-1.019731489405460227e-17;-1.068480869843203389e-18
1.278719999999988488e+01;1.707599232381872252e-17;3.042395622577600989e+00;-1.699204687597955977e-17;1.691111116286927070e-18
1.285379999999988421e+01;2.534704590694109723e-17;2.789360884443750077e+00;-2.379086669318583926e-17;8.744563922554415246e-18
1.292039999999988531e+01;2.808146292604368380e-17;2.577366266087504076e+00;-2.372890783684005544e-17;1.501690690313809005e-17
1.298699999999988464e+01;2.919205548088052291e-17;2.336327774161264692e+00;-2.022776718462366145e-17;2.104788678046964483e-17
1.305359999999988219e+01;2.956444496930415954e-17;2.126577166238220240e+00;-1.559840147323219321e-17;2.511466260619245984e-17
1.312019999999988329e+01;3.162632889822524811e-17;1.830099675227675693e+00;-8.109220098512676573e-18;3.056902401079556021e-17
1.318679999999988262e+01;2.971411491248478659e-17;1.616552537130684364e+00;-1.359130922955554409e-18;2.968301514615078262e-17
1.325339999999988017e+01;2.534383327572587448e-17;1.397351878232355737e+00;4.373740787235068867e-18;2.496357900289673234e-17
1.331999999999988127e+01;2.336348788838165793e-17;1.082890478109886034e+00;1.095226854323209118e-17;2.063735399869579277e-17
1.338659999999988059e+01;1.934328226518826790e-17;9.425227259807255065e-01;1.136899292488760019e-17;1.564955490308278858e-17
1.345319999999987814e+01;1.917852710456722693e-17;6.493242873653578551e-01;1.527555393723550228e-17;1.159626464906819649e-17
1.351979999999987925e+01;1.591374210488290596e-17;3.576533558603443019e-01;1.490673495919001677e-17;5.571035867519190309e-18
1.358639999999987857e+01;1.550935880103995980e-17;5.833689858088968866e-02;1.548297560821219688e-17;9.042547953435012464e-19
1.365299999999987790e+01;1.103711049149218740e-17;-7.736780235173182363e-02;1.100409412528806427e-17;-8.530653452154887529e-19
1.371959999999987723e+01;1.021989339534264638e-17;-5.196548228699169325e-01;8.870771805225853316e-18;-5.075000353869771287e-18
1.378619999999987655e+01;6.846318412608256875e-18;-6.959906737047388825e-01;5.253994227292137372e-18;-4.389489772900688721e-18
1.385279999999987588e+01;3.525778949533153985e-18;-1.009704722523831810e+00;1.876104876073411379e-18;-2.985188050181208063e-18
1.391939999999987521e+01;2.519465499623949321e-18;-1.347168463130671512e+00;5.587383419150336257e-19;-2.456729099650467520e-18
1.398599999999987453e+01;4.767891248990473270e-19;-3.079101545951294483e+00;-4.758584640294039687e-19;-2.977569199155158836e-20
1.405259999999987386e+01;2.038486943967574063e-18;1.640885915145723128e+00;-1.427597579847530671e-19;2.033481908507276587e-18
1.411919999999987319e+01;4.960773134137264975e-18;1.479096702280342512e+00;4.542637714546639437e-19;4.939930618371258892e-18
1.418579999999987251e+01;8.781020849501015075e-18;1.452799369160094001e+00;1.033731021413155320e-18;8.719961429658942607e-18
1.425239999999987184e+01;1.045829040410489899e-17;1.310685742867694792e+00;2.689740700695833820e-18;1.010648965465323672e-17
1.431899999999987116e+01;1.294167134353086031e-17;1.299425536589110086e+00;3.469044942605062609e-18;1.246806257403908389e-17
1.438559999999987227e+01;1.627761477662582633e-17;1.108007253279700288e+00;7.267068409716810347e-18;1.456538566412586831e-17
1.445219999999986982e+01;1.864383012364126053e-17;9.992621721014207647e-01;1.008487688576116948e-17;1.568080546012332487e-17
1.451879999999986914e+01;2.199021415680300187e-17;1.029767284345958434e+00;1.132536354560134795e-17;1.884955328972077392e-17
1.458539999999987025e+01;2.405618035611605204e-17;9.858369875037074070e-01;1.328299243463038235e-17;2.005646841563927518e-17
1.465199999999986957e+01;2.282707381976342506e-17;8.953064106717649739e-01;1.427330638674921183e-17;1.781426462032359073e-17
1.471859999999986712e+01;2.763040675563574240e-17;7.777816678368009162e-01;1.968588825768286669e-17;1.938827431691394853e-17
1.478519999999986823e+01;2.655085528712560930e-17;6.215591091863849060e-01;2.158509052293006650e-17;1.546065275448616034e-17
1.485179999999986755e+01;2.289889441825469652e-17;5.302432480992268493e-01;1.975451154894788595e-17;1.158096019511597319e-17
1.491839999999986510e+01;2.543655159462138854e-17;4.243485551746943307e-01;2.318051118337252014e-17;1.047292023761173651e-17
1.498499999999986620e+01;2.575998635740064914e-17;2.945679869828223829e-01;2.465044337466832984e-17;7.478805958556333365e-18
1.505159999999986553e+01;2.057164753794470866e-17;2.418704798425349578e-01;1.997284098452759860e-17;4.927302043938576890e-18
1.511819999999986486e+01;1.573958999621062429e-17;-2.722092596444834478e-01;1.516004673728519321e-17;-4.231746232011337207e-18
1.518479999999986418e+01;1.048140016816282610e-17;-2.176687849531562802e-01;1.023407619966976651e-17;-2.263500347805705041e-18
1.525139999999986351e+01;8.538283403421420119e-18;2.224114167692349889e-02;8.536171681050984228e-18;1.898855148895953168e-19
1.531799999999986284e+01;1.844761333421795405e-18;-2.434484082295054752e-01;1.790363943650991824e-18;-4.446811515711322479e-19
1.538459999999986216e+01;5.023042509553571848e-18;1.436952477628781866e+00;6.702978477868929835e-19;4.978117801743395824e-18
1.545119999999986149e+01;7.300114773133600546e-18;1.127817138104848294e+00;3.129070072015333310e-18;6.595498175675693878e-18
1.551779999999986082e+01;1.253707177440289329e-17;1.177469239857870109e+00;4.805002735780385495e-18;1.157972872677390225e-17
1.558439999999986014e+01;1.480524824262501830e-17;5.918453779748806820e-01;1.228706159564446613e-17;8.259751380676666380e-18
1.565099999999985947e+01;1.743135120873980503e-17;2.271867589908730112e-01;1.698343341132899890e-17;3.926193388689429071e-18
1.571759999999985880e+01;2.078766535382959305e-17;-3.156062259399075032e-01;1.976092899887469054e-17;-6.452341897655495969e-18
1.578419999999985812e+01;2.302438736310001355e-17;-6.527949319099977110e-01;1.829032550043133851e-17;-1.398522100412970753e-17
1.585079999999985922e+01;2.413272437562854929e-17;-1.076629480856981624e+00;1.144611103815936396e-17;-2.124558608022340805e-17
1.591739999999985677e+01;2.420984946033098781e-17;-1.512249214534588937e+00;1.416607151149242969e-18;-2.416836848178216562e-17
1.598399999999985610e+01;2.399963795667324431e-17;-1.895520910147514559e+00;-7.657031090014924609e-18;-2.274538407980696010e-17
1.605059999999985720e+01;2.356643146957872903e-17;-2.335563140939778570e+00;-1.631666101845464686e-17;-1.700421316671822022e-17
1.611719999999985475e+01;2.067964147217417598e-17;-2.764916483507708467e+00;-1.922984102596004955e-17;-7.606627737307117837e-18
1.618379999999985586e+01;1.987148612644609701e-17;-3.099492975631424230e+00;-1.985387878630854913e-17;-8.363360640956802871e-19
1.625039999999985341e+01;1.496541865574593629e-17;2.695441329419349774e+00;-1.350052072968886258e-17;6.457530144644301165e-18
1.631699999999985451e+01;1.421350114722831259e-17;2.236302596697295808e+00;-8.776232115893183508e-18;1.118040091902904922e-17
1.638359999999985206e+01;1.022493631320097175e-17;1.863630360729980895e+00;-2.951599326548209300e-18;9.789656992179862180e-18
1.645019999999985316e+01;7.311834378119915454e-18;1.686823232920535931e+00;-8.464673090833618120e-19;7.262672722056902466e-18
1.651679999999985426e+01;6.169361988788506737e-18;1.376845118828986303e+00;1.189067490229768341e-18;6.053688615413511104e-18
1.658339999999985181e+01;2.703459222208037188e-18;1.163358198249558662e+00;1.071268633551522361e-18;2.482151341258292687e-18
1.664999999999984936e+01;1.601186416994688570e-18;-2.158798930342463951e+00;-8.881784197001252508e-19;-1.332267629550187876e-18
1.671659999999985047e+01;3.505341368080767502e-18;-2.328032409710180328e+00;-2.407873071791652355e-18;-2.547462536901962444e-18
1.678319999999985157e+01;4.131163116671899623e-18;-2.299575185590337689e+00;-2.751185980346883265e-18;-3.081798889949349812e-18
1.684979999999984557e+01;7.121160932799294579e-18;-2.127203055932234577e+00;-3.760958243111037397e-18;-6.046993147375152061e-18
1.691639999999984667e+01;5.637910106929426628e-18;-2.090669237379708445e+00;-2.800743719790883127e-18;-4.893042508487833782e-18
1.698299999999984777e+01;7.645166041314760662e-18;-1.924095129893938161e+00;-2.645187249938114531e-18;-7.172973456805569959e-18
1.704959999999984888e+01;9.058000535027637870e-18;-1.792754442531313774e+00;-1.994029357735979434e-18;-8.835792019567232207e-18
1.711619999999984643e+01;1.197540748724286850e-17;-1.871241840021948155e+00;-3.544071457666624166e-18;-1.143896594926592561e-17
1.718279999999984753e+01;1.526639203203548262e-17;-1.891085548232809055e+00;-4.806487457174589325e-18;-1.449001048998308526e-17
1.724939999999984863e+01;1.502444234149357435e-17;-1.903427375031748969e+00;-4.905945986645611884e-18;-1.420090002953970054e-17
1.731599999999984263e+01;1.612709880864520901e-17;-2.020948581718613024e+00;-7.016943050659786638e-18;-1.452053119577940795e-17
1.738259999999984373e+01;1.669355844329814005e-17;-2.074473096528218097e+00;-8.057128617188460647e-18;-1.462045047000582014e-17
1.744919999999984483e+01;1.728859700340561935e-17;-2.307289193112685766e+00;-1.161264449185313759e-17;-1.280789109307222010e-17
1.751579999999984238e+01;1.607097596875432850e-17;-2.359989720680685910e+00;-1.140694274775536801e-17;-1.132068574502933100e-17
1.758239999999984349e+01;1.312398682373769032e-17;-2.548026290188779797e+00;-1.087914480187343649e-17;-7.340520317355620449e-18
1.764899999999984459e+01;1.105137474963687977e-17;-2.676602535846125619e+00;-9.878006053727998432e-18;-4.955590808311823438e-18
1.771559999999983859e+01;1.130943954276665113e-17;-2.763511061902926613e+00;-1.051070475624421563e-17;-4.174746495125087132e-18
1.778219999999983969e+01;1.194106257028472193e-17;-3.069949044859518139e+00;-1.191043009338138827e-17;-8.547691490278516435e-19
1.784879999999984079e+01;3.375636018174873120e-18;2.757015592277983540e+00;-3.129070072015333310e-18;1.266427657474942181e-18
1.791539999999983834e+01;1.408809844280863645e-18;-2.066658489086199424e+00;-6.702978477868929835e-19;-1.239131136157481317e-18
1.798199999999983945e+01;5.315063446912457951e-18;-1.113705844164638979e-04;5.315063413950009797e-18;-5.919417210695431127e-22
1.804859999999984055e+01;5.677859107695989920e-18;3.344939090301281975e-02;5.674683034151019786e-18;1.898855148895953168e-19
1.811519999999983455e+01;5.668792945117893510e-18;-7.932664727815366135e-01;3.976778515532237502e-18;-4.039857187205955542e-18
1.818179999999983565e+01;7.842115887808788254e-18;-1.692131573735094374e+00;-9.491920220831895821e-19;-7.784459910811838980e-18
1.824839999999983675e+01;9.380255015605327791e-18;-1.427082026818927929e+00;1.343441088275404339e-18;-9.283552671263427893e-18
1.831499999999983785e+01;1.423349489054615484e-17;-1.807240837738327777e+00;-3.334161301865323436e-18;-1.383747611424667266e-17
1.838159999999983540e+01;1.157385584595582114e-17;-2.241468622364827024e+00;-7.193299628770267168e-18;-9.067004995791019008e-18
1.844819999999983651e+01;1.328696913184090404e-17;-2.657603718933399861e+00;-1.176090577164675792e-17;-6.182608198886531830e-18
1.851479999999983406e+01;1.784934475117719498e-17;-2.859570189960142450e+00;-1.714419842442943947e-17;-4.967450898616722737e-18
1.858139999999983161e+01;1.626483905958646764e-17;2.874723735620380083e+00;-1.568908536903230267e-17;4.289241182011820040e-18
1.864799999999983271e+01;1.859074362320819151e-17;2.635858823214109137e+00;-1.626353957946821878e-17;9.006277189323381735e-18
1.871459999999983381e+01;2.144241171433775634e-17;2.140305288023060193e+00;-1.156214674646138972e-17;1.805806697131399471e-17
1.878119999999983136e+01;2.032024487675557236e-17;1.810815745124813692e+00;-4.830558851544181811e-18;1.973773170942089994e-17
1.884779999999983247e+01;2.104640102110655308e-17;1.511873405264727133e+00;1.239397965415426701e-18;2.100987597832407483e-17
1.891439999999983357e+01;2.021332626815259696e-17;1.136887510100046628e+00;8.498098539960414203e-18;1.834014394785140082e-17
1.898099999999982757e+01;1.958492948641483060e-17;7.274388505208424505e-01;1.462759035878498928e-17;1.302317408635166266e-17
1.904759999999982867e+01;1.722546096431578480e-17;4.183477631268144314e-01;1.573996150808176648e-17;6.997865185702798728e-18
1.911419999999982977e+01;1.406543103546560952e-17;4.281562465225406851e-03;1.406530211348897260e-17;6.022183758272161563e-20
1.918079999999982732e+01;1.032113167637121830e-17;-3.629447526087261067e-01;9.648765752634260784e-18;-3.664297822473704235e-18
1.924739999999982842e+01;7.069786696712682206e-18;-4.519343491710209881e-01;6.360008695885629510e-18;-3.087421792576258267e-18
1.931399999999982953e+01;3.307361102154112315e-19;-1.642643138891554111e+00;-2.374189705191647589e-20;-3.298828533355392054e-19
1.938059999999982352e+01;7.401512188036351058e-18;2.191660186731406945e+00;-4.305741050024937292e-18;6.020214006144697827e-18
1.944719999999982463e+01;1.618704821010885264e-17;2.043626601788250952e+00;-7.371708847967936898e-18;1.441105264778320941e-17
1.951379999999982573e+01;2.579383516388432356e-17;1.909445333461462058e+00;-8.569050789883815785e-18;2.432885737189535377e-17
1.958039999999982328e+01;3.662505889420452443e-17;1.669529138729043627e+00;-3.610222864326184693e-18;3.644669024580759498e-17
1.964699999999982438e+01;4.513588598815437319e-17;1.520655473485202025e+00;2.262203657244568697e-18;4.507915969213290692e-17
1.971359999999982549e+01;5.366033735965270286e-17;1.360016697812121977e+00;1.122694122216307103e-17;5.247273193141210903e-17
1.978019999999981948e+01;5.884480862224058195e-17;1.244818913833866114e+00;1.884416018589556971e-17;5.574593374118355358e-17
1.984679999999982059e+01;6.057575372921609431e-17;1.088916176683659032e+00;2.807359330548407151e-17;5.367769833721372714e-17
1.991339999999982169e+01;6.355803603887620678e-17;9.433873898726953255e-01;3.731168991366747571e-17;5.145349104682218988e-17
1.997999999999982279e+01;5.840644957707526997e-17;7.684799780681913495e-01;4.199236711108982164e-17;4.059500531601021753e-17
2.004659999999982034e+01;5.455710071470418135e-17;6.103650540851094375e-01;4.470620708492964469e-17;3.127030998365320627e-17
2.011319999999982144e+01;4.731640123144582373e-17;4.150750174328226572e-01;4.329857972731829565e-17;1.908074472058752742e-17
2.017979999999981899e+01;3.829376226439282643e-17;2.246785224175759654e-01;3.733127843395407514e-17;8.531581263073792193e-18
2.024639999999981654e+01;3.159461810171473623e-17;7.521231677974327123e-02;3.150529653990390720e-17;2.374064642321059802e-18
2.031299999999981765e+01;2.334716760756702207e-17;-2.099646889400526295e-01;2.283442353431145816e-17;-4.866141916499131117e-18
2.037959999999981875e+01;1.682694090961344628e-17;-3.968473584762640671e-01;1.551922023982622533e-17;-6.503825299267401505e-18
2.044619999999981630e+01;1.117705291818184470e-17;-6.541219796534555320e-01;8.869913335394126128e-18;-6.800819756355460233e-18
2.051279999999981740e+01;8.561977832730751332e-18;-9.282421320081959415e-01;5.130698432101492284e-18;-6.854443668672465982e-18
2.057939999999981850e+01;3.981853445282814907e-18;-1.271784561705776584e+00;1.172958323685504016e-18;-3.805170906885460952e-18
2.064599999999981250e+01;9.104999894770676553e-19;-9.588194478280982480e-01;5.230701202599224823e-19;-7.452569222281740555e-19
2.071259999999981360e+01;2.252753894672205003e-18;1.160787774831191665e+00;8.979863848000213996e-19;2.066039826013665265e-18
2.077919999999981471e+01;5.788471481653251330e-18;1.094573376837968182e+00;2.653583890650769494e-18;5.144404205463614211e-18
2.084579999999981226e+01;8.441224870647558750e-18;6.548624278794551445e-01;6.695003233700363150e-18;5.141129157838826727e-18
2.091239999999981336e+01;9.157590659251117014e-18;2.447938570756475751e-01;8.884578207756227274e-18;2.219400088462292137e-18
2.097899999999981446e+01;1.200593610673969783e-17;7.444344254880119749e-02;1.197268406214974039e-17;8.929379301281491029e-19
2.104559999999980846e+01;1.333138648261044365e-17;-2.662386139133749996e-01;1.286168649124863398e-17;-3.507547027419708240e-18
2.111219999999980956e+01;1.337457578326947102e-17;-4.214280799654165355e-01;1.220437656902804963e-17;-5.471057479480301182e-18
2.117879999999981067e+01;1.499089292380022858e-17;-7.274206752681982024e-01;1.119657792253965322e-17;-9.968124872679987168e-18
2.124539999999981177e+01;1.497526297386821399e-17;-1.090128382709949717e+00;6.924135335717572934e-18;-1.327836025227420579e-17
2.131199999999980932e+01;1.565451139683559264e-17;-1.213115857002784237e+00;5.480682740541662506e-18;-1.466375953741686629e-17
2.137859999999981042e+01;1.611710289909684360e-17;-1.624657049751838445e+00;-8.676591621433845044e-19;-1.609373087380376511e-17
2.144519999999980797e+01;1.626937885835428685e-17;-1.797035698797177838e+00;-3.649454704181867638e-18;-1.585478378278272925e-17
2.151179999999980552e+01;1.320250914911826356e-17;-2.064347916797906191e+00;-6.254775818994089009e-18;-1.162686661515811477e-17
2.157839999999980662e+01;1.416576558786106239e-17;-2.301493793279093758e+00;-9.454079061232504229e-18;-1.054937456886396672e-17
2.164499999999980773e+01;1.053489861889199193e-17;-2.534817440313452686e+00;-8.654325751536982611e-18;-6.007223543086792993e-18
2.171159999999980528e+01;8.856938294766705093e-18;-2.698751597205532704e+00;-8.002579386686693838e-18;-3.795270625012419198e-18
2.177819999999980638e+01;5.536516943903743528e-18;-2.856033746224081682e+00;-5.312312156892927921e-18;-1.559602326832342410e-18
2.184479999999980393e+01;3.058146674362989333e-18;3.117587989180631070e+00;-3.057265628048649963e-18;7.340273475630062424e-20
2.191139999999980148e+01;1.590157544410669328e-18;2.825270000770421230e+00;-1.511263098668981330e-18;4.946563075991234360e-19
2.197799999999980258e+01;2.505493801309025751e-18;6.278226904129082797e-01;2.027717035557389332e-18;1.471687063240112243e-18
2.204459999999980369e+01;1.240839726938329579e-18;2.527957584269052038e+00;-1.014461168133070395e-18;7.145290521024844149e-19
2.211119999999980124e+01;2.071714200179289904e-18;-2.758206837232315412e+00;-1.921314889197330195e-18;-7.749508524888306518e-19
2.217779999999980234e+01;2.627324138315727722e-18;1.989046129325092060e+00;-1.067118552491146013e-18;2.400851957682039766e-18
2.224439999999980344e+01;1.937852750096391120e-18;1.527674143130047124e+00;8.353854628304364371e-20;1.936051288664910977e-18
2.231099999999979744e+01;1.303131133870020817e-18;7.796376900130027598e-01;9.267455485952031975e-19;9.161295979392554946e-19
2.237759999999979854e+01;3.100769676340894357e-18;-1.402509754829907918e+00;5.193583719153678238e-19;-3.056965728829264151e-18
2.244419999999979964e+01;7.439977856087199529e-18;-1.594380690207283680e+00;-1.754508755372765610e-19;-7.437908811577423270e-18
2.251079999999979719e+01;1.704906117134756994e-17;-1.815247713500073079e+00;-4.126282971128421923e-18;-1.654219682105514471e-17
2.257739999999979830e+01;2.709246840260415160e-17;-1.992095533881099501e+00;-1.107936742605025073e-17;-2.472345974140110050e-17
2.264399999999979940e+01;3.777426194207039483e-17;-2.141786789085164511e+00;-2.041569122538140447e-17;-3.178198258538999228e-17
2.271059999999979340e+01;4.729543738342225990e-17;-2.303409064677911733e+00;-3.163186494237912710e-17;-3.516082361885599802e-17
2.277719999999979450e+01;5.275151546978208773e-17;-2.445604331006087762e+00;-4.048259012541723829e-17;-3.382132878962814551e-17
2.284379999999979560e+01;5.513906714511597894e-17;-2.614109008327865080e+00;-4.764436877348913305e-17;-2.775483471053973616e-17
2.291039999999979671e+01;5.005343077820173631e-17;-2.779485593711387370e+00;-4.680759011362651322e-17;-1.773119963293422630e-17
2.297699999999979426e+01;4.559042692111331591e-17;-2.984663091738301688e+00;-4.503020289792417785e-17;-7.125156406785375964e-18
2.304359999999979536e+01;3.437220857467477126e-17;3.072819293465069102e+00;-3.429095420100686591e-17;2.362029272764329201e-18
2.311019999999979291e+01;2.650693706971550618e-17;2.953825481324539926e+00;-2.604103726065931298e-17;4.947938076291130659e-18
2.317679999999979046e+01;1.607870398736936795e-17;2.766157662181448540e+00;-1.495879344932772023e-17;5.895695078088559355e-18
2.324339999999979156e+01;5.407344250240675838e-18;2.630974456160206199e+00;-4.717597211697463903e-18;2.642659340284934990e-18
2.330999999999979266e+01;5.898086579599027106e-19;-1.112338500135947816e+00;2.610290882520840899e-19;-5.289027019128822742e-19
2.337659999999979021e+01;8.027658905899530567e-18;-1.375680018043714314e+00;1.556407630971218864e-18;-7.875335091011848539e-18
2.344319999999979132e+01;7.448078331978603895e-18;-1.604115584415896523e+00;-2.481185256993559896e-19;-7.443944386982882495e-18
2.350979999999978887e+01;8.666428808956068057e-18;-2.010178274991441416e+00;-3.686527223095113601e-18;-7.843245841747045856e-18
2.357639999999978642e+01;1.380025051220748610e-17;-2.232336762554564924e+00;-8.477950075285258289e-18;-1.088904388459582148e-17
2.364299999999978752e+01;1.289719850109713082e-17;-2.558277519730227212e+00;-1.076453431862392442e-17;-7.103698338180599046e-18
2.370959999999978862e+01;1.770648994875236542e-17;-2.673819981641616828e+00;-1.580436676293999599e-17;-7.983844783545456373e-18
2.377619999999978617e+01;1.538497953088937965e-17;-2.776954442107466114e+00;-1.437346082290341729e-17;-5.486457795184961435e-18
2.384279999999978727e+01;1.769407646812063207e-17;-2.965537639058029029e+00;-1.742056681831444999e-17;-3.099063372753437682e-18
2.390939999999978838e+01;1.682912352212891287e-17;3.127458632751136669e+00;-1.682744256852343068e-17;2.378552629609313613e-19
2.397599999999978237e+01;1.637228396524736649e-17;2.852211328748169628e+00;-1.569153428112388830e-17;4.671983962195276682e-18
2.404259999999978348e+01;1.697599074016522557e-17;2.762093690518364397e+00;-1.576815517582564594e-17;6.288842815753812416e-18
2.410919999999978458e+01;1.706847155043908428e-17;2.504639685361171431e+00;-1.372154406696672795e-17;1.015145060995908022e-17
2.417579999999978568e+01;1.695089482977121127e-17;2.284690162420232706e+00;-1.109913672509004974e-17;1.281179142382991307e-17
2.424239999999978323e+01;1.565659657356408022e-17;2.141807851381007488e+00;-8.462130173584748260e-18;1.317275101080427494e-17
2.430899999999978434e+01;1.447594397372151352e-17;1.907746402976161271e+00;-4.785894958683553595e-18;1.366192385335138511e-17
2.437559999999978189e+01;1.253058209822036537e-17;1.837931357388915776e+00;-3.307687376909669251e-18;1.208613635273378438e-17
2.444219999999977944e+01;1.082681041028759813e-17;1.752592912478562637e+00;-1.957453142370305896e-18;1.064838958978006782e-17
2.450879999999978054e+01;8.047312926604053329e-18;1.773313843715002447e+00;-1.618604596832391193e-18;7.882852560957977619e-18
2.457539999999978164e+01;3.796634861421877274e-18;1.421683567709394858e+00;5.640310956713447193e-19;3.754504653623390957e-18
2.464199999999977919e+01;1.841881867653701993e-18;1.404439687373061130e+00;3.049979431651916489e-19;1.816453982091617194e-18
2.470859999999978029e+01;3.908245914406298013e-18;-2.251868198626887363e+00;-2.460733714768840288e-18;-3.036309554784140919e-18
2.477519999999977784e+01;6.917199657717896705e-18;-2.186178924683316094e+00;-3.993098596532083826e-18;-5.648257669680632837e-18
2.484179999999977539e+01;1.292797087043183616e-17;-2.333629369691975874e+00;-8.932868075567395717e-18;-9.345389171738270376e-18
2.490839999999977650e+01;1.604888357492866400e-17;-2.370097389484826511e+00;-1.150494650009808140e-17;-1.118940883297665316e-17
2.497499999999977760e+01;2.058485941252051126e-17;-2.584104478917493175e+00;-1.746803758491391458e-17;-1.089055094865586525e-17
2.504159999999977515e+01;2.340844128849356919e-17;-2.783250859706117630e+00;-2.192152960727786191e-17;-8.209851596349996008e-18
2.510819999999977625e+01;2.638357048943704011e-17;-2.948685262903246063e+00;-2.589418161139375831e-17;-5.058077742309868577e-18
2.517479999999977380e+01;2.748841687384865990e-17;3.103090498361619431e+00;-2.746804475679164698e-17;1.058101823728985049e-18
2.524139999999977135e+01;3.046853622156853209e-17;2.920410196758970844e+00;-2.972628368041051365e-17;6.684291887462233389e-18
2.530799999999977246e+01;3.019696628074871372e-17;2.673932387562985014e+00;-2.695458152925709647e-17;1.361276265654062386e-17
2.537459999999977356e+01;2.746058128621601289e-17;2.523164864892253334e+00;-2.237463340045995881e-17;1.592040529546590100e-17
2.544119999999977111e+01;2.428247458108078259e-17;2.119948394127553204e+00;-1.267458139211809674e-17;2.071215967289283304e-17
2.550779999999977221e+01;2.417259877251415241e-17;1.694345668331184607e+00;-2.978916561396788519e-18;2.398834274261539372e-17
2.557439999999976976e+01;2.309266579671715302e-17;1.339287036154697796e+00;5.298538475873795125e-18;2.247658122621309788e-17
2.564099999999976731e+01;2.419724296334732985e-17;9.244479611234498462e-01;1.457340346756212011e-17;1.931637850112982024e-17
2.570759999999976841e+01;2.217727438109199513e-17;4.542087458505317810e-01;1.992868667418227723e-17;9.730310705034503441e-18
2.577419999999976952e+01;2.153313222533879051e-17;1.275966024778731611e-01;2.135808060805041521e-17;2.740105139213596956e-18
2.584079999999977062e+01;1.720577778304709146e-17;-2.176282694343570356e-01;1.679993281670652656e-17;-3.714975972162418340e-18
2.590739999999976817e+01;1.040888242187881356e-17;-5.971862206201845602e-01;8.607324761529502848e-18;-5.853101205519929031e-18
2.597399999999976927e+01;8.666620599171416223e-19;-2.106204544130261258e+00;-4.421642000444636113e-19;-7.453817453485581792e-19
2.604059999999976682e+01;1.211259556052884703e-17;2.106611056742103916e+00;-6.183985816319346033e-18;1.041505115861195910e-17
2.610719999999976437e+01;2.509664286280901045e-17;1.739453023686573951e+00;-4.212678746139765304e-18;2.474055013060956043e-17
2.617379999999976548e+01;4.129679719449087090e-17;1.429080384386396840e+00;5.832844789434767994e-18;4.088280054234631527e-17
2.624039999999976658e+01;5.491842535580006408e-17;1.121256874928643343e+00;2.386484505605476795e-17;4.946213313243861771e-17
2.630699999999976413e+01;6.684805790196858188e-17;7.892185785831397071e-01;4.708778441758232613e-17;4.744895577257981722e-17
2.637359999999976523e+01;7.661533871537218801e-17;4.539060916024311165e-01;6.885736315269444630e-17;3.359425049214768195e-17
2.644019999999976278e+01;8.341630114476055203e-17;1.324971418969173309e-01;8.268516457700066761e-17;1.102011141267160498e-17
2.650679999999976033e+01;8.794898573109950112e-17;-2.328434986055732403e-01;8.557561250462430592e-17;-2.029380781390055855e-17
2.657339999999976143e+01;8.799879427153845940e-17;-5.706893818988644229e-01;7.405351645095097400e-17;-4.753803208477694998e-17
2.663999999999976254e+01;8.167356262507006647e-17;-9.311003361412610868e-01;4.875516136810021055e-17;-6.552484316533501859e-17
2.670659999999976009e+01;7.435071945657882665e-17;-1.224633014115292795e+00;2.522654580427701469e-17;-6.994033793524023332e-17
2.677319999999976119e+01;6.407210165573627413e-17;-1.520072782160504898e+00;3.248570660576203645e-18;-6.398969447689405579e-17
2.683979999999975874e+01;5.338330640035230375e-17;-1.894885779527126779e+00;-1.699968826275474888e-17;-5.060422908416898150e-17
2.690639999999975629e+01;3.913058927495880393e-17;-2.103025882038772831e+00;-1.985704288682856061e-17;-3.371796056697635895e-17
2.697299999999975739e+01;3.036251515520527583e-17;-2.495869004727532925e+00;-2.424946302110995927e-17;-1.827144957954596593e-17
2.703959999999975850e+01;1.961025055147103074e-17;-2.728676975732128973e+00;-1.796210135241340855e-17;-7.869233869767641916e-18
2.710619999999975960e+01;1.214957633973685387e-17;-2.908616007029110939e+00;-1.182133699406312765e-17;-2.805030642949928598e-18
2.717279999999975715e+01;6.748463378454568965e-18;-3.119720421026589641e+00;-6.746849228730953007e-18;-1.475921919174373587e-19
2.723939999999975470e+01;2.621323684565078399e-18;-3.050727599290340208e+00;-2.610509703494765647e-18;-2.378590911054458313e-19
2.730599999999975580e+01;9.405499953487809376e-19;9.736317833200546223e-01;5.288712656459440315e-19;7.777721248056201718e-19
2.737259999999975335e+01;2.085322375230433325e-18;3.358051972706618260e-01;1.968847276751706880e-18;6.871752392687659571e-19
2.743919999999975445e+01;3.800016266937835069e-18;9.192721089927238243e-01;2.304326472253090992e-18;3.021622600237459834e-18
2.750579999999975556e+01;6.124056852207795165e-18;1.027701996681635865e+00;3.164836396887977790e-18;5.242888794358160756e-18
2.757239999999975311e+01;7.596426875869032415e-18;7.098103063935686796e-01;5.761779721053919952e-18;4.950514693087697099e-18
2.763899999999975421e+01;1.015329820909858147e-17;6.404811045446716644e-01;8.140999300617796967e-18;6.067420779064610203e-18
2.770559999999975176e+01;1.313439147201477296e-17;4.953139470363135954e-01;1.155589415398738061e-17;6.242879915709950985e-18
2.777219999999974931e+01;1.435044083725438715e-17;4.005393522734705392e-01;1.321461530384691472e-17;5.595453028564647050e-18
2.783879999999975041e+01;1.404588279616487248e-17;4.335854810869873427e-02;1.403268198959156314e-17;6.088182837209983268e-19
2.790539999999975151e+01;1.459598929117889462e-17;-1.031701212665274009e-01;1.451837777523392027e-17;-1.503199974654976309e-18
2.797199999999974906e+01;1.314777083757806686e-17;-4.366859374323335818e-01;1.191396143732371402e-17;-5.560701472605025546e-18
2.803859999999975017e+01;1.347486511386038896e-17;-6.434789340884743414e-01;1.078007136913171770e-17;-8.084680025403500101e-18
2.810519999999974772e+01;1.520959120206455700e-17;-1.058312811925209873e+00;7.457919820211583601e-18;-1.325560622865717197e-17
2.817179999999974527e+01;1.274788529070271250e-17;-1.379805867883696191e+00;2.419949383787734929e-18;-1.251608662341468364e-17
2.823839999999974637e+01;1.342585804996700984e-17;-1.712859881222463132e+00;-1.900915963809987465e-18;-1.329060506058307062e-17
2.830499999999974747e+01;1.374525936913856159e-17;-1.946514447451588081e+00;-5.043694425614921741e-18;-1.278644992427188016e-17
2.837159999999974502e+01;1.369413992465795407e-17;-2.276125361246447376e+00;-8.877697159833745831e-18;-1.042669465431834669e-17
2.843819999999974613e+01;1.104254812900562785e-17;-2.642254201653104317e+00;-9.694247844133428092e-18;-5.287667530955407734e-18
2.850479999999974368e+01;9.424808981201419544e-18;-2.587650176547011682e+00;-8.015396841017869305e-18;-4.957866256075863247e-18
2.857139999999974123e+01;6.815258863431257086e-18;-3.120903220677482715e+00;-6.813800270707172914e-18;-1.409937817393563267e-19
2.863799999999974233e+01;1.579232493545681211e-18;-2.217368382008443994e+00;-9.514148127449698046e-19;-1.260470199076504672e-18
2.870459999999974343e+01;6.479541254387026867e-18;-4.978000295353720017e-01;5.693152762709578615e-18;-3.093940285098550360e-18
2.877119999999974453e+01;1.403875950970834487e-17;-5.022818790276555312e-01;1.230478019654003064e-17;-6.758635430785030635e-18
2.883779999999974208e+01;2.268356893043586620e-17;-8.283345672856549102e-01;1.533644711989325714e-17;-1.671339849224427467e-17
2.890439999999973963e+01;3.111465997514421395e-17;-1.076541023982722001e+00;1.476005445540104962e-17;-2.739092656049511869e-17
2.897099999999974074e+01;4.304680025336319126e-17;-1.298840446942801652e+00;1.156305694561381754e-17;-4.146471664108464192e-17
2.903759999999973829e+01;5.236255041508912227e-17;-1.575563108607066720e+00;-2.495999077114450923e-19;-5.236195551981248055e-17
2.910419999999973939e+01;6.353922273842253189e-17;-1.837368141613762162e+00;-1.673787634315326146e-17;-6.129499426318744112e-17
2.917079999999974049e+01;7.314622686785081674e-17;-2.120438565659839902e+00;-3.821028657252854841e-17;-6.237262624780477145e-17
2.923739999999973804e+01;8.041466627479113189e-17;-2.434445527460797898e+00;-6.113270787787923870e-17;-5.224280409399855639e-17
2.930399999999973915e+01;8.592583058158142540e-17;-2.724811144673636054e+00;-7.857028580931906193e-17;-3.478445844017910707e-17
2.937059999999973670e+01;8.789650030016748846e-17;-3.048615863237022605e+00;-8.751685519619615552e-17;-8.160565028561238776e-18
2.943719999999973425e+01;8.641151815925961848e-17;2.931506577125569279e+00;-8.451158531061137053e-17;1.802061094622796534e-17
2.950379999999973535e+01;8.166893882251908085e-17;2.602525849430983307e+00;-7.008731122426072534e-17;4.192355392556766890e-17
2.957039999999973645e+01;7.689821095231002915e-17;2.260652736016940167e+00;-4.894005401163494781e-17;5.931446670926265912e-17
2.963699999999973400e+01;6.460769341467233739e-17;1.961145293206455031e+00;-2.458394798902875237e-17;5.974766564173888720e-17
2.970359999999973510e+01;5.169756181660289108e-17;1.626677711283345262e+00;-2.887428005394682256e-18;5.161686407846896550e-17
2.977019999999973265e+01;3.941526511562443706e-17;1.416546432721983662e+00;6.055719655597808236e-18;3.894728981056020995e-17
2.983679999999973020e+01;2.392521156500066195e-17;1.099727336487979379e+00;1.085819658660647412e-17;2.131936479627498037e-17
2.990339999999973131e+01;1.233664325958140476e-17;8.245640932737466899e-01;8.375064543850595087e-18;9.058204060436701288e-18
2.996999999999973241e+01;9.093960837803919433e-19;2.946700810689230288e+00;-8.921799618916034840e-19;1.761140334959441805e-19
3.003659999999973351e+01;7.360877257517519133e-18;-2.838989204438717717e+00;-7.026427559225909038e-18;-2.193588328558773701e-18
3.010319999999973106e+01;1.383646100093418780e-17;-3.124899592068174137e+00;-1.383453322332996959e-17;-2.309621677937246036e-19
3.016979999999972861e+01;1.652425696475490748e-17;2.975918934893598600e+00;-1.629799810734522304e-17;2.725128608015159431e-18
3.023639999999972972e+01;1.587874636919597014e-17;2.670370571213665833e+00;-1.414818782963234154e-17;7.208562089258685801e-18
3.030299999999972727e+01;1.366574003350418927e-17;2.336541428591122571e+00;-9.471373338398870078e-18;9.851169359420542294e-18
3.036959999999972837e+01;1.379102060806949131e-17;1.862232036998924256e+00;-3.962542100000021803e-18;1.320948558869439166e-17
3.043619999999972947e+01;1.500373019661286681e-17;1.260307134052473854e+00;4.584006785268712870e-18;1.428631518640699490e-17
3.050279999999972702e+01;1.726787116074213209e-17;7.017805718182302810e-01;1.318736786437568807e-17;1.114776673749595739e-17
3.056939999999972457e+01;1.979312257270002400e-17;3.809498667365535662e-01;1.837419105754634166e-17;7.359130665962610414e-18
3.063599999999972567e+01;2.304389245058021789e-17;1.069495317875516355e-01;2.291222767070166842e-17;2.459837888935112334e-18
3.070259999999972322e+01;2.481828179190263108e-17;-1.433600245777986448e-01;2.456368441983158870e-17;-3.545774784896593769e-18
3.076919999999972433e+01;2.629867153583840176e-17;-3.563001669896457280e-01;2.464695114667847552e-17;-9.173217740965356359e-18
3.083579999999972543e+01;2.594390724073949657e-17;-5.517951563431600093e-01;2.209343819004061629e-17;-1.360023205165816737e-17
3.090239999999972298e+01;2.400059787135961962e-17;-7.166541980072599349e-01;1.809663530139005227e-17;-1.576516694967722455e-17
3.096899999999972408e+01;2.203757746959337330e-17;-8.960553845713439269e-01;1.376676550535194100e-17;-1.720845688168992625e-17
3.103559999999972163e+01;1.685529173418131331e-17;-1.054101188032619429e+00;8.326672684688673745e-18;-1.465494392505206702e-17
3.110219999999971918e+01;1.315134036779927651e-17;-1.366778347202348032e+00;2.664535259100375752e-18;-1.287858708565181652e-17
3.116879999999972028e+01;7.885124068817307555e-18;-1.277990915467745570e+00;2.275957200481571003e-18;-7.549516567451065017e-18
3.123539999999972139e+01;5.776428089442277159e-18;-1.537155177253824334e+00;1.942890293094023986e-19;-5.773159728050814516e-18
3.130199999999971894e+01;9.413220781703038261e-19;-5.960490988384328226e-01;7.790005123120952541e-19;-5.284368048010592766e-19
3.136859999999972004e+01;3.382082660980460211e-18;1.165904540509813181e+00;1.332267629550187876e-18;3.108624468950438378e-18
3.143519999999971759e+01;7.536443801682121318e-18;7.853981633974482790e-01;5.329070518200751505e-18;5.329070518200751505e-18
3.150179999999971514e+01;1.137423353269335466e-17;6.747409422235526311e-01;8.881784197001252508e-18;7.105427357601002007e-18
3.156839999999971624e+01;1.432144669219779164e-17;5.191461142465229051e-01;1.243449787580175351e-17;7.105427357601002007e-18
3.163499999999971735e+01;1.421085471520200401e-17;0.000000000000000000e+00;1.421085471520200401e-17;0.000000000000000000e+00
3.170159999999971845e+01;1.913194867290181298e-17;-3.805063771123649019e-01;1.776356839400250502e-17;-7.105427357601002007e-18
3.176819999999971600e+01;2.309263891220325498e-17;-3.947911196997614947e-01;2.131628207280300602e-17;-8.881784197001252508e-18
3.183479999999971355e+01;2.383232787117382274e-17;-4.636476090008060935e-01;2.131628207280300602e-17;-1.065814103640150301e-17
3.190139999999971465e+01;1.280949133595750856e-17;-9.827937232473290541e-01;7.105427357601002007e-18;-1.065814103640150301e-17
3.196799999999971220e+01;1.749508591650102928e-17;-1.989020656374125728e+00;-7.105427357601002007e-18;-1.598721155460225606e-17
3.203459999999971330e+01;1.464821375527115876e-17;-1.325817663668032553e+00;3.552713678800501003e-18;-1.421085471520200401e-17
3.210119999999971441e+01;1.243449787580175351e-17;-1.570796326794896558e+00;0.000000000000000000e+00;-1.243449787580175351e-17
3.216779999999971551e+01;1.588821858078254850e-17;-2.034443935795702707e+00;-7.105427357601002007e-18;-1.421085471520200401e-17
3.223439999999970951e+01;1.035785127862229925e-17;-2.601173153319209064e+00;-8.881784197001252508e-18;-5.329070518200751505e-18
3.230099999999971061e+01;1.012679207245470783e-17;-2.875340604438867853e+00;-9.769962616701376989e-18;-2.664535259100375752e-18
3.236759999999971171e+01;8.188600426433446855e-18;2.922923707715851194e+00;-7.993605777301128028e-18;1.776356839400250502e-18
3.243419999999971282e+01;7.174480752338180251e-18;2.761086276477428214e+00;-6.661338147750938996e-18;2.664535259100375752e-18
3.250079999999970681e+01;5.084045691930021752e-18;2.589937671061246505e+00;-4.329869796038110501e-18;2.664535259100375752e-18
3.256739999999970792e+01;2.561683255109934822e-18;1.942248625366374881e+00;-9.298117831235686581e-19;2.386979502944086756e-18
3.263399999999970902e+01;7.684522154971544626e-19;6.568624965762698276e-01;6.085465279997730252e-19;4.692439991751697231e-19
3.270059999999970302e+01;2.789711510582121499e-18;-6.902797070145499925e-01;2.151057110211240782e-18;-1.776356839400250502e-18
3.276719999999970412e+01;3.281333889646083478e-18;-1.272452867844280577e+00;9.645062526431048308e-19;-3.136380044566067316e-18
3.283379999999970522e+01;2.708480599555954307e-18;-1.026861902511074121e+00;1.401656568589260222e-18;-2.317590563905014411e-18
3.290039999999970632e+01;1.864342757886610801e-18;1.118902661716761060e-01;1.852684672343230082e-18;2.081668171172168436e-19
3.296699999999970743e+01;7.166234852911649839e-18;7.580077549225857636e-01;5.204170427930421283e-18;4.926614671774131902e-18
3.303359999999970853e+01;1.427729061016314305e-17;6.349958460872892063e-01;1.149427775182232439e-17;8.468920009718771668e-18
3.310019999999970253e+01;2.231601890559823160e-17;4.432745523613478289e-01;2.015922151432647601e-17;9.571336778702033267e-18
3.316679999999970363e+01;2.885712309366556585e-17;3.060478259966975534e-01;2.751618377594411430e-17;8.694434061595757946e-18
3.323339999999970473e+01;3.328307210032568394e-17;1.506759361234048800e-01;3.290596961580405584e-17;4.996003610813204247e-18
