Частота;Амплитуда;Фаза;Действительная часть;Мнимая часть
-3.329999999999969873e+01;4.723998969780040961e-17;3.141592653589793116e+00;-4.723998969780040961e-17;0.000000000000000000e+00
-3.323339999999970473e+01;4.389549241423737831e-17;2.959366524324801073e+00;-4.316870211990009324e-17;7.954710024363210495e-18
-3.316679999999970363e+01;3.620077035511598398e-17;2.722164723153525312e+00;-3.306296209037995462e-17;1.474233062015439686e-17
-3.310019999999970253e+01;2.183794355267814320e-17;2.546121254402234690e+00;-1.807928806663028457e-17;1.224888246387223480e-17
-3.303359999999970853e+01;1.347844374246072429e-17;2.266523331164566724e+00;-8.638922910364500070e-18;1.034589081072567823e-17
-3.296699999999970743e+01;2.875416013597754906e-18;1.527345431403365872e+00;1.249000902703301254e-19;2.872702076217592789e-18
-3.290039999999970632e+01;2.870153332337407489e-18;-6.309292373223074346e-01;2.317590563905014411e-18;-1.693090112553363687e-18
-3.283379999999970522e+01;2.831068712794148996e-18;-2.060753653048625011e+00;-1.332267629550187876e-18;-2.498001805406602124e-18
-3.276719999999970412e+01;1.828767176403433748e-18;-2.989231800593997512e+00;-1.807581861967833057e-18;-2.775557561562891409e-19
-3.270059999999970302e+01;4.691287590150092644e-18;2.121869914040114047e+00;-2.456368441983158716e-18;3.996802888650564014e-18
-3.263399999999970902e+01;3.794299872214038113e-18;1.212025656524324368e+00;1.332267629550187876e-18;3.552713678800501003e-18
-3.256739999999970792e+01;5.958081967793455686e-18;2.034443935795702707e+00;-2.664535259100375752e-18;5.329070518200751505e-18
-3.250079999999970681e+01;3.972054645195637124e-18;2.034443935795702707e+00;-1.776356839400250502e-18;3.552713678800501003e-18
-3.243419999999971282e+01;5.024295867788080879e-18;2.356194490192344837e+00;-3.552713678800501003e-18;3.552713678800501003e-18
-3.236759999999971171e+01;1.421085471520200401e-17;1.570796326794896558e+00;0.000000000000000000e+00;1.421085471520200401e-17
-3.230099999999971061e+01;3.552713678800501003e-18;1.570796326794896558e+00;0.000000000000000000e+00;3.552713678800501003e-18
-3.223439999999970951e+01;1.749508591650102928e-17;1.152571997215667610e+00;7.105427357601002007e-18;1.598721155460225606e-17
-3.216779999999971551e+01;1.393761091115238785e-17;1.035841253008800145e+00;7.105427357601002007e-18;1.199040866595169050e-17
-3.210119999999971441e+01;1.630478840891475791e-17;5.123894603107377321e-01;1.421085471520200401e-17;7.993605777301128028e-18
-3.203459999999971330e+01;1.004859173557616176e-17;7.853981633974482790e-01;7.105427357601002007e-18;7.105427357601002007e-18
-3.196799999999971220e+01;1.035785127862229925e-17;5.404195002705841633e-01;8.881784197001252508e-18;5.329070518200751505e-18
-3.190139999999971465e+01;9.057678187205882491e-18;1.973955598498807473e-01;8.881784197001252508e-18;1.776356839400250502e-18
-3.183479999999971355e+01;8.997602480567049582e-18;-2.749098414806725454e-01;8.659739592076221003e-18;-2.442490654175344247e-18
-3.176819999999971600e+01;7.037666885681480677e-18;-5.661242569197511010e-01;5.939693181744587374e-18;-3.774758283725532509e-18
-3.170159999999971845e+01;3.802059575236015424e-18;-8.454422545729616267e-01;2.522287934070277444e-18;-2.844946500601963851e-18
-3.163499999999971735e+01;4.881384625147433286e-19;3.906331636702728427e-01;4.513660905343524841e-19;1.858704142729344438e-19
-3.156839999999971624e+01;3.853490365901524286e-18;1.992254487317232314e+00;-1.576429958793923547e-18;3.516284485804988215e-18
-3.150179999999971514e+01;1.000181833324635061e-17;1.578145947297582508e+00;-7.350890729451720573e-20;1.000154820074428181e-17
-3.143519999999971759e+01;1.472396753209327681e-17;1.169091373933423439e+00;5.756896695463531333e-18;1.355187663476531410e-17
-3.136859999999972004e+01;2.001877434118962664e-17;9.271013278195429086e-01;1.201436953396362054e-17;1.601269030565566381e-17
-3.130199999999971894e+01;2.506620914147961815e-17;6.927809904174958566e-01;1.928776691313693786e-17;1.600927506881233511e-17
-3.123539999999972139e+01;3.048162392274484884e-17;4.243186986903689784e-01;2.777849632718161291e-17;1.254928439268186696e-17
-3.116879999999972028e+01;3.315211952316410845e-17;4.371770437786979269e-01;3.003417810000476127e-17;1.403606692543723809e-17
-3.110219999999971918e+01;3.187299818611194205e-17;1.846125262401812073e-01;3.133139471210417462e-17;5.850787875681837026e-18
-3.103559999999972163e+01;2.020511363398003986e-17;1.913615403868474674e-01;1.983629324721042795e-17;3.842926901818469278e-18
-3.096899999999972408e+01;1.169582226409149411e-17;-1.008036183851317158e-01;1.163644977942844291e-17;-1.176985541142281048e-18
-3.090239999999972298e+01;5.792931621147867759e-18;7.771830905218700680e-01;4.129733388773166422e-18;4.062432633896464860e-18
-3.083579999999972543e+01;4.419126401500083319e-18;2.255558027555776945e+00;-2.795046408413605761e-18;3.422921811442570036e-18
-3.076919999999972433e+01;4.894173125281746553e-18;1.917082997781117015e+00;-1.661117848564432616e-18;4.603652688182588375e-18
-3.070259999999972322e+01;4.575521356824886063e-18;1.606108192078472996e+00;-1.615366181192046173e-19;4.572668980777774762e-18
-3.063599999999972567e+01;4.444552122022992917e-18;9.434295391918559037e-01;2.609018807653282419e-18;3.598202944066737267e-18
-3.056939999999972457e+01;2.640444699558368206e-18;-6.748696827881509597e-01;2.061628537808093502e-18;-1.649738156048148365e-18
-3.050279999999972702e+01;2.621608876361760043e-18;1.815411488569663723e+00;-6.349090000253905215e-19;2.543565148036418584e-18
-3.043619999999972947e+01;2.541468360962303921e-18;-2.250598739329134901e+00;-1.597667077245327160e-18;-1.976492180621717329e-18
-3.036959999999972837e+01;2.190256401764890455e-18;-2.311101685407448425e+00;-1.477357244070896597e-18;-1.616984439895242609e-18
-3.030299999999972727e+01;4.681148826555820217e-18;-2.755000545520258193e+00;-4.335676895391184933e-18;-1.764953312452198819e-18
-3.023639999999972972e+01;4.881776648267269578e-18;-2.567260611031321194e+00;-4.098521818153597815e-18;-2.652142935380095073e-18
-3.016979999999972861e+01;5.356056458924888579e-18;-3.064226486186718557e+00;-5.340035050832223761e-18;-4.139643065220741375e-19
-3.010319999999973106e+01;2.723965910772088172e-18;-2.888256341167246166e+00;-2.637021315031481227e-18;-6.827216615268989870e-19
-3.003659999999973351e+01;5.839119452647962909e-18;-1.410783688848875173e+00;9.303508912484577050e-19;-5.764526277279429789e-18
-2.996999999999973241e+01;7.702588771979974245e-18;-1.142398350729318501e+00;3.199763853134444935e-18;-7.006524464697613238e-18
-2.990339999999973131e+01;1.430547268051685306e-17;-1.319730400383408053e+00;3.554003106432751836e-18;-1.385696974567240619e-17
-2.983679999999973020e+01;1.873733692820520982e-17;-1.515940765959208125e+00;1.027331715275772974e-18;-1.870915243157399695e-17
-2.977019999999973265e+01;1.960851921017440220e-17;-1.712756132201987747e+00;-2.774281458723572778e-18;-1.941126961338596036e-17
-2.970359999999973510e+01;1.912153019003368805e-17;-2.018535731878615902e+00;-8.278262616619248089e-18;-1.723668427681652578e-17
-2.963699999999973400e+01;1.825017896390211749e-17;-2.361241090379761154e+00;-1.296978618978381995e-17;-1.283953575507106523e-17
-2.957039999999973645e+01;1.468579092172890267e-17;-2.530167156887683344e+00;-1.202517447303462410e-17;-8.430162150861130977e-18
-2.950379999999973535e+01;1.242483251105742080e-17;-2.749766471167403026e+00;-1.148319451995560426e-17;-4.744755688619917033e-18
-2.943719999999973425e+01;3.650900928818075932e-18;2.861769048718216801e+00;-3.508896111138450901e-18;1.008328157537091698e-18
-2.937059999999973670e+01;6.103747268048527152e-18;-2.300790143984433600e-01;5.942903630059483580e-18;-1.391986765754500707e-18
-2.930399999999973915e+01;2.032143523603554005e-17;-6.230002140355435092e-01;1.650367903097810755e-17;-1.185703624413960682e-17
-2.923739999999973804e+01;3.795718556208000395e-17;-1.004142627904011542e+00;2.037586428844810414e-17;-3.202455449015520358e-17
-2.917079999999974049e+01;6.139577229554060846e-17;-1.397666466863149548e+00;1.057641992860743911e-17;-6.047793148959071541e-17
-2.910419999999973939e+01;8.306131834713260304e-17;-1.856650362327692649e+00;-2.342137586587817416e-17;-7.969078841442695275e-17
-2.903759999999973829e+01;9.877198723809898088e-17;-2.343189375302582977e+00;-6.892815365016449278e-17;-7.074471780523618635e-17
-2.897099999999974074e+01;1.138329397727313978e-16;-2.752437664558263553e+00;-1.053216500676475859e-16;-4.318898244147783951e-17
-2.890439999999973963e+01;1.114584641810972708e-16;3.000740345375162654e+00;-1.103546578874420404e-16;1.564732309868263609e-17
-2.883779999999974208e+01;1.028595805530336229e-16;2.585067455705380990e+00;-8.733763364515564000e-17;5.433443715371116669e-17
-2.877119999999974453e+01;9.327003997311162938e-17;2.167398326583320767e+00;-5.240234757667135231e-17;7.715759408534953587e-17
-2.870459999999974343e+01;7.387528099884680720e-17;1.812212166819115344e+00;-1.766192834526895395e-17;7.173293127835471661e-17
-2.863799999999974233e+01;5.920183614059800399e-17;1.467338714277342859e+00;6.113960215969899223e-18;5.888528587767705831e-17
-2.857139999999974123e+01;4.139509682883099719e-17;1.164403149674014593e+00;1.636343417225039087e-17;3.802357247233250678e-17
-2.850479999999974368e+01;2.688989204830308237e-17;9.071897157732601302e-01;1.656315310799383884e-17;2.118320687456333640e-17
-2.843819999999974613e+01;1.688171510510654095e-17;6.193091949448463751e-01;1.374643697367144213e-17;9.799376277032181742e-18
-2.837159999999974502e+01;8.023546068227909068e-18;2.194974675784655271e-01;7.831037075748719645e-18;1.747040304979960099e-18
-2.830499999999974747e+01;2.110460807564044569e-18;-2.379410384297521386e+00;-1.526561460219346872e-18;-1.457276544941575496e-18
-2.823839999999974637e+01;4.590308133079311774e-18;2.782683913942273879e+00;-4.297816862707973620e-18;1.612358201900890484e-18
-2.817179999999974527e+01;9.704471600775125879e-18;2.618946546656682806e+00;-8.408937695094351594e-18;4.844227068405468570e-18
-2.810519999999974772e+01;1.293268277983047708e-17;2.348871375076594159e+00;-9.077574750822547485e-18;9.211510219662827651e-18
-2.803859999999975017e+01;1.618965923313242637e-17;2.068198616380140908e+00;-7.724802297760011915e-18;1.422787740829501433e-17
-2.797199999999974906e+01;1.879971054843075218e-17;1.950684751538453332e+00;-6.971249467339741071e-18;1.745940427302414538e-17
-2.790539999999975151e+01;2.076019579467123790e-17;1.690195943085369690e+00;-2.472873965557010277e-18;2.061239005509927651e-17
-2.783879999999975041e+01;1.970630727152600303e-17;1.647876395075679845e+00;-1.517459844478062882e-18;1.964779534452136369e-17
-2.777219999999974931e+01;1.979137295927148142e-17;1.205665523966246599e+00;7.066934783395209340e-18;1.848666753041827168e-17
-2.770559999999975176e+01;1.524682112608470331e-17;1.131929959240949524e+00;6.478580673670025371e-18;1.380193996891640073e-17
-2.763899999999975421e+01;1.471724683244601532e-17;6.403346677211181337e-01;1.180169917208414997e-17;8.793022857855574566e-18
-2.757239999999975311e+01;1.278168989866423525e-17;6.274542985011281049e-01;1.034709336291836814e-17;7.503949333828553717e-18
-2.750579999999975556e+01;1.539197493651511605e-17;6.494906479797122323e-01;1.225804490612686670e-17;9.308771536872449714e-18
-2.743919999999975445e+01;1.521777631941935951e-17;6.181428026449520274e-01;1.240182039168131011e-17;8.819045701228576924e-18
-2.737259999999975335e+01;1.983078007154365805e-17;4.007242427958333519e-01;1.825976027179233667e-17;7.735696029615393003e-18
-2.730599999999975580e+01;1.816830949551561524e-17;2.510991945974868078e-01;1.759854933549738454e-17;4.514258655738216605e-18
-2.723939999999975470e+01;8.961177682612947896e-18;3.410784113342777979e-01;8.444964392608804826e-18;2.997545974114450294e-18
-2.717279999999975715e+01;4.670404369486373213e-18;2.864951169874861758e+00;-4.492827008079906664e-18;1.275610618482442361e-18
-2.710619999999975960e+01;2.526736387310080638e-17;2.271181457786781266e+00;-1.628512437617994020e-17;1.931927537844082446e-17
-2.703959999999975850e+01;4.594679414698012265e-17;1.873004660439108182e+00;-1.367510694449768053e-17;4.386455679066549841e-17
-2.697299999999975739e+01;6.610307133324720301e-17;1.370728742486329255e+00;1.313703139247983588e-17;6.478452319714460962e-17
-2.690639999999975629e+01;8.450011039283198363e-17;9.004243426602374090e-01;5.249801845761857426e-17;6.621349344676151764e-17
-2.683979999999975874e+01;9.481533631434965896e-17;4.322454540573201220e-01;8.609492281074998440e-17;3.971916749649006525e-17
-2.677319999999976119e+01;9.887249910048317037e-17;-3.491043657996850680e-02;9.881225535461781176e-17;-3.450981035713021244e-18
-2.670659999999976009e+01;9.715797189668046678e-17;-4.625937695018916829e-01;8.694647333519206884e-17;-4.335876240910119549e-17
-2.663999999999976254e+01;8.409140609144355065e-17;-8.824960583291133753e-01;5.341699304935689798e-17;-6.494605016474078994e-17
-2.657339999999976143e+01;7.340106776818086948e-17;-1.268342309333549300e+00;2.186351560338025723e-17;-7.006927597006998849e-17
-2.650679999999976033e+01;5.620804262552602493e-17;-1.640059359739158840e+00;-3.890027451039743661e-18;-5.607327119245949426e-17
-2.644019999999976278e+01;4.169146700853014663e-17;-1.936010910651518646e+00;-1.489009635785808090e-17;-3.894179569276510649e-17
-2.637359999999976523e+01;3.006310128423757832e-17;-2.229282178789738111e+00;-1.839621247006362079e-17;-2.377749830370308480e-17
-2.630699999999976413e+01;2.035675498993975375e-17;-2.506605564877880887e+00;-1.638880317906928103e-17;-1.207495772572996345e-17
-2.624039999999976658e+01;1.032173612063418473e-17;-2.655029523946291992e+00;-9.123848320239057071e-18;-4.826347311712594710e-18
-2.617379999999976548e+01;6.992623633905871659e-18;-2.622313083303292824e+00;-6.070834460774550345e-18;-3.470123086481392066e-18
-2.610719999999976437e+01;3.483723629100119597e-18;1.623119685788260436e-01;3.437934633669390167e-18;5.629704952899590790e-19
-2.604059999999976682e+01;7.461462197164893277e-18;4.684778037534656492e-01;6.657539165763556602e-18;3.369063723951363421e-18
-2.597399999999976927e+01;1.045738573296667646e-17;-7.706141115204059311e-01;7.502996797323356356e-18;-7.284363762705050059e-18
-2.590739999999976817e+01;1.254934081656075332e-17;-5.188184907749279207e-01;1.089791837206586237e-17;-6.222646549980727759e-18
-2.584079999999977062e+01;1.121430966714752605e-17;-1.165199939874350887e+00;4.424794626263883309e-18;-1.030446184068167104e-17
-2.577419999999976952e+01;1.468810784249968362e-17;-1.153883345156025753e+00;5.947799339023962367e-18;-1.342997375334765326e-17
-2.570759999999976841e+01;1.270435413607914950e-17;-1.519046626891677132e+00;6.571531095572805096e-19;-1.268734660224550522e-17
-2.564099999999976731e+01;1.634492440231412571e-17;-1.988691176237074476e+00;-6.633380989429307506e-18;-1.493836705823101853e-17
-2.557439999999976976e+01;1.755196457003904926e-17;-2.364669039303075593e+00;-1.251584483186828383e-17;-1.230549017359739178e-17
-2.550779999999977221e+01;1.657073625248735276e-17;-2.631653598496769053e+00;-1.446251203631430755e-17;-8.088575001133540854e-18
-2.544119999999977111e+01;1.615418081664479011e-17;-2.979476839332823257e+00;-1.594236697403572946e-17;-2.607392015411051583e-18
-2.537459999999977356e+01;1.566540556373954463e-17;3.033898149713153636e+00;-1.557464881340790386e-17;1.683818819069799837e-18
-2.530799999999977246e+01;1.418862979194790730e-17;2.672209585945644061e+00;-1.265409427388142159e-17;6.418030342766628474e-18
-2.524139999999977135e+01;1.344367521653078470e-17;2.246698302263264058e+00;-8.410379898450775455e-18;1.048798900129568010e-17
-2.517479999999977380e+01;1.144698825154484771e-17;1.910767563260497237e+00;-3.817112416719008561e-18;1.079181137850061521e-17
-2.510819999999977625e+01;1.055724463697406222e-17;1.563811337354320319e+00;7.374164266402113369e-20;1.055698709362926176e-17
-2.504159999999977515e+01;5.877032888777328925e-18;1.380226768416346061e+00;1.113216832767766392e-18;5.770638080750941402e-18
-2.497499999999977760e+01;9.508473121894186557e-19;1.953035218488436697e-01;9.327705751626729362e-19;1.845255137062029297e-19
-2.490839999999977650e+01;6.447217047635791820e-18;-2.579994890581072564e+00;-5.456958809995003498e-18;-3.433396016387198436e-18
-2.484179999999977539e+01;1.200231601883356527e-17;-2.716599175912846498e+00;-1.093460705577997714e-17;-4.948733004682668100e-18
-2.477519999999977784e+01;1.299307856480883332e-17;-2.884241352690194216e+00;-1.256518421884873677e-17;-3.306998055289643085e-18
-2.470859999999978029e+01;1.041268335255973326e-17;-3.004095611358116980e+00;-1.031441016122455156e-17;-1.427206231314288555e-18
-2.464199999999977919e+01;1.116207079209183385e-17;-3.127910065994896183e+00;-1.116102596487826139e-17;-1.527212460102107539e-19
-2.457539999999978164e+01;6.555243030229735550e-18;3.128483635908996696e+00;-6.554679791019479524e-18;8.593033560017892613e-20
-2.450879999999978054e+01;4.862953447954120450e-18;2.577754290602531917e+00;-4.110216831558334310e-18;2.598929363130794779e-18
-2.444219999999977944e+01;5.643772996579764175e-18;2.050754700014712384e+00;-2.605968455467902307e-18;5.006106475698370778e-18
-2.437559999999978189e+01;1.977882671833614892e-18;2.309527016037731251e+00;-1.331807341789357807e-18;1.462295820925315783e-18
-2.430899999999978434e+01;1.619421271601991051e-18;-7.296510802167638365e-01;1.207128018177876413e-18;-1.079521747185744584e-18
-2.424239999999978323e+01;5.003749123535160694e-18;-2.542453107710374915e+00;-4.132201896845810941e-18;-2.821774756245221004e-18
-2.417579999999978568e+01;7.693484965191849530e-18;-2.356304280694561548e+00;-5.440712630056022996e-18;-5.439518084056886457e-18
-2.410919999999978458e+01;5.743180322650303383e-18;-2.822728688992637291e+00;-5.453679032117749107e-18;-1.800418071759126426e-18
-2.404259999999978348e+01;3.682378573055275454e-18;-3.043028044883009819e+00;-3.664505928512902639e-18;-3.623648095364619440e-19
-2.397599999999978237e+01;5.005482216498904543e-18;2.016654611116868612e+00;-2.158526200677811968e-18;4.516150668508989524e-18
-2.390939999999978838e+01;6.110256424045248232e-18;1.090851416510539629e+00;2.821290596170021957e-18;5.419921857328648147e-18
-2.384279999999978727e+01;1.917316044415467512e-18;-4.097598402233550430e-01;1.758593962067662920e-18;-7.638377384969488148e-19
-2.377619999999978617e+01;5.057179444378454047e-18;-1.913918021466432640e+00;-1.701379065441196018e-18;-4.762391542945877041e-18
-2.370959999999978862e+01;6.415150557089989912e-18;-4.579344666007517106e-01;5.754182038740292007e-18;-2.836114549021360593e-18
-2.364299999999978752e+01;9.341390362911011808e-18;-1.528539522044703558e+00;3.946198428556201794e-19;-9.333051435190492769e-18
-2.357639999999978642e+01;8.866038773603751742e-18;-1.905224441914880273e+00;-2.910091237131392229e-18;-8.374844029987436059e-18
-2.350979999999978887e+01;1.430246845275031937e-17;-2.276993549671378236e+00;-9.281518016909293542e-18;-1.088182094797126515e-17
-2.344319999999979132e+01;1.518059441761131576e-17;-2.724477105352478112e+00;-1.387903007147192493e-17;-6.150038304530289550e-18
-2.337659999999979021e+01;1.551167073867727806e-17;-2.934245213762799231e+00;-1.517941735564272011e-17;-3.193308292092926113e-18
-2.330999999999979266e+01;1.540312015240282430e-17;-3.118317926714006649e+00;-1.539894830620728446e-17;-3.584710478040576392e-19
-2.324339999999979156e+01;1.165908270732741846e-17;-3.079116471003323863e+00;-1.163633581407188297e-17;-7.279412053519940387e-19
-2.317679999999979046e+01;9.076961681170601149e-18;-2.760647404549041894e+00;-8.426267052753199801e-18;-3.374797314969497292e-18
-2.311019999999979291e+01;8.590101829578587667e-18;-2.360280920086790246e+00;-6.098889932688677786e-18;-6.049247145842042203e-18
-2.304359999999979536e+01;1.134669367935123765e-17;-2.162298713300225383e+00;-6.327016117236602918e-18;-9.418934361447562225e-18
-2.297699999999979426e+01;1.066805320562942097e-17;-2.095757997998601407e+00;-5.346613171831242696e-18;-9.231526785366588996e-18
-2.291039999999979671e+01;7.913662983958767019e-18;-2.374334122013001203e+00;-5.696384417453243431e-18;-5.493383874468909753e-18
-2.284379999999979560e+01;5.896901126623254859e-18;-2.254806219581283244e+00;-3.726286871019222998e-18;-4.570364214375083202e-18
-2.277719999999979450e+01;8.098836801168630971e-19;1.714350310727117965e-01;7.980115711566819980e-19;1.381633367419780923e-19
-2.271059999999979340e+01;2.137457975518365175e-18;-1.457080890118470362e-01;2.114808069310586058e-18;-3.103440463194044961e-19
-2.264399999999979940e+01;1.718322402007992376e-18;-3.023417411115750131e+00;-1.706337839704575955e-18;-2.025908537788350803e-19
-2.257739999999979830e+01;1.347028536329607509e-17;2.967044296634838041e+00;-1.326560536320847696e-17;2.339295217847241254e-18
-2.251079999999979719e+01;2.956722397374246119e-17;2.850692470722705707e+00;-2.832498893216449862e-17;8.480314587691298266e-18
-2.244419999999979964e+01;4.691696059812928847e-17;2.680987211311836038e+00;-4.202744144286399334e-17;2.085414485259594901e-17
-2.237759999999979854e+01;5.716670641555623051e-17;2.575763845258810747e+00;-4.825696385088065904e-17;3.064796505964458890e-17
-2.231099999999979744e+01;5.728634563529089492e-17;2.315614351014913641e+00;-3.883086373070084377e-17;4.211756662217979404e-17
-2.224439999999980344e+01;5.433547528284159107e-17;2.168280475521312756e+00;-3.056719682318138109e-17;4.492204751105162637e-17
-2.217779999999980234e+01;4.375008358798339541e-17;1.978825308349025480e+00;-1.736007222843490389e-17;4.015840766488454387e-17
-2.211119999999980124e+01;3.005878636163888505e-17;1.862522244715078656e+00;-8.645076749601317595e-18;2.878877012878720779e-17
-2.204459999999980369e+01;2.099104513350799965e-17;1.700084158077938001e+00;-2.706332426731382901e-18;2.081585310749939149e-17
-2.197799999999980258e+01;1.222432049183574158e-17;1.814766952771494468e+00;-2.952877058730728251e-18;1.186231548067817080e-17
-2.191139999999980148e+01;1.023388603041233337e-17;1.414374918637470557e+00;1.594278879115184174e-18;1.010894149449268079e-17
-2.184479999999980393e+01;5.427594655653183461e-18;1.530711695108366577e+00;2.175048747979711301e-19;5.423234770458874293e-18
-2.177819999999980638e+01;4.829230106728501368e-18;1.516995068130954527e+00;2.596933321419398765e-19;4.822242507068053981e-18
-2.171159999999980528e+01;4.881639906495239935e-18;8.756860417914656969e-01;3.126544596498707272e-18;3.749016812817940432e-18
-2.164499999999980773e+01;4.886556518630892110e-19;2.210669801576858884e+00;-2.917733339676029671e-19;3.919855452477429499e-19
-2.157839999999980662e+01;1.462955172454231074e-18;2.481496033250638167e+00;-1.155636551055191930e-18;8.970741320960323970e-19
-2.151179999999980552e+01;3.243478102116825906e-18;2.836957426130293669e+00;-3.094136783977760803e-18;9.728657466203280629e-19
-2.144519999999980797e+01;7.007249820487944296e-18;2.697795385611150287e+00;-6.328441679317288092e-18;3.008716662999045191e-18
-2.137859999999981042e+01;8.078651058817195658e-18;2.247593516243317158e+00;-5.059654190516401547e-18;6.297976056045147718e-18
-2.131199999999980932e+01;7.457208491727203720e-18;2.304562795597892233e+00;-4.993880550615592462e-18;5.538150913009830048e-18
-2.124539999999981177e+01;9.457733072833932148e-18;1.928499440094832318e+00;-3.311376089956761594e-18;8.859091559964794499e-18
-2.117879999999981067e+01;1.126480356717572865e-17;1.556810770543852529e+00;1.575394081545032054e-19;1.126370191109181089e-17
-2.111219999999980956e+01;9.717120046799023703e-18;1.635090557453138693e+00;-6.243244167800960221e-19;9.697042901138246426e-18
-2.104559999999980846e+01;1.235831310170575011e-17;9.852269218516340743e-01;6.830118490515479677e-18;1.029938756069070868e-17
-2.097899999999981446e+01;1.350686604896984703e-17;5.596163699992631191e-01;1.144651286673187372e-17;7.170270124378580635e-18
-2.091239999999981336e+01;1.255271299031561771e-17;2.139819283272976214e-01;1.226642440542457931e-17;2.665602319034614456e-18
-2.084579999999981226e+01;1.334685247860980266e-17;-2.889927540043185639e-01;1.279337737352867129e-17;-3.803678017952785531e-18
-2.077919999999981471e+01;1.078248821236620816e-17;-4.140541148406011729e-01;9.871338656283426111e-18;-4.338055461007938403e-18
-2.071259999999981360e+01;9.042122851466400282e-18;-8.048170830240346518e-01;6.268389055388203374e-18;-6.516692743355349324e-18
-2.064599999999981250e+01;4.940027910758185812e-18;-1.525825302682032980e+00;2.220832400283521111e-19;-4.935033413622282492e-18
-2.057939999999981850e+01;2.487255891464399555e-18;-2.216205411425681948e+00;-1.496147315529236653e-18;-1.986953718600165263e-18
-2.051279999999981740e+01;3.450009932026785393e-18;1.592467321425950211e-01;3.406356999709329440e-18;5.470836513868046348e-19
-2.044619999999981630e+01;1.256761793057632351e-17;5.781349713915736599e-01;1.052516982214107150e-17;6.867737667094917890e-18
-2.037959999999981875e+01;2.674897025691566568e-17;2.466701841334905387e-01;2.593930188667781458e-17;6.531464417506352903e-18
-2.031299999999981765e+01;3.882449471795126309e-17;-7.711000462742111962e-03;3.882334048060244803e-17;-2.993727299550604668e-19
-2.024639999999981654e+01;4.659078441285661816e-17;-1.751932089708070628e-01;4.587761374418543321e-17;-8.120698821198307130e-18
-2.017979999999981899e+01;4.898574787558622070e-17;-3.398633286986688096e-01;4.618377460082687001e-17;-1.632980277132945127e-17
-2.011319999999982144e+01;4.271677486429669785e-17;-5.250329932464762317e-01;3.696314158676723692e-17;-2.141142262540274881e-17
-2.004659999999982034e+01;3.311858474502344601e-17;-6.866560453109346041e-01;2.561292817981114484e-17;-2.099567968819147097e-17
-1.997999999999982279e+01;2.835291592019279827e-17;-8.661920525457921238e-01;1.836510197826715324e-17;-2.160117752589821386e-17
-1.991339999999982169e+01;2.366855588979702254e-17;-1.010034738337814542e+00;1.258767893137202471e-17;-2.004372413073823341e-17
-1.984679999999982059e+01;2.074196312468137719e-17;-1.251267383636671227e+00;6.515452635997409668e-18;-1.969207737171770254e-17
-1.978019999999981948e+01;1.746499424692444011e-17;-1.404193661922017222e+00;2.896272695154314180e-18;-1.722317126781265328e-17
-1.971359999999982549e+01;1.216663745009528693e-17;-1.500933055717267317e+00;8.493098005940734588e-19;-1.213695759672398218e-17
-1.964699999999982438e+01;1.120937245697817494e-17;-1.663512389869318708e+00;-1.037800522584197093e-18;-1.116122757381932786e-17
-1.958039999999982328e+01;5.596478760332155981e-18;-1.262409448894592501e+00;1.698654481563150766e-18;-5.332461670477751442e-18
-1.951379999999982573e+01;4.626667175038791776e-18;-2.176231143395249479e+00;-2.633127249808093079e-18;-3.804298888744088801e-18
-1.944719999999982463e+01;2.262784862543206334e-18;-2.958278830823446892e+00;-2.224871946525431311e-18;-4.124804913190628453e-19
-1.938059999999982352e+01;2.061894611487919629e-18;1.378225840889129028e+00;3.946105378745559066e-19;2.023781587099080245e-18
-1.931399999999982953e+01;3.840265360554306732e-18;1.503420002810082590e+00;2.585472439591682030e-19;3.831552082657159986e-18
-1.924739999999982842e+01;8.267929724863666251e-18;6.596044206527075238e-01;6.533605015728133379e-18;5.066622882526027193e-18
-1.918079999999982732e+01;1.231892762575211318e-17;8.421179240774976371e-01;8.202979666576962853e-18;9.190598589767888412e-18
-1.911419999999982977e+01;1.214968783497218819e-17;3.375323297819595170e-01;1.146413842401564129e-17;4.023486632546368208e-18
-1.904759999999982867e+01;1.630222532581364659e-17;-4.827605606340520938e-02;1.628323221448894391e-17;-7.867014825391602854e-19
-1.898099999999982757e+01;1.826323234660898943e-17;-4.401394371445115361e-01;1.652260499481019279e-17;-7.781335356588747427e-18
-1.891439999999983357e+01;2.010353932907745463e-17;-8.329992725534319797e-01;1.352283612260195883e-17;-1.487565785963819544e-17
-1.884779999999983247e+01;1.431318037120848218e-17;-8.796861419811439209e-01;9.123121196630078874e-18;-1.102886177129565422e-17
-1.878119999999983136e+01;1.576281937105840120e-17;-1.382301595396310256e+00;2.953644997727349327e-18;-1.548361894881213296e-17
-1.871459999999983381e+01;1.697877202904369449e-17;-1.595611868672747624e+00;-4.212941856071943373e-19;-1.697354443902068580e-17
-1.864799999999983271e+01;1.806716023608745052e-17;-1.889003010262081172e+00;-5.652559975576974754e-18;-1.716015281747119940e-17
-1.858139999999983161e+01;1.975902890131028433e-17;-2.192255541935626439e+00;-1.150414459077019622e-17;-1.606467803466561625e-17
-1.851479999999983406e+01;1.730666710633747903e-17;-2.704974820919522127e+00;-1.568307820350912311e-17;-7.318591694595403074e-18
-1.844819999999983651e+01;1.462223264252920610e-17;-3.029330238951794207e+00;-1.453018847128161133e-17;-1.638081329263495059e-18
-1.838159999999983540e+01;8.573570477339429816e-18;2.710248727753122644e+00;-7.788271593452879803e-18;3.584541297923793763e-18
-1.831499999999983785e+01;1.711287335146034182e-18;1.001551178311543486e-02;1.711201505839684245e-18;1.713913192701684808e-20
-1.824839999999983675e+01;6.657532616868511800e-18;-1.338574229202847965e+00;1.532168155923463215e-18;-6.478827153632222512e-18
-1.818179999999983565e+01;1.099329577798446779e-17;-1.719781351756673349e+00;-1.631784117112602650e-18;-1.087151473610693265e-17
-1.811519999999983455e+01;1.548894439395841581e-17;-2.135117335665980942e+00;-8.284141474308608620e-18;-1.308741374270622520e-17
-1.804859999999984055e+01;1.951709879322928734e-17;-2.727992944382197749e+00;-1.787141714537192364e-17;-7.844080221465009537e-18
-1.798199999999983945e+01;1.927988593774187638e-17;3.083402295708827179e+00;-1.924725316550294768e-17;1.121270420270550255e-18
-1.791539999999983834e+01;2.248293826733762291e-17;2.657522318696101671e+00;-1.989982817292245313e-17;1.046323811356103075e-17
-1.784879999999984079e+01;2.996221169452305868e-17;2.453028918719675655e+00;-2.313560506331300351e-17;1.903885259099980828e-17
-1.778219999999983969e+01;3.075257257720498433e-17;2.349155339013103916e+00;-2.159174631282529523e-17;2.189788143357377969e-17
-1.771559999999983859e+01;3.132661572780106333e-17;1.905183859378876132e+00;-1.028110355916854817e-17;2.959148124989630981e-17
-1.764899999999984459e+01;2.592463626578512631e-17;2.084750646213795910e+00;-1.274518716422482518e-17;2.257536200511832459e-17
-1.758239999999984349e+01;2.881040957598090956e-17;1.480335965546223820e+00;2.602647056061410279e-18;2.869261103903489928e-17
-1.751579999999984238e+01;1.096390271108353218e-17;1.239660154337109299e+00;3.564558681880109008e-18;1.036827295462161134e-17
-1.744919999999984483e+01;1.399807578895612719e-17;1.070957720132341251e+00;6.709052305985331909e-18;1.228555016875160729e-17
-1.738259999999984373e+01;7.482737221576443501e-18;9.213020646293652582e-01;4.525437642638387629e-18;5.959175317924206482e-18
-1.731599999999984263e+01;3.478496616931821794e-18;5.527365517238355119e-01;2.960517063507927358e-18;1.826274193730099340e-18
-1.724939999999984863e+01;4.431155581889367306e-18;9.817500613435568013e-01;2.461809454750147933e-18;3.684377016459102728e-18
-1.718279999999984753e+01;3.206750443973584775e-18;-1.827561036116777782e+00;-8.143628033282903204e-19;-3.101622419715215874e-18
-1.711619999999984643e+01;4.213847623186907136e-18;-2.478098165281667598e+00;-3.319858286478517840e-18;-2.595198017326975105e-18
-1.704959999999984888e+01;6.199443848030101623e-18;-3.095365832852067900e+00;-6.192821172963182711e-18;-2.864785237625807027e-19
-1.698299999999984777e+01;8.040596502815014288e-18;-3.095425427604936885e+00;-8.032029109725604391e-18;-3.710801821730236511e-19
-1.691639999999984667e+01;9.148333312712886223e-18;3.135436366844110090e+00;-9.148159952954811450e-18;5.631940736690241256e-20
-1.684979999999984557e+01;1.020113092243631524e-17;-2.995447373865879559e+00;-1.009238454816957500e-17;-1.485545767909694327e-18
-1.678319999999985157e+01;1.368080788851856012e-17;-3.000242608252007503e+00;-1.354436514662961347e-17;-1.927349801493406846e-18
-1.671659999999985047e+01;1.133424079980070794e-17;2.925209478370546456e+00;-1.106993041711946728e-17;2.433445102729917975e-18
-1.664999999999984936e+01;1.431633558846989565e-17;2.703091520800083192e+00;-1.296185381249870334e-17;6.078471059822732065e-18
-1.658339999999985181e+01;1.500436250732721807e-17;2.006510242754686146e+00;-6.332707073662613243e-18;1.360248930786090368e-17
-1.651679999999985426e+01;1.878380896728906327e-17;1.576402595252710315e+00;-1.053065240938938167e-19;1.878351377819369392e-17
-1.645019999999985316e+01;2.099844414492641705e-17;1.076198986200423979e+00;9.967484457899244775e-18;1.848198880232134404e-17
-1.638359999999985206e+01;1.969798373667898440e-17;5.684194220850879997e-01;1.660053200575117518e-17;1.060343814130588993e-17
-1.631699999999985451e+01;1.784894374151237940e-17;6.088645321591203141e-02;1.781586951423479431e-17;1.086087537647494495e-18
-1.625039999999985341e+01;1.384208926450892000e-17;-4.309316608334829990e-01;1.257660356455783310e-17;-5.782082495657105307e-18
-1.618379999999985586e+01;7.352908791400235697e-18;-8.759837710767300889e-01;4.707637067259963207e-18;-5.648311335046155607e-18
-1.611719999999985475e+01;3.961968127903798289e-18;-9.825001642537249946e-01;2.198672137157782552e-18;-3.295911449024618056e-18
-1.605059999999985720e+01;8.343005282948953122e-18;1.244660660580951594e+00;2.672972034141201390e-18;7.903224510034698247e-18
-1.598399999999985610e+01;9.004679656446746353e-18;3.062120912800493922e-01;8.585802392593700903e-18;2.714452613430224591e-18
-1.591739999999985677e+01;1.303906795053443884e-17;3.265647355794236151e-01;1.234995233166399214e-17;4.182818478523955980e-18
-1.585079999999985922e+01;1.122092347076714775e-17;-1.724349029865663574e-01;1.105451608801717311e-17;-1.925304546450396333e-18
-1.578419999999985812e+01;1.527096993910041331e-17;-7.993691364026372925e-01;1.064629603332189501e-17;-1.094800911818139468e-17
-1.571759999999985880e+01;7.313310735348287623e-18;-1.934649829766776019e+00;-2.602647056061410279e-18;-6.834525748970106131e-18
-1.565099999999985947e+01;1.656943936142538598e-17;-1.659368162411225089e+00;-1.465667550977179029e-18;-1.650448846168718645e-17
-1.558439999999986014e+01;3.970306189961383474e-18;-6.437398225019210773e-01;3.175676201567546550e-18;-2.382941859308194596e-18
-1.551779999999986082e+01;1.144877353738911197e-17;-2.210013342679256532e+00;-6.829963117578712797e-18;-9.188363255930604858e-18
-1.545119999999986149e+01;5.300259452384894979e-18;3.068492316509735307e+00;-5.286104367091002973e-18;3.871057772971787845e-19
-1.538459999999986216e+01;5.702685703053925452e-18;-1.821807583512786932e+00;-1.416453899880551922e-18;-5.523973441041223761e-18
-1.531799999999986284e+01;7.177037959962023768e-18;-1.863231134724409710e+00;-2.069028907300057954e-18;-6.872335357030577002e-18
-1.525139999999986351e+01;9.352487218398303574e-18;-2.052516020166181399e+00;-4.333043347131207632e-18;-8.288169431315072548e-18
-1.518479999999986418e+01;8.699785483323437968e-18;-2.188489590994423306e+00;-5.038534821193271683e-18;-7.092209409730379183e-18
-1.511819999999986486e+01;6.506206402635993710e-18;-2.481774125482430371e+00;-5.140576333100852484e-18;-3.988131983430962150e-18
-1.505159999999986553e+01;4.922678546357485539e-18;-2.683564244910480845e+00;-4.415278572996916855e-18;-2.176712933209740949e-18
-1.498499999999986620e+01;3.327335478124012253e-19;-2.988896282153827411e+00;-3.288620410323962730e-19;-5.060999711355446884e-20
-1.491839999999986510e+01;2.560196268936119118e-18;1.313849004035774759e-01;2.538130993409073573e-18;3.354042274192343670e-19
-1.485179999999986755e+01;7.201492266034097962e-18;-2.618826811852346670e-01;6.955952094297877419e-18;-1.864462742878468104e-18
-1.478519999999986823e+01;8.113405964416581963e-18;-4.831330471850057151e-01;7.184776314915991100e-18;-3.769130622312359477e-18
-1.471859999999986712e+01;7.551982886924902956e-18;-6.128853247708465624e-01;6.177459317348913428e-18;-4.344127289445565191e-18
-1.465199999999986957e+01;9.156315408165311326e-18;-1.046154862275392672e+00;4.586423321790510401e-18;-7.924823844549580115e-18
-1.458539999999987025e+01;8.066405158205955500e-18;-9.793385668665768318e-01;4.497599586687046752e-18;-6.696154876805356834e-18
-1.451879999999986914e+01;9.345520306052332715e-18;-1.255101128054204151e+00;2.901572741154619617e-18;-8.883671843254057423e-18
-1.445219999999986982e+01;8.730414623399946801e-18;-1.626998997766406774e+00;-4.904143434281236467e-19;-8.716629696633648370e-18
-1.438559999999987227e+01;1.068598669879135155e-17;-1.244943393675353782e+00;3.420765494352147865e-18;-1.012366905619673991e-17
-1.431899999999987116e+01;7.923182210015083319e-19;-7.518894108419430511e-01;5.787089655371406071e-19;-5.411691940030654664e-19
-1.425239999999987184e+01;8.522754765199649392e-18;3.120643199324306671e-01;8.111121072858224539e-18;2.616689459826780609e-18
-1.418579999999987251e+01;1.270311764156486557e-17;4.610543863262676068e-01;1.137670772488387920e-17;5.651523613858829377e-18
-1.411919999999987319e+01;1.118360415437133458e-17;5.410156010643075719e-01;9.586429828321847554e-18;5.759632369199696763e-18
-1.405259999999987386e+01;6.484784726494839014e-18;5.506189028379225858e-01;5.526339161007183910e-18;3.392935075491300536e-18
-1.398599999999987453e+01;7.694974639379886350e-18;-5.616201318893138811e-02;7.682842193150053465e-18;-4.319381157676224513e-19
-1.391939999999987521e+01;2.247275111715882016e-18;2.133765115762039921e-01;2.196310223810773612e-18;4.758853102606763336e-19
-1.385279999999987588e+01;6.821585572077053913e-18;2.961381501187321685e+00;-6.711115917133934754e-18;1.222682650552208958e-18
-1.378619999999987655e+01;6.350094785445257349e-18;2.510974092455019679e+00;-5.128736171001424317e-18;3.744298208262891634e-18
-1.371959999999987723e+01;8.564340257816327306e-18;1.784527274824790233e+00;-1.816560141939194850e-18;8.369470311935592347e-18
-1.365299999999987790e+01;1.182792820822872474e-17;1.331639467309830849e+00;2.801841831685872298e-18;1.149128226305610679e-17
-1.358639999999987857e+01;1.645823804675098251e-17;1.018402174968562335e+00;8.636078618653995794e-18;1.401041561467570671e-17
-1.351979999999987925e+01;1.754324708490012355e-17;5.998867353878769570e-01;1.448018848846345278e-17;9.904022395997862877e-18
-1.345319999999987814e+01;1.856643747135899299e-17;2.128388220305943990e-01;1.814748941233145751e-17;3.921890922399684640e-18
-1.338659999999988059e+01;1.929885041504550000e-17;-1.594810460035827049e-01;1.905394470810116534e-17;-3.064770530223343414e-18
-1.331999999999988127e+01;1.938360644049094616e-17;-4.892171770867979053e-01;1.710992888456420712e-17;-9.109035745071900127e-18
-1.325339999999988017e+01;1.737582358484652602e-17;-6.450016979295400965e-01;1.388499883996074845e-17;-1.044634158286993226e-17
-1.318679999999988262e+01;1.498770135216298668e-17;-9.558266731534325045e-01;8.646910533954789020e-18;-1.224181890241029224e-17
-1.312019999999988329e+01;1.202891853947589566e-17;-1.311948681360770586e+00;3.079003275305568436e-18;-1.162818214769636789e-17
-1.305359999999988219e+01;1.455183770023082512e-17;-1.588994105187722328e+00;-2.647965021489089164e-19;-1.454942827970600670e-17
-1.298699999999988464e+01;1.012851387243352390e-17;-1.913729392932324247e+00;-3.405721049290041245e-18;-9.538755547685509084e-18
-1.292039999999988531e+01;9.503538168932048611e-18;-2.248236581331764850e+00;-5.956823216712479109e-18;-7.404964206070377295e-18
-1.285379999999988421e+01;3.586246181110976929e-18;-2.169747035452600059e+00;-2.021840047723554500e-18;-2.961979826560991932e-18
-1.278719999999988488e+01;1.269398449154498947e-18;-1.211357465120205479e+00;4.465096481219725754e-19;-1.188276717288460317e-18
-1.272059999999988555e+01;1.175732077232113064e-18;-9.333594447536869287e-01;6.997223853964363676e-19;-9.448462842217566641e-19
-1.265399999999988623e+01;2.181105181068921597e-18;-1.328322129858669154e+00;5.236946474116803346e-19;-2.117301047833786028e-18
-1.258739999999988690e+01;4.707703991871668490e-18;-6.267876515179598984e-01;3.812844194230170802e-18;-2.761285212651839942e-18
-1.252079999999988758e+01;3.137693377794121665e-18;-9.481980344716545162e-01;1.829739275818442984e-18;-2.548955455785856418e-18
-1.245419999999988825e+01;7.478301955939893893e-18;-1.503835818443803873e+00;5.003767808448545129e-19;-7.461542951789917224e-18
-1.238759999999988892e+01;1.341785545064754235e-17;-1.515108142017790538e+00;7.468298657257934565e-19;-1.339705527517640493e-17
-1.232099999999988960e+01;2.376901982366126869e-17;-1.850805164532207447e+00;-6.568904772333828729e-18;-2.284328771148347824e-17
-1.225439999999989027e+01;3.495912892709652619e-17;-1.800516053015501328e+00;-7.960355217662880033e-18;-3.404076145079578504e-17
-1.218779999999989094e+01;5.041495618169123113e-17;-2.059500686871410302e+00;-2.366892997570740404e-17;-4.451347616853693905e-17
-1.212119999999989162e+01;5.854516703419488408e-17;-2.254944260233614273e+00;-3.700130228273612341e-17;-4.537003650476122815e-17
-1.205459999999989229e+01;6.681469559298705082e-17;-2.477292322933288382e+00;-5.260643898383880250e-17;-4.119182108893910318e-17
-1.198799999999989119e+01;6.609535908497644836e-17;-2.671009625446479241e+00;-5.891106396365232463e-17;-2.996803355648220137e-17
-1.192139999999989364e+01;5.502423621651607775e-17;-2.843403271266750743e+00;-5.259601650646977651e-17;-1.616556893097545755e-17
-1.185479999999989431e+01;3.837962697015609409e-17;-2.966224153348322012e+00;-3.779097227051508462e-17;-6.696131810044752974e-18
-1.178819999999989321e+01;1.880591122314802886e-17;-3.067174444664389377e+00;-1.875386102658157011e-17;-1.398210831237487427e-18
-1.172159999999989566e+01;3.166145840945662612e-18;-2.978194318905503124e+00;-3.123973307883838402e-18;-5.150439377051494601e-19
-1.165499999999989633e+01;2.841982857086682398e-19;-1.100466903671073249e+00;1.287929688893959974e-19;-2.533397654621178911e-19
-1.158839999999989523e+01;7.961879893596158993e-18;2.169108144778943981e+00;-4.484515734550970291e-18;6.578803087691221977e-18
-1.152179999999989768e+01;2.318773811807739846e-17;2.180135442345329189e+00;-1.327093711436250246e-17;1.901455829461140122e-17
-1.145519999999989835e+01;3.707114358237654989e-17;1.937436016638424796e+00;-1.328928161212291553e-17;3.460729230579690710e-17
-1.138859999999989725e+01;4.433642800625647690e-17;1.776473185275384559e+00;-9.054819778038586139e-18;4.340194796482301419e-17
-1.132199999999989970e+01;4.456057681456428553e-17;1.517689982262067971e+00;2.365337158604619277e-18;4.449775484418071755e-17
-1.125539999999989860e+01;4.166845691244445523e-17;1.424497194431929792e+00;6.074336251495599897e-18;4.122332762609062701e-17
-1.118879999999989927e+01;3.406012975414924968e-17;1.323830464471074997e+00;8.326441884390718100e-18;3.302669835777331690e-17
-1.112219999999990172e+01;2.894774668589172435e-17;1.156701154563094303e+00;1.164746580644344305e-17;2.650110523125943134e-17
-1.105559999999990062e+01;2.523465426688474169e-17;1.032546799557953587e+00;1.293613693660384865e-17;2.166665957471612187e-17
-1.098899999999990129e+01;1.897352580061546284e-17;9.231002590471441005e-01;1.144768965631218986e-17;1.513093132756155058e-17
-1.092239999999990196e+01;1.784788225287646130e-17;8.997385661262294887e-01;1.109807617720209368e-17;1.397782551320347191e-17
-1.085579999999990264e+01;1.754148121317737400e-17;7.999730591656828427e-01;1.222160665834863233e-17;1.258315913595878975e-17
-1.078919999999990331e+01;1.203521259415342230e-17;5.146170126825196922e-01;1.047642742129606280e-17;5.923749713887739927e-18
-1.072259999999990399e+01;9.914568971228957146e-18;1.086076241257938474e-01;9.856152202639840954e-18;1.074682112837957139e-18
-1.065599999999990466e+01;3.231031797141409307e-18;-5.630341164391627906e-01;2.732288219580134563e-18;-1.724577501674674723e-18
-1.058939999999990533e+01;2.840797812850365121e-18;-2.178090617622148173e+00;-1.621094558261361612e-18;-2.332849040694836535e-18
-1.052279999999990423e+01;1.670437768311445172e-18;2.222904238333072158e+00;-1.013727099577714811e-18;1.327674547990988340e-18
-1.045619999999990668e+01;6.152681876814262021e-18;2.659994263050021956e+00;-5.452849300906835312e-18;2.849899784006185352e-18
-1.038959999999990735e+01;1.474308524467967981e-17;2.370079548066498010e+00;-1.056867681373799827e-17;1.027918444910142080e-17
-1.032299999999990625e+01;2.267271482950265894e-17;2.092035848072818283e+00;-1.129000160277193828e-17;1.966183769512292434e-17
-1.025639999999990870e+01;3.071122838515803569e-17;1.961775541264957790e+00;-1.170386232239220462e-17;2.839364639604826644e-17
-1.018979999999990937e+01;3.887651087082396241e-17;1.706157377333673342e+00;-5.246310020416888971e-18;3.852089470221281736e-17
-1.012319999999990827e+01;4.875235539520326967e-17;1.494880543213923163e+00;3.697519277457672766e-18;4.861193791418970378e-17
-1.005659999999991072e+01;5.797911835621616025e-17;1.304728784914374273e+00;1.524499432497263504e-17;5.593896954177538005e-17
-9.989999999999911395e+00;6.650634066841912673e-17;1.108893483160596327e+00;2.963870700884785209e-17;5.953688265224752568e-17
-9.923399999999910293e+00;7.083439722389077611e-17;9.250773956788307384e-01;4.262621219254776053e-17;5.657311962573601769e-17
-9.856799999999912743e+00;6.639736007658309612e-17;7.139167654120334161e-01;5.018332297671454523e-17;4.347693089621421028e-17
-9.790199999999911640e+00;5.448436570015377651e-17;5.607332923723341578e-01;4.614092243446448953e-17;2.897518563607185616e-17
-9.723599999999912313e+00;3.185830796397672390e-17;4.183120501787316314e-01;2.911135461828508790e-17;1.294143804281556996e-17
-9.656999999999914763e+00;8.043180835708635954e-18;5.838483709175388281e-01;6.710807514745381827e-18;4.433714070161448234e-18
-9.590399999999913661e+00;6.680903140493283486e-18;3.034125093825744024e+00;-6.642360458440417258e-18;7.165991297791403141e-19
-9.523799999999914334e+00;1.029405129251645900e-17;-3.110355998169789693e+00;-1.028902960051049506e-17;-3.214994444452504500e-19
-9.457199999999916784e+00;5.641155902895483093e-18;2.797934013217468152e+00;-5.311307640868164308e-18;1.900697520603427034e-18
-9.390599999999915681e+00;1.120555859208066059e-17;-9.019142042690169170e-01;6.948672020531355032e-18;-8.790932857873356637e-18
-9.323999999999916355e+00;2.075829354735253835e-17;-1.108195342578406795e+00;9.263953558278813974e-18;-1.857648824369426623e-17
-9.257399999999917029e+00;3.015638153282464074e-17;-1.267957249624224625e+00;8.993576446713653374e-18;-2.878407423994046410e-17
-9.190799999999917702e+00;3.555141639885625667e-17;-1.567291297131376826e+00;1.246085139169978432e-19;-3.555119802036388673e-17
-9.124199999999918376e+00;3.497853800517872306e-17;-1.824229806207896765e+00;-8.770142085145981017e-18;-3.386122751446089679e-17
-9.057599999999917273e+00;4.027290465789484525e-17;-1.881148376556371238e+00;-1.229909886760650658e-17;-3.834891154425022873e-17
-8.990999999999919723e+00;4.161851864559278062e-17;-1.987926863794035492e+00;-1.686127266539258367e-17;-3.804994846720346056e-17
-8.924399999999920396e+00;4.457371375455747688e-17;-2.284672156172467439e+00;-2.918544804759463775e-17;-3.369014069626870590e-17
-8.857799999999919294e+00;3.664879924547704079e-17;-2.509097611007092610e+00;-2.955927423609405105e-17;-2.166526696744503907e-17
-8.791199999999921744e+00;3.563822440434926553e-17;-2.643783196439502881e+00;-3.131283654788806335e-17;-1.701732370321494148e-17
-8.724599999999922417e+00;2.697263054108034668e-17;-2.880447422728742435e+00;-2.605812155734449585e-17;-6.963985870769564530e-18
-8.657999999999921314e+00;1.932213913820440390e-17;-3.030754655878934223e+00;-1.920357375861977231e-17;-2.137244902527678316e-18
-8.591399999999923764e+00;1.490585101942494888e-17;3.032062577708181550e+00;-1.481652883525145453e-17;1.629376533356845564e-18
-8.524799999999924438e+00;9.676851775815067682e-18;2.939826644579027981e+00;-9.480549075602517567e-18;1.939239416933215566e-18
-8.458199999999923335e+00;6.072308900440932653e-18;2.898099649982761150e+00;-5.893186443150288205e-18;1.463997584917345387e-18
-8.391599999999925785e+00;2.989679612550672992e-18;2.169224731696698605e+00;-1.684220114243708088e-18;2.470139022904997279e-18
-8.324999999999924682e+00;1.772535758756608231e-18;1.375492804946053305e+00;3.439859031562572563e-19;1.738837748181422167e-18
-8.258399999999927132e+00;3.616884572883479422e-18;-5.948283574920060213e-01;2.995665455463486396e-18;-2.026781313438934226e-18
-8.191799999999926030e+00;5.719880800008035618e-18;-1.004041632908438730e+00;3.070986758630184514e-18;-4.825564909377827134e-18
-8.125199999999926703e+00;8.837510800843850954e-18;-1.169723636525480170e+00;3.450218401549913438e-18;-8.136190148751322553e-18
-8.058599999999927377e+00;1.045978192551295526e-17;-1.284418369027780171e+00;2.954674566503716727e-18;-1.003378971950994949e-17
-7.991999999999928050e+00;1.346411415429195473e-17;-1.314627452946618869e+00;3.411487593876992882e-18;-1.302475037598142730e-17
-7.925399999999929612e+00;1.578719824322993248e-17;-1.611004751709265603e+00;-6.346073461193817701e-19;-1.577443824316078859e-17
-7.858799999999929398e+00;2.399608021831921716e-17;-1.815991446432802636e+00;-5.824943202521248341e-18;-2.327835695515068633e-17
-7.792199999999930071e+00;2.819379331766963398e-17;-2.127587121176537810e+00;-1.489941751806912960e-17;-2.393527395418167329e-17
-7.725599999999930745e+00;3.156633985098824281e-17;-2.467540595468458164e+00;-2.466274870526664803e-17;-1.970235107516249609e-17
-7.658999999999931418e+00;3.337604178187983618e-17;-2.597745283997619836e+00;-2.856068889118815065e-17;-1.726983540994384626e-17
-7.592399999999932092e+00;2.782069740949898562e-17;-3.068589123003279795e+00;-2.774659491041110162e-17;-2.029205565844002982e-18
-7.525799999999932766e+00;2.410412832442445189e-17;2.960823337010421774e+00;-2.371136773302646815e-17;4.333594640654851760e-18
-7.459199999999932551e+00;1.619749437592307025e-17;2.534869508832860330e+00;-1.330657882326513659e-17;9.235463392721084480e-18
-7.392599999999934113e+00;1.212494760752032699e-17;2.422337992541363061e+00;-9.121561532665611870e-18;7.988208165221277025e-18
-7.325999999999934786e+00;1.149062751243702155e-17;2.282291165812914358e+00;-7.502996797323356356e-18;8.702847791897204456e-18
-7.259399999999934572e+00;4.344414508730132219e-18;-2.106247576448738279e+00;-2.216647067262930348e-18;-3.736363633649638585e-18
-7.192799999999936134e+00;2.104696815622322030e-18;-1.516234542229355720e+00;1.147790451311106923e-19;-2.101564763810416770e-18
-7.126199999999935919e+00;8.554498220088224779e-18;-1.961139852061185351e+00;-3.255038946076764789e-18;-7.911015184982017550e-18
-7.059599999999936593e+00;9.131266417532353355e-18;-2.584698965046674513e+00;-7.751541654063321924e-18;-4.826347311712594710e-18
-6.992999999999937266e+00;1.121054965273773265e-17;-2.726060331941770443e+00;-1.025654941193447495e-17;-4.525441158278899206e-18
-6.926399999999937940e+00;1.366063422449397931e-17;2.863051809374291601e+00;-1.313412142929082522e-17;3.756032707000797206e-18
-6.859799999999938613e+00;1.436064499172482913e-17;2.585830221469823442e+00;-1.219934544299573963e-17;7.576549039028947648e-18
-6.793199999999939287e+00;1.697509189470852166e-17;2.300784836221366536e+00;-1.132002798632490213e-17;1.264953403183769192e-17
-6.726599999999939072e+00;1.710093519928900093e-17;2.015121800607868607e+00;-7.350819003358288130e-18;1.544044833125477157e-17
-6.659999999999940634e+00;1.704916912318470550e-17;1.843888668807676989e+00;-4.598339346624749758e-18;1.641735188890819359e-17
-6.593399999999941308e+00;1.697866108627682300e-17;1.605539287960666250e+00;-5.897702967216464477e-19;1.696841487233724396e-17
-6.526799999999941093e+00;1.778683408974618179e-17;1.313144752288130324e+00;4.532269423441749041e-18;1.719970932340113290e-17
-6.460199999999942655e+00;1.506288482095703801e-17;1.071135663622912571e+00;7.217045584432210564e-18;1.322137482116158380e-17
-6.393599999999942440e+00;1.399030306658461079e-17;7.459409403566390484e-01;1.027517313505578951e-17;9.494703625680715302e-18
-6.326999999999943114e+00;1.150027597185148744e-17;5.433797784473728409e-01;9.843846604530899659e-18;5.946009708637394270e-18
-6.260399999999943788e+00;7.503665136799612579e-18;2.540159797366899896e-01;7.262880339501282600e-18;1.885619171335424977e-18
-6.193799999999944461e+00;6.843306646426888587e-18;2.890554649000544041e-01;6.559402078555418863e-18;1.950664048182896282e-18
-6.127199999999945135e+00;2.844912094640264964e-18;-1.705794353670685437e+00;-3.828920413146704386e-19;-2.819027937238002191e-18
-6.060599999999945808e+00;3.650588659091564661e-18;2.782212856542443102e+00;-3.417371259609554364e-18;1.283889104199641591e-18
-5.993999999999945594e+00;3.786798420039722540e-18;2.265713658252673568e+00;-2.424770123822899100e-18;2.908665006602036157e-18
-5.927399999999947156e+00;1.064456890946531287e-17;-3.122853681281690275e+00;-1.064270004884704648e-17;-1.994566083803992453e-19
-5.860799999999947829e+00;1.343762187312344085e-17;2.987554116760283929e+00;-1.327851377672967018e-17;2.061735551967303343e-18
-5.794199999999947615e+00;2.004815213458932134e-17;2.495053110800909746e+00;-1.600189873730186450e-17;1.207756766955894245e-17
-5.727599999999949176e+00;3.019631388073146589e-17;1.919590418432271628e+00;-1.032003599642132165e-17;2.837805893672475959e-17
-5.660999999999949850e+00;3.024869265377471440e-17;1.619716444701458480e+00;-1.479179456433073796e-18;3.021250461974629067e-17
-5.594399999999949635e+00;3.814295857713832045e-17;1.347095998627402480e+00;8.461605766574646694e-18;3.719255996658956655e-17
-5.527799999999950309e+00;3.378627307293044293e-17;1.020924760065348158e+00;1.765595395881876753e-17;2.880589415315373171e-17
-5.461199999999950982e+00;3.358704456631011844e-17;5.791474471482691566e-01;2.810999060653867422e-17;1.838254581932572134e-17
-5.394599999999951656e+00;2.677138569486527985e-17;1.826234034066615275e-01;2.632619471146126054e-17;4.861950641200161994e-18
-5.327999999999952330e+00;1.859026733505163918e-17;-1.716429771650297975e-01;1.831709216960909461e-17;-3.175243933736920752e-18
-5.261399999999952115e+00;1.596980625510370663e-17;-6.890299433706947863e-01;1.232650462780237839e-17;-1.015342284583460173e-17
-5.194799999999953677e+00;9.618768875740745379e-18;-1.012413079115519698e+00;5.096174790242502911e-18;-8.157801002244149931e-18
-5.128199999999954350e+00;5.740632387381650588e-18;-1.654418502582438721e+00;-4.794849012632578042e-19;-5.720572911563641486e-18
-5.061599999999954136e+00;4.389619374526383499e-18;-1.307144962823862278e+00;1.143967607549874899e-18;-4.237935389561054844e-18
-4.994999999999955698e+00;8.276292371321400125e-19;-7.934446125952008266e-01;5.804943905214042101e-19;-5.899122110357707038e-19
-4.928399999999956371e+00;9.020755624562776234e-19;-1.067080251472050767e+00;4.354168848926739312e-19;-7.900331997651552452e-19
-4.861799999999956157e+00;7.791097195967969049e-19;-2.207264743573055243e-01;7.602074688038196991e-19;-1.705771366423092299e-19
-4.795199999999956830e+00;3.499219549901917551e-18;1.962365424320463125e+00;-1.335439416204952299e-18;3.234368411925573384e-18
-4.728599999999958392e+00;6.875705014924647629e-18;1.651012107130289008e+00;-5.509487460980898887e-19;6.853595766561732212e-18
-4.661999999999958177e+00;8.707405117141261720e-18;1.579578048541993018e+00;-7.646502605603976263e-20;8.707069367692443816e-18
-4.595399999999958851e+00;8.615327515138452204e-18;1.277792075375169034e+00;2.488362770580155616e-18;8.248146392680742875e-18
-4.528799999999958636e+00;5.447209490650060568e-18;9.285452088976204887e-01;3.262875972649056458e-18;4.361849564363443863e-18
-4.462199999999960198e+00;3.552902671653697172e-18;1.268417413539365324e+00;1.058026102350435836e-18;3.391710211823693396e-18
-4.395599999999960872e+00;2.733778856683897548e-18;-2.233269744013281155e+00;-1.681462504332648732e-18;-2.155511698825894979e-18
-4.328999999999960657e+00;8.801711671116759831e-18;-1.519078426800638315e+00;4.550031447303057392e-19;-8.789943144284752209e-18
-4.262399999999962219e+00;1.442785989815555918e-17;-1.386920926173654145e+00;2.638004446245886494e-18;-1.418464218027343564e-17
-4.195799999999962893e+00;3.041439510914365775e-18;-1.580663769258158879e+00;-3.001074236747938788e-20;-3.041291445076181218e-18
-4.129199999999963566e+00;7.197589025969405875e-18;-1.903378418326107324e+00;-2.349902790135801027e-18;-6.803179011584746317e-18
-4.062599999999963352e+00;8.941282744927880808e-18;-1.601315871464841667e+00;-2.728415175015036319e-19;-8.937118922285441847e-18
-3.995999999999964025e+00;4.844977295446802877e-18;-2.119136006857089249e+00;-2.525546381110938018e-18;-4.134660865204359457e-18
-3.929399999999964699e+00;3.845700644620188826e-18;-1.187428686112923737e+00;1.438468054980387553e-18;-3.566542177352327089e-18
-3.862799999999965372e+00;4.541076993592099152e-18;-6.381161221025630770e-01;3.647481034584831584e-18;-2.705043874704330667e-18
-3.796199999999966046e+00;8.373987122636953113e-18;-1.447070672515839762e+00;1.033435673829609464e-18;-8.309974189980727834e-18
-3.729599999999966276e+00;9.301268835473714829e-18;-1.853109251924578205e+00;-2.591126606255607487e-18;-8.933065815279145889e-18
-3.662999999999967393e+00;1.305893983268185746e-17;-2.037918198161723371e+00;-5.880680433230335466e-18;-1.165991025676556143e-17
-3.596399999999968067e+00;1.691359912920580626e-17;-2.239007789628744138e+00;-1.047938018702300360e-17;-1.327600943052169984e-17
-3.529799999999968296e+00;1.694660654478213861e-17;-2.389785506485672339e+00;-1.237874794362714606e-17;-1.157385297693898989e-17
-3.463199999999968970e+00;1.412224237713576942e-17;-2.632518738213354581e+00;-1.233148875733023104e-17;-6.882740354423336459e-18
-3.396599999999969643e+00;1.183181856274156360e-17;-2.789648657290291656e+00;-1.110657950826141120e-17;-4.078703486195530750e-18
-3.329999999999970317e+00;9.832897759755581103e-18;3.012620482251056053e+00;-9.751231724958996145e-18;1.264657344880235912e-18
-3.263399999999970547e+00;7.573774779400402302e-18;2.435495488897703176e+00;-5.762885939043392303e-18;4.914388065940414974e-18
-3.196799999999971220e+00;7.286579133221064411e-18;1.941266598294852930e+00;-2.638133947933631239e-18;6.792237093730808398e-18
-3.130199999999971894e+00;8.728360787144163609e-18;1.120927486609430757e+00;3.795505238031771822e-18;7.859925064441088418e-18
-3.063599999999972567e+00;7.180204964959885197e-18;4.501972891355690010e-01;6.464778467250331831e-18;3.124417178964907590e-18
-2.996999999999972797e+00;5.586060711650952450e-18;4.620746786385122179e-02;5.580098289498208283e-18;2.580258781392265460e-19
-2.930399999999973915e+00;4.727464935927464481e-18;-2.571627173936876787e-01;4.572004603582732523e-18;-1.202372082694021342e-18
-2.863799999999974588e+00;2.025534806899727924e-18;-5.399398600480653787e-01;1.737381414907464526e-18;-1.041295862421653589e-18
-2.797199999999974818e+00;3.271607695260490404e-18;-2.365131547016173119e+00;-2.333958098936755885e-18;-2.292609104076658960e-18
-2.730599999999975491e+00;5.332090001192574908e-18;-2.665768959258671966e-01;5.143751504440437288e-18;-1.404636693734207230e-18
-2.663999999999976165e+00;1.306332979349184859e-17;1.049089778735315504e+00;6.510246113975069742e-18;1.132551459444577733e-17
-2.597399999999976838e+00;2.027545794632132663e-16;9.193784613862439059e-01;1.229330489155791934e-16;1.612354954022974228e-16
-2.530799999999977068e+00;3.792406254679784311e-15;7.587551963866338012e-01;2.752122751226041444e-15;2.609246167520104364e-15
-2.464199999999978186e+00;6.273488990862854293e-14;5.748003004095564306e-01;5.265344888865765288e-14;3.410690153000210805e-14
-2.397599999999978415e+00;8.709907662879565290e-13;3.895477053361572350e-01;8.057369415129302318e-13;3.307762023487639081e-13
-2.330999999999979089e+00;1.027214837078059277e-11;2.042021395018039920e-01;1.005872487958509784e-11;2.083047274582645514e-12
-2.264399999999979318e+00;1.036431829930346989e-10;1.884940784115852683e-02;1.036247713176063177e-10;1.953496941761715654e-12
-2.197799999999980436e+00;8.975664519995117851e-10;-1.665044269703498947e-01;8.851532278136774802e-10;-1.487591981896233240e-10
-2.131199999999981110e+00;6.674646798486258773e-09;-3.518583800945799256e-01;6.265716930966213051e-09;-2.300369801911466668e-09
-2.064599999999981783e+00;4.252508947998952064e-08;-5.372123441035429048e-01;3.653494503700741367e-08;-2.176191688303129787e-08
-1.997999999999982013e+00;2.308059173701484206e-07;-7.225663103926989184e-01;1.731300735453278741e-07;-1.526346917553972775e-07
-1.931399999999982686e+00;1.055172874296709012e-06;-9.079202768968546167e-01;6.493390050171532710e-07;-8.317142846043417588e-07
-1.864799999999983138e+00;3.971888441128676092e-06;-1.093274243451340277e+00;1.825399936170635323e-06;-3.527578895191407107e-06
-1.798199999999984033e+00;1.167995269736936801e-05;-1.278628210011641730e+00;3.364166684110007315e-06;-1.118497552676402881e-05
-1.731599999999984485e+00;2.264996921715584265e-05;-1.463982176572910410e+00;2.414739362538584838e-06;-2.252088229508590657e-05
-1.664999999999985159e+00;3.375710996386789504e-19;3.047928182371375083e+00;-3.360914206591463289e-19;3.157220724915628442e-20
-1.598399999999985610e+00;2.318044327235481070e-04;1.306902543893345925e+00;6.046421739628715896e-05;2.237797431514757548e-04
-1.531799999999986284e+00;1.223346052340434443e-03;1.121548577331558771e+00;5.312845706773075246e-04;1.101958378858817903e-03
-1.465199999999986957e+00;4.257546533314506346e-03;9.361946107697617370e-01;2.524115499428567898e-03;3.428635797060230073e-03
-1.398599999999987409e+00;1.157550908076084538e-02;7.508406442079641474e-01;8.463035205881380349e-03;7.897432847627708710e-03
-1.331999999999988082e+00;2.591299083026329941e-02;5.654866776461662248e-01;2.187906179126890283e-02;1.388487482490018653e-02
-1.265399999999988534e+00;4.886185594108639202e-02;3.801327110843682466e-01;4.537387200408834337e-02;1.812988431744913878e-02
-1.198799999999989208e+00;7.848869936879285247e-02;1.947787445225703240e-01;7.700451867718322019e-02;1.519144601083398903e-02
-1.132199999999989659e+00;1.080188566309463749e-01;9.424777960772342394e-03;1.080140592012354545e-01;1.018038667708609513e-03
-1.065599999999990555e+00;1.276520590531116661e-01;-1.759291886010255213e-01;1.256816645729097737e-01;-2.234205385996781978e-02
-9.989999999999910063e-01;1.294798389826244400e-01;-3.612831551628236659e-01;1.211211424891084909e-01;-4.576786585694622017e-02
-9.323999999999915689e-01;1.123577886859049718e-01;-5.466371217246216441e-01;9.598472315000716737e-02;-5.840552713744610880e-02
-8.657999999999922425e-01;8.281323576239443818e-02;-7.319910882864195667e-01;6.160022210541818422e-02;-5.534839341842790611e-02
-7.991999999999928050e-01;5.111424933565418549e-02;-9.173450548482177114e-01;3.107390081506061080e-02;-4.058422320660085708e-02
-7.325999999999934786e-01;2.565392993706096594e-02;-1.102699021410015634e+00;1.157477316063781902e-02;-2.289429508623079187e-02
-6.659999999999940412e-01;9.726304659803387126e-03;-1.288052987971813446e+00;2.713552494713072742e-03;-9.340108949779416317e-03
-5.993999999999946038e-01;2.075342287968506665e-03;-1.473406954533610591e+00;2.017969324286649770e-04;-2.065508075581583714e-03
-5.327999999999952774e-01;4.868519385625948354e-04;1.482831732494386046e+00;4.277052534577108184e-05;4.849695786787077876e-04
-4.661999999999957844e-01;8.036401734992114137e-04;1.297477765932585125e+00;2.169252213925790208e-04;7.738093930585381681e-04
-3.995999999999964025e-01;5.103993176587671597e-04;1.112123799370770216e+00;2.259834990100657122e-04;4.576449733600302153e-04
-3.329999999999970206e-01;2.326417373425934329e-04;9.267698328089634119e-01;1.396828043554498356e-04;1.860400282766516645e-04
-2.663999999999976387e-01;8.478965643501965401e-05;7.414158662470862193e-01;6.253348383712590121e-05;5.726123677987214367e-05
-1.997999999999982013e-01;2.568874967723700479e-05;5.560618996852449980e-01;2.181849293313063373e-05;1.355969122460658686e-05
-1.331999999999988193e-01;6.591795175675018455e-06;3.707079331231314945e-01;6.144021862489191027e-06;2.388045014506071129e-06
-6.659999999999940967e-02;1.485418239115207056e-06;1.853539665619930443e-01;1.459974626156610319e-06;2.737543352624542986e-07
0.000000000000000000e+00;5.414222687996073693e-07;-0.000000000000000000e+00;5.414222687996073693e-07;-0.000000000000000000e+00
6.659999999999940967e-02;1.485418239115207056e-06;-1.853539665619930443e-01;1.459974626156610319e-06;-2.737543352624542986e-07
1.331999999999988193e-01;6.591795175675018455e-06;-3.707079331231314945e-01;6.144021862489191027e-06;-2.388045014506071129e-06
1.997999999999982013e-01;2.568874967723700479e-05;-5.560618996852449980e-01;2.181849293313063373e-05;-1.355969122460658686e-05
2.663999999999976387e-01;8.478965643501965401e-05;-7.414158662470862193e-01;6.253348383712590121e-05;-5.726123677987214367e-05
3.329999999999970206e-01;2.326417373425934329e-04;-9.267698328089634119e-01;1.396828043554498356e-04;-1.860400282766516645e-04
3.995999999999964025e-01;5.103993176587671597e-04;-1.112123799370770216e+00;2.259834990100657122e-04;-4.576449733600302153e-04
4.661999999999957844e-01;8.036401734992114137e-04;-1.297477765932585125e+00;2.169252213925790208e-04;-7.738093930585381681e-04
5.327999999999952774e-01;4.868519385625948354e-04;-1.482831732494386046e+00;4.277052534577108184e-05;-4.849695786787077876e-04
5.993999999999946038e-01;2.075342287968506665e-03;1.473406954533610591e+00;2.017969324286649770e-04;2.065508075581583714e-03
6.659999999999940412e-01;9.726304659803387126e-03;1.288052987971813446e+00;2.713552494713072742e-03;9.340108949779416317e-03
7.325999999999934786e-01;2.565392993706096594e-02;1.102699021410015634e+00;1.157477316063781902e-02;2.289429508623079187e-02
7.991999999999928050e-01;5.111424933565418549e-02;9.173450548482177114e-01;3.107390081506061080e-02;4.058422320660085708e-02
8.657999999999922425e-01;8.281323576239443818e-02;7.319910882864195667e-01;6.160022210541818422e-02;5.534839341842790611e-02
9.323999999999915689e-01;1.123577886859049718e-01;5.466371217246216441e-01;9.598472315000716737e-02;5.840552713744610880e-02
9.989999999999910063e-01;1.294798389826244400e-01;3.612831551628236659e-01;1.211211424891084909e-01;4.576786585694622017e-02
1.065599999999990555e+00;1.276520590531116661e-01;1.759291886010255213e-01;1.256816645729097737e-01;2.234205385996781978e-02
1.132199999999989659e+00;1.080188566309463749e-01;-9.424777960772342394e-03;1.080140592012354545e-01;-1.018038667708609513e-03
1.198799999999989208e+00;7.848869936879285247e-02;-1.947787445225703240e-01;7.700451867718322019e-02;-1.519144601083398903e-02
1.265399999999988534e+00;4.886185594108639202e-02;-3.801327110843682466e-01;4.537387200408834337e-02;-1.812988431744913878e-02
1.331999999999988082e+00;2.591299083026329941e-02;-5.654866776461662248e-01;2.187906179126890283e-02;-1.388487482490018653e-02
1.398599999999987409e+00;1.157550908076084538e-02;-7.508406442079641474e-01;8.463035205881380349e-03;-7.897432847627708710e-03
1.465199999999986957e+00;4.257546533314506346e-03;-9.361946107697617370e-01;2.524115499428567898e-03;-3.428635797060230073e-03
1.531799999999986284e+00;1.223346052340434443e-03;-1.121548577331558771e+00;5.312845706773075246e-04;-1.101958378858817903e-03
1.598399999999985610e+00;2.318044327235481070e-04;-1.306902543893345925e+00;6.046421739628715896e-05;-2.237797431514757548e-04
1.664999999999985159e+00;3.375710996386789504e-19;-3.047928182371375083e+00;-3.360914206591463289e-19;-3.157220724915628442e-20
1.731599999999984485e+00;2.264996921715584265e-05;1.463982176572910410e+00;2.414739362538584838e-06;2.252088229508590657e-05
1.798199999999984033e+00;1.167995269736936801e-05;1.278628210011641730e+00;3.364166684110007315e-06;1.118497552676402881e-05
1.864799999999983138e+00;3.971888441128676092e-06;1.093274243451340277e+00;1.825399936170635323e-06;3.527578895191407107e-06
1.931399999999982686e+00;1.055172874296709012e-06;9.079202768968546167e-01;6.493390050171532710e-07;8.317142846043417588e-07
1.997999999999982013e+00;2.308059173701484206e-07;7.225663103926989184e-01;1.731300735453278741e-07;1.526346917553972775e-07
2.064599999999981783e+00;4.252508947998952064e-08;5.372123441035429048e-01;3.653494503700741367e-08;2.176191688303129787e-08
2.131199999999981110e+00;6.674646798486258773e-09;3.518583800945799256e-01;6.265716930966213051e-09;2.300369801911466668e-09
2.197799999999980436e+00;8.975664519995117851e-10;1.665044269703498947e-01;8.851532278136774802e-10;1.487591981896233240e-10
2.264399999999979318e+00;1.036431829930346989e-10;-1.884940784115852683e-02;1.036247713176063177e-10;-1.953496941761715654e-12
2.330999999999979089e+00;1.027214837078059277e-11;-2.042021395018039920e-01;1.005872487958509784e-11;-2.083047274582645514e-12
2.397599999999978415e+00;8.709907662879565290e-13;-3.895477053361572350e-01;8.057369415129302318e-13;-3.307762023487639081e-13
2.464199999999978186e+00;6.273488990862854293e-14;-5.748003004095564306e-01;5.265344888865765288e-14;-3.410690153000210805e-14
2.530799999999977068e+00;3.792406254679784311e-15;-7.587551963866338012e-01;2.752122751226041444e-15;-2.609246167520104364e-15
2.597399999999976838e+00;2.027545794632132663e-16;-9.193784613862439059e-01;1.229330489155791934e-16;-1.612354954022974228e-16
2.663999999999976165e+00;1.306332979349184859e-17;-1.049089778735315504e+00;6.510246113975069742e-18;-1.132551459444577733e-17
2.730599999999975491e+00;5.332090001192574908e-18;2.665768959258671966e-01;5.143751504440437288e-18;1.404636693734207230e-18
2.797199999999974818e+00;3.271607695260490404e-18;2.365131547016173119e+00;-2.333958098936755885e-18;2.292609104076658960e-18
2.863799999999974588e+00;2.025534806899727924e-18;5.399398600480653787e-01;1.737381414907464526e-18;1.041295862421653589e-18
2.930399999999973915e+00;4.727464935927464481e-18;2.571627173936876787e-01;4.572004603582732523e-18;1.202372082694021342e-18
2.996999999999972797e+00;5.586060711650952450e-18;-4.620746786385122179e-02;5.580098289498208283e-18;-2.580258781392265460e-19
3.063599999999972567e+00;7.180204964959885197e-18;-4.501972891355690010e-01;6.464778467250331831e-18;-3.124417178964907590e-18
3.130199999999971894e+00;8.728360787144163609e-18;-1.120927486609430757e+00;3.795505238031771822e-18;-7.859925064441088418e-18
3.196799999999971220e+00;7.286579133221064411e-18;-1.941266598294852930e+00;-2.638133947933631239e-18;-6.792237093730808398e-18
3.263399999999970547e+00;7.573774779400402302e-18;-2.435495488897703176e+00;-5.762885939043392303e-18;-4.914388065940414974e-18
3.329999999999970317e+00;9.832897759755581103e-18;-3.012620482251056053e+00;-9.751231724958996145e-18;-1.264657344880235912e-18
3.396599999999969643e+00;1.183181856274156360e-17;2.789648657290291656e+00;-1.110657950826141120e-17;4.078703486195530750e-18
3.463199999999968970e+00;1.412224237713576942e-17;2.632518738213354581e+00;-1.233148875733023104e-17;6.882740354423336459e-18
3.529799999999968296e+00;1.694660654478213861e-17;2.389785506485672339e+00;-1.237874794362714606e-17;1.157385297693898989e-17
3.596399999999968067e+00;1.691359912920580626e-17;2.239007789628744138e+00;-1.047938018702300360e-17;1.327600943052169984e-17
3.662999999999967393e+00;1.305893983268185746e-17;2.037918198161723371e+00;-5.880680433230335466e-18;1.165991025676556143e-17
3.729599999999966276e+00;9.301268835473714829e-18;1.853109251924578205e+00;-2.591126606255607487e-18;8.933065815279145889e-18
3.796199999999966046e+00;8.373987122636953113e-18;1.447070672515839762e+00;1.033435673829609464e-18;8.309974189980727834e-18
3.862799999999965372e+00;4.541076993592099152e-18;6.381161221025630770e-01;3.647481034584831584e-18;2.705043874704330667e-18
3.929399999999964699e+00;3.845700644620188826e-18;1.187428686112923737e+00;1.438468054980387553e-18;3.566542177352327089e-18
3.995999999999964025e+00;4.844977295446802877e-18;2.119136006857089249e+00;-2.525546381110938018e-18;4.134660865204359457e-18
4.062599999999963352e+00;8.941282744927880808e-18;1.601315871464841667e+00;-2.728415175015036319e-19;8.937118922285441847e-18
4.129199999999963566e+00;7.197589025969405875e-18;1.903378418326107324e+00;-2.349902790135801027e-18;6.803179011584746317e-18
4.195799999999962893e+00;3.041439510914365775e-18;1.580663769258158879e+00;-3.001074236747938788e-20;3.041291445076181218e-18
4.262399999999962219e+00;1.442785989815555918e-17;1.386920926173654145e+00;2.638004446245886494e-18;1.418464218027343564e-17
4.328999999999960657e+00;8.801711671116759831e-18;1.519078426800638315e+00;4.550031447303057392e-19;8.789943144284752209e-18
4.395599999999960872e+00;2.733778856683897548e-18;2.233269744013281155e+00;-1.681462504332648732e-18;2.155511698825894979e-18
4.462199999999960198e+00;3.552902671653697172e-18;-1.268417413539365324e+00;1.058026102350435836e-18;-3.391710211823693396e-18
4.528799999999958636e+00;5.447209490650060568e-18;-9.285452088976204887e-01;3.262875972649056458e-18;-4.361849564363443863e-18
4.595399999999958851e+00;8.615327515138452204e-18;-1.277792075375169034e+00;2.488362770580155616e-18;-8.248146392680742875e-18
4.661999999999958177e+00;8.707405117141261720e-18;-1.579578048541993018e+00;-7.646502605603976263e-20;-8.707069367692443816e-18
4.728599999999958392e+00;6.875705014924647629e-18;-1.651012107130289008e+00;-5.509487460980898887e-19;-6.853595766561732212e-18
4.795199999999956830e+00;3.499219549901917551e-18;-1.962365424320463125e+00;-1.335439416204952299e-18;-3.234368411925573384e-18
4.861799999999956157e+00;7.791097195967969049e-19;2.207264743573055243e-01;7.602074688038196991e-19;1.705771366423092299e-19
4.928399999999956371e+00;9.020755624562776234e-19;1.067080251472050767e+00;4.354168848926739312e-19;7.900331997651552452e-19
4.994999999999955698e+00;8.276292371321400125e-19;7.934446125952008266e-01;5.804943905214042101e-19;5.899122110357707038e-19
5.061599999999954136e+00;4.389619374526383499e-18;1.307144962823862278e+00;1.143967607549874899e-18;4.237935389561054844e-18
5.128199999999954350e+00;5.740632387381650588e-18;1.654418502582438721e+00;-4.794849012632578042e-19;5.720572911563641486e-18
5.194799999999953677e+00;9.618768875740745379e-18;1.012413079115519698e+00;5.096174790242502911e-18;8.157801002244149931e-18
5.261399999999952115e+00;1.596980625510370663e-17;6.890299433706947863e-01;1.232650462780237839e-17;1.015342284583460173e-17
5.327999999999952330e+00;1.859026733505163918e-17;1.716429771650297975e-01;1.831709216960909461e-17;3.175243933736920752e-18
5.394599999999951656e+00;2.677138569486527985e-17;-1.826234034066615275e-01;2.632619471146126054e-17;-4.861950641200161994e-18
5.461199999999950982e+00;3.358704456631011844e-17;-5.791474471482691566e-01;2.810999060653867422e-17;-1.838254581932572134e-17
5.527799999999950309e+00;3.378627307293044293e-17;-1.020924760065348158e+00;1.765595395881876753e-17;-2.880589415315373171e-17
5.594399999999949635e+00;3.814295857713832045e-17;-1.347095998627402480e+00;8.461605766574646694e-18;-3.719255996658956655e-17
5.660999999999949850e+00;3.024869265377471440e-17;-1.619716444701458480e+00;-1.479179456433073796e-18;-3.021250461974629067e-17
5.727599999999949176e+00;3.019631388073146589e-17;-1.919590418432271628e+00;-1.032003599642132165e-17;-2.837805893672475959e-17
5.794199999999947615e+00;2.004815213458932134e-17;-2.495053110800909746e+00;-1.600189873730186450e-17;-1.207756766955894245e-17
5.860799999999947829e+00;1.343762187312344085e-17;-2.987554116760283929e+00;-1.327851377672967018e-17;-2.061735551967303343e-18
5.927399999999947156e+00;1.064456890946531287e-17;3.122853681281690275e+00;-1.064270004884704648e-17;1.994566083803992453e-19
5.993999999999945594e+00;3.786798420039722540e-18;-2.265713658252673568e+00;-2.424770123822899100e-18;-2.908665006602036157e-18
6.060599999999945808e+00;3.650588659091564661e-18;-2.782212856542443102e+00;-3.417371259609554364e-18;-1.283889104199641591e-18
6.127199999999945135e+00;2.844912094640264964e-18;1.705794353670685437e+00;-3.828920413146704386e-19;2.819027937238002191e-18
6.193799999999944461e+00;6.843306646426888587e-18;-2.890554649000544041e-01;6.559402078555418863e-18;-1.950664048182896282e-18
6.260399999999943788e+00;7.503665136799612579e-18;-2.540159797366899896e-01;7.262880339501282600e-18;-1.885619171335424977e-18
6.326999999999943114e+00;1.150027597185148744e-17;-5.433797784473728409e-01;9.843846604530899659e-18;-5.946009708637394270e-18
6.393599999999942440e+00;1.399030306658461079e-17;-7.459409403566390484e-01;1.027517313505578951e-17;-9.494703625680715302e-18
6.460199999999942655e+00;1.506288482095703801e-17;-1.071135663622912571e+00;7.217045584432210564e-18;-1.322137482116158380e-17
6.526799999999941093e+00;1.778683408974618179e-17;-1.313144752288130324e+00;4.532269423441749041e-18;-1.719970932340113290e-17
6.593399999999941308e+00;1.697866108627682300e-17;-1.605539287960666250e+00;-5.897702967216464477e-19;-1.696841487233724396e-17
6.659999999999940634e+00;1.704916912318470550e-17;-1.843888668807676989e+00;-4.598339346624749758e-18;-1.641735188890819359e-17
6.726599999999939072e+00;1.710093519928900093e-17;-2.015121800607868607e+00;-7.350819003358288130e-18;-1.544044833125477157e-17
6.793199999999939287e+00;1.697509189470852166e-17;-2.300784836221366536e+00;-1.132002798632490213e-17;-1.264953403183769192e-17
6.859799999999938613e+00;1.436064499172482913e-17;-2.585830221469823442e+00;-1.219934544299573963e-17;-7.576549039028947648e-18
6.926399999999937940e+00;1.366063422449397931e-17;-2.863051809374291601e+00;-1.313412142929082522e-17;-3.756032707000797206e-18
6.992999999999937266e+00;1.121054965273773265e-17;2.726060331941770443e+00;-1.025654941193447495e-17;4.525441158278899206e-18
7.059599999999936593e+00;9.131266417532353355e-18;2.584698965046674513e+00;-7.751541654063321924e-18;4.826347311712594710e-18
7.126199999999935919e+00;8.554498220088224779e-18;1.961139852061185351e+00;-3.255038946076764789e-18;7.911015184982017550e-18
7.192799999999936134e+00;2.104696815622322030e-18;1.516234542229355720e+00;1.147790451311106923e-19;2.101564763810416770e-18
7.259399999999934572e+00;4.344414508730132219e-18;2.106247576448738279e+00;-2.216647067262930348e-18;3.736363633649638585e-18
7.325999999999934786e+00;1.149062751243702155e-17;-2.282291165812914358e+00;-7.502996797323356356e-18;-8.702847791897204456e-18
7.392599999999934113e+00;1.212494760752032699e-17;-2.422337992541363061e+00;-9.121561532665611870e-18;-7.988208165221277025e-18
7.459199999999932551e+00;1.619749437592307025e-17;-2.534869508832860330e+00;-1.330657882326513659e-17;-9.235463392721084480e-18
7.525799999999932766e+00;2.410412832442445189e-17;-2.960823337010421774e+00;-2.371136773302646815e-17;-4.333594640654851760e-18
7.592399999999932092e+00;2.782069740949898562e-17;3.068589123003279795e+00;-2.774659491041110162e-17;2.029205565844002982e-18
7.658999999999931418e+00;3.337604178187983618e-17;2.597745283997619836e+00;-2.856068889118815065e-17;1.726983540994384626e-17
7.725599999999930745e+00;3.156633985098824281e-17;2.467540595468458164e+00;-2.466274870526664803e-17;1.970235107516249609e-17
7.792199999999930071e+00;2.819379331766963398e-17;2.127587121176537810e+00;-1.489941751806912960e-17;2.393527395418167329e-17
7.858799999999929398e+00;2.399608021831921716e-17;1.815991446432802636e+00;-5.824943202521248341e-18;2.327835695515068633e-17
7.925399999999929612e+00;1.578719824322993248e-17;1.611004751709265603e+00;-6.346073461193817701e-19;1.577443824316078859e-17
7.991999999999928050e+00;1.346411415429195473e-17;1.314627452946618869e+00;3.411487593876992882e-18;1.302475037598142730e-17
8.058599999999927377e+00;1.045978192551295526e-17;1.284418369027780171e+00;2.954674566503716727e-18;1.003378971950994949e-17
8.125199999999926703e+00;8.837510800843850954e-18;1.169723636525480170e+00;3.450218401549913438e-18;8.136190148751322553e-18
8.191799999999926030e+00;5.719880800008035618e-18;1.004041632908438730e+00;3.070986758630184514e-18;4.825564909377827134e-18
8.258399999999927132e+00;3.616884572883479422e-18;5.948283574920060213e-01;2.995665455463486396e-18;2.026781313438934226e-18
8.324999999999924682e+00;1.772535758756608231e-18;-1.375492804946053305e+00;3.439859031562572563e-19;-1.738837748181422167e-18
8.391599999999925785e+00;2.989679612550672992e-18;-2.169224731696698605e+00;-1.684220114243708088e-18;-2.470139022904997279e-18
8.458199999999923335e+00;6.072308900440932653e-18;-2.898099649982761150e+00;-5.893186443150288205e-18;-1.463997584917345387e-18
8.524799999999924438e+00;9.676851775815067682e-18;-2.939826644579027981e+00;-9.480549075602517567e-18;-1.939239416933215566e-18
8.591399999999923764e+00;1.490585101942494888e-17;-3.032062577708181550e+00;-1.481652883525145453e-17;-1.629376533356845564e-18
8.657999999999921314e+00;1.932213913820440390e-17;3.030754655878934223e+00;-1.920357375861977231e-17;2.137244902527678316e-18
8.724599999999922417e+00;2.697263054108034668e-17;2.880447422728742435e+00;-2.605812155734449585e-17;6.963985870769564530e-18
8.791199999999921744e+00;3.563822440434926553e-17;2.643783196439502881e+00;-3.131283654788806335e-17;1.701732370321494148e-17
8.857799999999919294e+00;3.664879924547704079e-17;2.509097611007092610e+00;-2.955927423609405105e-17;2.166526696744503907e-17
8.924399999999920396e+00;4.457371375455747688e-17;2.284672156172467439e+00;-2.918544804759463775e-17;3.369014069626870590e-17
8.990999999999919723e+00;4.161851864559278062e-17;1.987926863794035492e+00;-1.686127266539258367e-17;3.804994846720346056e-17
9.057599999999917273e+00;4.027290465789484525e-17;1.881148376556371238e+00;-1.229909886760650658e-17;3.834891154425022873e-17
9.124199999999918376e+00;3.497853800517872306e-17;1.824229806207896765e+00;-8.770142085145981017e-18;3.386122751446089679e-17
9.190799999999917702e+00;3.555141639885625667e-17;1.567291297131376826e+00;1.246085139169978432e-19;3.555119802036388673e-17
9.257399999999917029e+00;3.015638153282464074e-17;1.267957249624224625e+00;8.993576446713653374e-18;2.878407423994046410e-17
9.323999999999916355e+00;2.075829354735253835e-17;1.108195342578406795e+00;9.263953558278813974e-18;1.857648824369426623e-17
9.390599999999915681e+00;1.120555859208066059e-17;9.019142042690169170e-01;6.948672020531355032e-18;8.790932857873356637e-18
9.457199999999916784e+00;5.641155902895483093e-18;-2.797934013217468152e+00;-5.311307640868164308e-18;-1.900697520603427034e-18
9.523799999999914334e+00;1.029405129251645900e-17;3.110355998169789693e+00;-1.028902960051049506e-17;3.214994444452504500e-19
9.590399999999913661e+00;6.680903140493283486e-18;-3.034125093825744024e+00;-6.642360458440417258e-18;-7.165991297791403141e-19
9.656999999999914763e+00;8.043180835708635954e-18;-5.838483709175388281e-01;6.710807514745381827e-18;-4.433714070161448234e-18
9.723599999999912313e+00;3.185830796397672390e-17;-4.183120501787316314e-01;2.911135461828508790e-17;-1.294143804281556996e-17
9.790199999999911640e+00;5.448436570015377651e-17;-5.607332923723341578e-01;4.614092243446448953e-17;-2.897518563607185616e-17
9.856799999999912743e+00;6.639736007658309612e-17;-7.139167654120334161e-01;5.018332297671454523e-17;-4.347693089621421028e-17
9.923399999999910293e+00;7.083439722389077611e-17;-9.250773956788307384e-01;4.262621219254776053e-17;-5.657311962573601769e-17
9.989999999999911395e+00;6.650634066841912673e-17;-1.108893483160596327e+00;2.963870700884785209e-17;-5.953688265224752568e-17
1.005659999999991072e+01;5.797911835621616025e-17;-1.304728784914374273e+00;1.524499432497263504e-17;-5.593896954177538005e-17
1.012319999999990827e+01;4.875235539520326967e-17;-1.494880543213923163e+00;3.697519277457672766e-18;-4.861193791418970378e-17
1.018979999999990937e+01;3.887651087082396241e-17;-1.706157377333673342e+00;-5.246310020416888971e-18;-3.852089470221281736e-17
1.025639999999990870e+01;3.071122838515803569e-17;-1.961775541264957790e+00;-1.170386232239220462e-17;-2.839364639604826644e-17
1.032299999999990625e+01;2.267271482950265894e-17;-2.092035848072818283e+00;-1.129000160277193828e-17;-1.966183769512292434e-17
1.038959999999990735e+01;1.474308524467967981e-17;-2.370079548066498010e+00;-1.056867681373799827e-17;-1.027918444910142080e-17
1.045619999999990668e+01;6.152681876814262021e-18;-2.659994263050021956e+00;-5.452849300906835312e-18;-2.849899784006185352e-18
1.052279999999990423e+01;1.670437768311445172e-18;-2.222904238333072158e+00;-1.013727099577714811e-18;-1.327674547990988340e-18
1.058939999999990533e+01;2.840797812850365121e-18;2.178090617622148173e+00;-1.621094558261361612e-18;2.332849040694836535e-18
1.065599999999990466e+01;3.231031797141409307e-18;5.630341164391627906e-01;2.732288219580134563e-18;1.724577501674674723e-18
1.072259999999990399e+01;9.914568971228957146e-18;-1.086076241257938474e-01;9.856152202639840954e-18;-1.074682112837957139e-18
1.078919999999990331e+01;1.203521259415342230e-17;-5.146170126825196922e-01;1.047642742129606280e-17;-5.923749713887739927e-18
1.085579999999990264e+01;1.754148121317737400e-17;-7.999730591656828427e-01;1.222160665834863233e-17;-1.258315913595878975e-17
1.092239999999990196e+01;1.784788225287646130e-17;-8.997385661262294887e-01;1.109807617720209368e-17;-1.397782551320347191e-17
1.098899999999990129e+01;1.897352580061546284e-17;-9.231002590471441005e-01;1.144768965631218986e-17;-1.513093132756155058e-17
1.105559999999990062e+01;2.523465426688474169e-17;-1.032546799557953587e+00;1.293613693660384865e-17;-2.166665957471612187e-17
1.112219999999990172e+01;2.894774668589172435e-17;-1.156701154563094303e+00;1.164746580644344305e-17;-2.650110523125943134e-17
1.118879999999989927e+01;3.406012975414924968e-17;-1.323830464471074997e+00;8.326441884390718100e-18;-3.302669835777331690e-17
1.125539999999989860e+01;4.166845691244445523e-17;-1.424497194431929792e+00;6.074336251495599897e-18;-4.122332762609062701e-17
1.132199999999989970e+01;4.456057681456428553e-17;-1.517689982262067971e+00;2.365337158604619277e-18;-4.449775484418071755e-17
1.138859999999989725e+01;4.433642800625647690e-17;-1.776473185275384559e+00;-9.054819778038586139e-18;-4.340194796482301419e-17
1.145519999999989835e+01;3.707114358237654989e-17;-1.937436016638424796e+00;-1.328928161212291553e-17;-3.460729230579690710e-17
1.152179999999989768e+01;2.318773811807739846e-17;-2.180135442345329189e+00;-1.327093711436250246e-17;-1.901455829461140122e-17
1.158839999999989523e+01;7.961879893596158993e-18;-2.169108144778943981e+00;-4.484515734550970291e-18;-6.578803087691221977e-18
1.165499999999989633e+01;2.841982857086682398e-19;1.100466903671073249e+00;1.287929688893959974e-19;2.533397654621178911e-19
1.172159999999989566e+01;3.166145840945662612e-18;2.978194318905503124e+00;-3.123973307883838402e-18;5.150439377051494601e-19
1.178819999999989321e+01;1.880591122314802886e-17;3.067174444664389377e+00;-1.875386102658157011e-17;1.398210831237487427e-18
1.185479999999989431e+01;3.837962697015609409e-17;2.966224153348322012e+00;-3.779097227051508462e-17;6.696131810044752974e-18
1.192139999999989364e+01;5.502423621651607775e-17;2.843403271266750743e+00;-5.259601650646977651e-17;1.616556893097545755e-17
1.198799999999989119e+01;6.609535908497644836e-17;2.671009625446479241e+00;-5.891106396365232463e-17;2.996803355648220137e-17
1.205459999999989229e+01;6.681469559298705082e-17;2.477292322933288382e+00;-5.260643898383880250e-17;4.119182108893910318e-17
1.212119999999989162e+01;5.854516703419488408e-17;2.254944260233614273e+00;-3.700130228273612341e-17;4.537003650476122815e-17
1.218779999999989094e+01;5.041495618169123113e-17;2.059500686871410302e+00;-2.366892997570740404e-17;4.451347616853693905e-17
1.225439999999989027e+01;3.495912892709652619e-17;1.800516053015501328e+00;-7.960355217662880033e-18;3.404076145079578504e-17
1.232099999999988960e+01;2.376901982366126869e-17;1.850805164532207447e+00;-6.568904772333828729e-18;2.284328771148347824e-17
1.238759999999988892e+01;1.341785545064754235e-17;1.515108142017790538e+00;7.468298657257934565e-19;1.339705527517640493e-17
1.245419999999988825e+01;7.478301955939893893e-18;1.503835818443803873e+00;5.003767808448545129e-19;7.461542951789917224e-18
1.252079999999988758e+01;3.137693377794121665e-18;9.481980344716545162e-01;1.829739275818442984e-18;2.548955455785856418e-18
1.258739999999988690e+01;4.707703991871668490e-18;6.267876515179598984e-01;3.812844194230170802e-18;2.761285212651839942e-18
1.265399999999988623e+01;2.181105181068921597e-18;1.328322129858669154e+00;5.236946474116803346e-19;2.117301047833786028e-18
1.272059999999988555e+01;1.175732077232113064e-18;9.333594447536869287e-01;6.997223853964363676e-19;9.448462842217566641e-19
1.278719999999988488e+01;1.269398449154498947e-18;1.211357465120205479e+00;4.465096481219725754e-19;1.188276717288460317e-18
1.285379999999988421e+01;3.586246181110976929e-18;2.169747035452600059e+00;-2.021840047723554500e-18;2.961979826560991932e-18
1.292039999999988531e+01;9.503538168932048611e-18;2.248236581331764850e+00;-5.956823216712479109e-18;7.404964206070377295e-18
1.298699999999988464e+01;1.012851387243352390e-17;1.913729392932324247e+00;-3.405721049290041245e-18;9.538755547685509084e-18
1.305359999999988219e+01;1.455183770023082512e-17;1.588994105187722328e+00;-2.647965021489089164e-19;1.454942827970600670e-17
1.312019999999988329e+01;1.202891853947589566e-17;1.311948681360770586e+00;3.079003275305568436e-18;1.162818214769636789e-17
1.318679999999988262e+01;1.498770135216298668e-17;9.558266731534325045e-01;8.646910533954789020e-18;1.224181890241029224e-17
1.325339999999988017e+01;1.737582358484652602e-17;6.450016979295400965e-01;1.388499883996074845e-17;1.044634158286993226e-17
1.331999999999988127e+01;1.938360644049094616e-17;4.892171770867979053e-01;1.710992888456420712e-17;9.109035745071900127e-18
1.338659999999988059e+01;1.929885041504550000e-17;1.594810460035827049e-01;1.905394470810116534e-17;3.064770530223343414e-18
1.345319999999987814e+01;1.856643747135899299e-17;-2.128388220305943990e-01;1.814748941233145751e-17;-3.921890922399684640e-18
1.351979999999987925e+01;1.754324708490012355e-17;-5.998867353878769570e-01;1.448018848846345278e-17;-9.904022395997862877e-18
1.358639999999987857e+01;1.645823804675098251e-17;-1.018402174968562335e+00;8.636078618653995794e-18;-1.401041561467570671e-17
1.365299999999987790e+01;1.182792820822872474e-17;-1.331639467309830849e+00;2.801841831685872298e-18;-1.149128226305610679e-17
1.371959999999987723e+01;8.564340257816327306e-18;-1.784527274824790233e+00;-1.816560141939194850e-18;-8.369470311935592347e-18
1.378619999999987655e+01;6.350094785445257349e-18;-2.510974092455019679e+00;-5.128736171001424317e-18;-3.744298208262891634e-18
1.385279999999987588e+01;6.821585572077053913e-18;-2.961381501187321685e+00;-6.711115917133934754e-18;-1.222682650552208958e-18
1.391939999999987521e+01;2.247275111715882016e-18;-2.133765115762039921e-01;2.196310223810773612e-18;-4.758853102606763336e-19
1.398599999999987453e+01;7.694974639379886350e-18;5.616201318893138811e-02;7.682842193150053465e-18;4.319381157676224513e-19
1.405259999999987386e+01;6.484784726494839014e-18;-5.506189028379225858e-01;5.526339161007183910e-18;-3.392935075491300536e-18
1.411919999999987319e+01;1.118360415437133458e-17;-5.410156010643075719e-01;9.586429828321847554e-18;-5.759632369199696763e-18
1.418579999999987251e+01;1.270311764156486557e-17;-4.610543863262676068e-01;1.137670772488387920e-17;-5.651523613858829377e-18
1.425239999999987184e+01;8.522754765199649392e-18;-3.120643199324306671e-01;8.111121072858224539e-18;-2.616689459826780609e-18
1.431899999999987116e+01;7.923182210015083319e-19;7.518894108419430511e-01;5.787089655371406071e-19;5.411691940030654664e-19
1.438559999999987227e+01;1.068598669879135155e-17;1.244943393675353782e+00;3.420765494352147865e-18;1.012366905619673991e-17
1.445219999999986982e+01;8.730414623399946801e-18;1.626998997766406774e+00;-4.904143434281236467e-19;8.716629696633648370e-18
1.451879999999986914e+01;9.345520306052332715e-18;1.255101128054204151e+00;2.901572741154619617e-18;8.883671843254057423e-18
1.458539999999987025e+01;8.066405158205955500e-18;9.793385668665768318e-01;4.497599586687046752e-18;6.696154876805356834e-18
1.465199999999986957e+01;9.156315408165311326e-18;1.046154862275392672e+00;4.586423321790510401e-18;7.924823844549580115e-18
1.471859999999986712e+01;7.551982886924902956e-18;6.128853247708465624e-01;6.177459317348913428e-18;4.344127289445565191e-18
1.478519999999986823e+01;8.113405964416581963e-18;4.831330471850057151e-01;7.184776314915991100e-18;3.769130622312359477e-18
1.485179999999986755e+01;7.201492266034097962e-18;2.618826811852346670e-01;6.955952094297877419e-18;1.864462742878468104e-18
1.491839999999986510e+01;2.560196268936119118e-18;-1.313849004035774759e-01;2.538130993409073573e-18;-3.354042274192343670e-19
1.498499999999986620e+01;3.327335478124012253e-19;2.988896282153827411e+00;-3.288620410323962730e-19;5.060999711355446884e-20
1.505159999999986553e+01;4.922678546357485539e-18;2.683564244910480845e+00;-4.415278572996916855e-18;2.176712933209740949e-18
1.511819999999986486e+01;6.506206402635993710e-18;2.481774125482430371e+00;-5.140576333100852484e-18;3.988131983430962150e-18
1.518479999999986418e+01;8.699785483323437968e-18;2.188489590994423306e+00;-5.038534821193271683e-18;7.092209409730379183e-18
1.525139999999986351e+01;9.352487218398303574e-18;2.052516020166181399e+00;-4.333043347131207632e-18;8.288169431315072548e-18
1.531799999999986284e+01;7.177037959962023768e-18;1.863231134724409710e+00;-2.069028907300057954e-18;6.872335357030577002e-18
1.538459999999986216e+01;5.702685703053925452e-18;1.821807583512786932e+00;-1.416453899880551922e-18;5.523973441041223761e-18
1.545119999999986149e+01;5.300259452384894979e-18;-3.068492316509735307e+00;-5.286104367091002973e-18;-3.871057772971787845e-19
1.551779999999986082e+01;1.144877353738911197e-17;2.210013342679256532e+00;-6.829963117578712797e-18;9.188363255930604858e-18
1.558439999999986014e+01;3.970306189961383474e-18;6.437398225019210773e-01;3.175676201567546550e-18;2.382941859308194596e-18
1.565099999999985947e+01;1.656943936142538598e-17;1.659368162411225089e+00;-1.465667550977179029e-18;1.650448846168718645e-17
1.571759999999985880e+01;7.313310735348287623e-18;1.934649829766776019e+00;-2.602647056061410279e-18;6.834525748970106131e-18
1.578419999999985812e+01;1.527096993910041331e-17;7.993691364026372925e-01;1.064629603332189501e-17;1.094800911818139468e-17
1.585079999999985922e+01;1.122092347076714775e-17;1.724349029865663574e-01;1.105451608801717311e-17;1.925304546450396333e-18
1.591739999999985677e+01;1.303906795053443884e-17;-3.265647355794236151e-01;1.234995233166399214e-17;-4.182818478523955980e-18
1.598399999999985610e+01;9.004679656446746353e-18;-3.062120912800493922e-01;8.585802392593700903e-18;-2.714452613430224591e-18
1.605059999999985720e+01;8.343005282948953122e-18;-1.244660660580951594e+00;2.672972034141201390e-18;-7.903224510034698247e-18
1.611719999999985475e+01;3.961968127903798289e-18;9.825001642537249946e-01;2.198672137157782552e-18;3.295911449024618056e-18
1.618379999999985586e+01;7.352908791400235697e-18;8.759837710767300889e-01;4.707637067259963207e-18;5.648311335046155607e-18
1.625039999999985341e+01;1.384208926450892000e-17;4.309316608334829990e-01;1.257660356455783310e-17;5.782082495657105307e-18
1.631699999999985451e+01;1.784894374151237940e-17;-6.088645321591203141e-02;1.781586951423479431e-17;-1.086087537647494495e-18
1.638359999999985206e+01;1.969798373667898440e-17;-5.684194220850879997e-01;1.660053200575117518e-17;-1.060343814130588993e-17
1.645019999999985316e+01;2.099844414492641705e-17;-1.076198986200423979e+00;9.967484457899244775e-18;-1.848198880232134404e-17
1.651679999999985426e+01;1.878380896728906327e-17;-1.576402595252710315e+00;-1.053065240938938167e-19;-1.878351377819369392e-17
1.658339999999985181e+01;1.500436250732721807e-17;-2.006510242754686146e+00;-6.332707073662613243e-18;-1.360248930786090368e-17
1.664999999999984936e+01;1.431633558846989565e-17;-2.703091520800083192e+00;-1.296185381249870334e-17;-6.078471059822732065e-18
1.671659999999985047e+01;1.133424079980070794e-17;-2.925209478370546456e+00;-1.106993041711946728e-17;-2.433445102729917975e-18
1.678319999999985157e+01;1.368080788851856012e-17;3.000242608252007503e+00;-1.354436514662961347e-17;1.927349801493406846e-18
1.684979999999984557e+01;1.020113092243631524e-17;2.995447373865879559e+00;-1.009238454816957500e-17;1.485545767909694327e-18
1.691639999999984667e+01;9.148333312712886223e-18;-3.135436366844110090e+00;-9.148159952954811450e-18;-5.631940736690241256e-20
1.698299999999984777e+01;8.040596502815014288e-18;3.095425427604936885e+00;-8.032029109725604391e-18;3.710801821730236511e-19
1.704959999999984888e+01;6.199443848030101623e-18;3.095365832852067900e+00;-6.192821172963182711e-18;2.864785237625807027e-19
1.711619999999984643e+01;4.213847623186907136e-18;2.478098165281667598e+00;-3.319858286478517840e-18;2.595198017326975105e-18
1.718279999999984753e+01;3.206750443973584775e-18;1.827561036116777782e+00;-8.143628033282903204e-19;3.101622419715215874e-18
1.724939999999984863e+01;4.431155581889367306e-18;-9.817500613435568013e-01;2.461809454750147933e-18;-3.684377016459102728e-18
1.731599999999984263e+01;3.478496616931821794e-18;-5.527365517238355119e-01;2.960517063507927358e-18;-1.826274193730099340e-18
1.738259999999984373e+01;7.482737221576443501e-18;-9.213020646293652582e-01;4.525437642638387629e-18;-5.959175317924206482e-18
1.744919999999984483e+01;1.399807578895612719e-17;-1.070957720132341251e+00;6.709052305985331909e-18;-1.228555016875160729e-17
1.751579999999984238e+01;1.096390271108353218e-17;-1.239660154337109299e+00;3.564558681880109008e-18;-1.036827295462161134e-17
1.758239999999984349e+01;2.881040957598090956e-17;-1.480335965546223820e+00;2.602647056061410279e-18;-2.869261103903489928e-17
1.764899999999984459e+01;2.592463626578512631e-17;-2.084750646213795910e+00;-1.274518716422482518e-17;-2.257536200511832459e-17
1.771559999999983859e+01;3.132661572780106333e-17;-1.905183859378876132e+00;-1.028110355916854817e-17;-2.959148124989630981e-17
1.778219999999983969e+01;3.075257257720498433e-17;-2.349155339013103916e+00;-2.159174631282529523e-17;-2.189788143357377969e-17
1.784879999999984079e+01;2.996221169452305868e-17;-2.453028918719675655e+00;-2.313560506331300351e-17;-1.903885259099980828e-17
1.791539999999983834e+01;2.248293826733762291e-17;-2.657522318696101671e+00;-1.989982817292245313e-17;-1.046323811356103075e-17
1.798199999999983945e+01;1.927988593774187638e-17;-3.083402295708827179e+00;-1.924725316550294768e-17;-1.121270420270550255e-18
1.804859999999984055e+01;1.951709879322928734e-17;2.727992944382197749e+00;-1.787141714537192364e-17;7.844080221465009537e-18
1.811519999999983455e+01;1.548894439395841581e-17;2.135117335665980942e+00;-8.284141474308608620e-18;1.308741374270622520e-17
1.818179999999983565e+01;1.099329577798446779e-17;1.719781351756673349e+00;-1.631784117112602650e-18;1.087151473610693265e-17
1.824839999999983675e+01;6.657532616868511800e-18;1.338574229202847965e+00;1.532168155923463215e-18;6.478827153632222512e-18
1.831499999999983785e+01;1.711287335146034182e-18;-1.001551178311543486e-02;1.711201505839684245e-18;-1.713913192701684808e-20
1.838159999999983540e+01;8.573570477339429816e-18;-2.710248727753122644e+00;-7.788271593452879803e-18;-3.584541297923793763e-18
1.844819999999983651e+01;1.462223264252920610e-17;3.029330238951794207e+00;-1.453018847128161133e-17;1.638081329263495059e-18
1.851479999999983406e+01;1.730666710633747903e-17;2.704974820919522127e+00;-1.568307820350912311e-17;7.318591694595403074e-18
1.858139999999983161e+01;1.975902890131028433e-17;2.192255541935626439e+00;-1.150414459077019622e-17;1.606467803466561625e-17
1.864799999999983271e+01;1.806716023608745052e-17;1.889003010262081172e+00;-5.652559975576974754e-18;1.716015281747119940e-17
1.871459999999983381e+01;1.697877202904369449e-17;1.595611868672747624e+00;-4.212941856071943373e-19;1.697354443902068580e-17
1.878119999999983136e+01;1.576281937105840120e-17;1.382301595396310256e+00;2.953644997727349327e-18;1.548361894881213296e-17
1.884779999999983247e+01;1.431318037120848218e-17;8.796861419811439209e-01;9.123121196630078874e-18;1.102886177129565422e-17
1.891439999999983357e+01;2.010353932907745463e-17;8.329992725534319797e-01;1.352283612260195883e-17;1.487565785963819544e-17
1.898099999999982757e+01;1.826323234660898943e-17;4.401394371445115361e-01;1.652260499481019279e-17;7.781335356588747427e-18
1.904759999999982867e+01;1.630222532581364659e-17;4.827605606340520938e-02;1.628323221448894391e-17;7.867014825391602854e-19
1.911419999999982977e+01;1.214968783497218819e-17;-3.375323297819595170e-01;1.146413842401564129e-17;-4.023486632546368208e-18
1.918079999999982732e+01;1.231892762575211318e-17;-8.421179240774976371e-01;8.202979666576962853e-18;-9.190598589767888412e-18
1.924739999999982842e+01;8.267929724863666251e-18;-6.596044206527075238e-01;6.533605015728133379e-18;-5.066622882526027193e-18
1.931399999999982953e+01;3.840265360554306732e-18;-1.503420002810082590e+00;2.585472439591682030e-19;-3.831552082657159986e-18
1.938059999999982352e+01;2.061894611487919629e-18;-1.378225840889129028e+00;3.946105378745559066e-19;-2.023781587099080245e-18
1.944719999999982463e+01;2.262784862543206334e-18;2.958278830823446892e+00;-2.224871946525431311e-18;4.124804913190628453e-19
1.951379999999982573e+01;4.626667175038791776e-18;2.176231143395249479e+00;-2.633127249808093079e-18;3.804298888744088801e-18
1.958039999999982328e+01;5.596478760332155981e-18;1.262409448894592501e+00;1.698654481563150766e-18;5.332461670477751442e-18
1.964699999999982438e+01;1.120937245697817494e-17;1.663512389869318708e+00;-1.037800522584197093e-18;1.116122757381932786e-17
1.971359999999982549e+01;1.216663745009528693e-17;1.500933055717267317e+00;8.493098005940734588e-19;1.213695759672398218e-17
1.978019999999981948e+01;1.746499424692444011e-17;1.404193661922017222e+00;2.896272695154314180e-18;1.722317126781265328e-17
1.984679999999982059e+01;2.074196312468137719e-17;1.251267383636671227e+00;6.515452635997409668e-18;1.969207737171770254e-17
1.991339999999982169e+01;2.366855588979702254e-17;1.010034738337814542e+00;1.258767893137202471e-17;2.004372413073823341e-17
1.997999999999982279e+01;2.835291592019279827e-17;8.661920525457921238e-01;1.836510197826715324e-17;2.160117752589821386e-17
2.004659999999982034e+01;3.311858474502344601e-17;6.866560453109346041e-01;2.561292817981114484e-17;2.099567968819147097e-17
2.011319999999982144e+01;4.271677486429669785e-17;5.250329932464762317e-01;3.696314158676723692e-17;2.141142262540274881e-17
2.017979999999981899e+01;4.898574787558622070e-17;3.398633286986688096e-01;4.618377460082687001e-17;1.632980277132945127e-17
2.024639999999981654e+01;4.659078441285661816e-17;1.751932089708070628e-01;4.587761374418543321e-17;8.120698821198307130e-18
2.031299999999981765e+01;3.882449471795126309e-17;7.711000462742111962e-03;3.882334048060244803e-17;2.993727299550604668e-19
2.037959999999981875e+01;2.674897025691566568e-17;-2.466701841334905387e-01;2.593930188667781458e-17;-6.531464417506352903e-18
2.044619999999981630e+01;1.256761793057632351e-17;-5.781349713915736599e-01;1.052516982214107150e-17;-6.867737667094917890e-18
2.051279999999981740e+01;3.450009932026785393e-18;-1.592467321425950211e-01;3.406356999709329440e-18;-5.470836513868046348e-19
2.057939999999981850e+01;2.487255891464399555e-18;2.216205411425681948e+00;-1.496147315529236653e-18;1.986953718600165263e-18
2.064599999999981250e+01;4.940027910758185812e-18;1.525825302682032980e+00;2.220832400283521111e-19;4.935033413622282492e-18
2.071259999999981360e+01;9.042122851466400282e-18;8.048170830240346518e-01;6.268389055388203374e-18;6.516692743355349324e-18
2.077919999999981471e+01;1.078248821236620816e-17;4.140541148406011729e-01;9.871338656283426111e-18;4.338055461007938403e-18
2.084579999999981226e+01;1.334685247860980266e-17;2.889927540043185639e-01;1.279337737352867129e-17;3.803678017952785531e-18
2.091239999999981336e+01;1.255271299031561771e-17;-2.139819283272976214e-01;1.226642440542457931e-17;-2.665602319034614456e-18
2.097899999999981446e+01;1.350686604896984703e-17;-5.596163699992631191e-01;1.144651286673187372e-17;-7.170270124378580635e-18
2.104559999999980846e+01;1.235831310170575011e-17;-9.852269218516340743e-01;6.830118490515479677e-18;-1.029938756069070868e-17
2.111219999999980956e+01;9.717120046799023703e-18;-1.635090557453138693e+00;-6.243244167800960221e-19;-9.697042901138246426e-18
2.117879999999981067e+01;1.126480356717572865e-17;-1.556810770543852529e+00;1.575394081545032054e-19;-1.126370191109181089e-17
2.124539999999981177e+01;9.457733072833932148e-18;-1.928499440094832318e+00;-3.311376089956761594e-18;-8.859091559964794499e-18
2.131199999999980932e+01;7.457208491727203720e-18;-2.304562795597892233e+00;-4.993880550615592462e-18;-5.538150913009830048e-18
2.137859999999981042e+01;8.078651058817195658e-18;-2.247593516243317158e+00;-5.059654190516401547e-18;-6.297976056045147718e-18
2.144519999999980797e+01;7.007249820487944296e-18;-2.697795385611150287e+00;-6.328441679317288092e-18;-3.008716662999045191e-18
2.151179999999980552e+01;3.243478102116825906e-18;-2.836957426130293669e+00;-3.094136783977760803e-18;-9.728657466203280629e-19
2.157839999999980662e+01;1.462955172454231074e-18;-2.481496033250638167e+00;-1.155636551055191930e-18;-8.970741320960323970e-19
2.164499999999980773e+01;4.886556518630892110e-19;-2.210669801576858884e+00;-2.917733339676029671e-19;-3.919855452477429499e-19
2.171159999999980528e+01;4.881639906495239935e-18;-8.756860417914656969e-01;3.126544596498707272e-18;-3.749016812817940432e-18
2.177819999999980638e+01;4.829230106728501368e-18;-1.516995068130954527e+00;2.596933321419398765e-19;-4.822242507068053981e-18
2.184479999999980393e+01;5.427594655653183461e-18;-1.530711695108366577e+00;2.175048747979711301e-19;-5.423234770458874293e-18
2.191139999999980148e+01;1.023388603041233337e-17;-1.414374918637470557e+00;1.594278879115184174e-18;-1.010894149449268079e-17
2.197799999999980258e+01;1.222432049183574158e-17;-1.814766952771494468e+00;-2.952877058730728251e-18;-1.186231548067817080e-17
2.204459999999980369e+01;2.099104513350799965e-17;-1.700084158077938001e+00;-2.706332426731382901e-18;-2.081585310749939149e-17
2.211119999999980124e+01;3.005878636163888505e-17;-1.862522244715078656e+00;-8.645076749601317595e-18;-2.878877012878720779e-17
2.217779999999980234e+01;4.375008358798339541e-17;-1.978825308349025480e+00;-1.736007222843490389e-17;-4.015840766488454387e-17
2.224439999999980344e+01;5.433547528284159107e-17;-2.168280475521312756e+00;-3.056719682318138109e-17;-4.492204751105162637e-17
2.231099999999979744e+01;5.728634563529089492e-17;-2.315614351014913641e+00;-3.883086373070084377e-17;-4.211756662217979404e-17
2.237759999999979854e+01;5.716670641555623051e-17;-2.575763845258810747e+00;-4.825696385088065904e-17;-3.064796505964458890e-17
2.244419999999979964e+01;4.691696059812928847e-17;-2.680987211311836038e+00;-4.202744144286399334e-17;-2.085414485259594901e-17
2.251079999999979719e+01;2.956722397374246119e-17;-2.850692470722705707e+00;-2.832498893216449862e-17;-8.480314587691298266e-18
2.257739999999979830e+01;1.347028536329607509e-17;-2.967044296634838041e+00;-1.326560536320847696e-17;-2.339295217847241254e-18
2.264399999999979940e+01;1.718322402007992376e-18;3.023417411115750131e+00;-1.706337839704575955e-18;2.025908537788350803e-19
2.271059999999979340e+01;2.137457975518365175e-18;1.457080890118470362e-01;2.114808069310586058e-18;3.103440463194044961e-19
2.277719999999979450e+01;8.098836801168630971e-19;-1.714350310727117965e-01;7.980115711566819980e-19;-1.381633367419780923e-19
2.284379999999979560e+01;5.896901126623254859e-18;2.254806219581283244e+00;-3.726286871019222998e-18;4.570364214375083202e-18
2.291039999999979671e+01;7.913662983958767019e-18;2.374334122013001203e+00;-5.696384417453243431e-18;5.493383874468909753e-18
2.297699999999979426e+01;1.066805320562942097e-17;2.095757997998601407e+00;-5.346613171831242696e-18;9.231526785366588996e-18
2.304359999999979536e+01;1.134669367935123765e-17;2.162298713300225383e+00;-6.327016117236602918e-18;9.418934361447562225e-18
2.311019999999979291e+01;8.590101829578587667e-18;2.360280920086790246e+00;-6.098889932688677786e-18;6.049247145842042203e-18
2.317679999999979046e+01;9.076961681170601149e-18;2.760647404549041894e+00;-8.426267052753199801e-18;3.374797314969497292e-18
2.324339999999979156e+01;1.165908270732741846e-17;3.079116471003323863e+00;-1.163633581407188297e-17;7.279412053519940387e-19
2.330999999999979266e+01;1.540312015240282430e-17;3.118317926714006649e+00;-1.539894830620728446e-17;3.584710478040576392e-19
2.337659999999979021e+01;1.551167073867727806e-17;2.934245213762799231e+00;-1.517941735564272011e-17;3.193308292092926113e-18
2.344319999999979132e+01;1.518059441761131576e-17;2.724477105352478112e+00;-1.387903007147192493e-17;6.150038304530289550e-18
2.350979999999978887e+01;1.430246845275031937e-17;2.276993549671378236e+00;-9.281518016909293542e-18;1.088182094797126515e-17
2.357639999999978642e+01;8.866038773603751742e-18;1.905224441914880273e+00;-2.910091237131392229e-18;8.374844029987436059e-18
2.364299999999978752e+01;9.341390362911011808e-18;1.528539522044703558e+00;3.946198428556201794e-19;9.333051435190492769e-18
2.370959999999978862e+01;6.415150557089989912e-18;4.579344666007517106e-01;5.754182038740292007e-18;2.836114549021360593e-18
2.377619999999978617e+01;5.057179444378454047e-18;1.913918021466432640e+00;-1.701379065441196018e-18;4.762391542945877041e-18
2.384279999999978727e+01;1.917316044415467512e-18;4.097598402233550430e-01;1.758593962067662920e-18;7.638377384969488148e-19
2.390939999999978838e+01;6.110256424045248232e-18;-1.090851416510539629e+00;2.821290596170021957e-18;-5.419921857328648147e-18
2.397599999999978237e+01;5.005482216498904543e-18;-2.016654611116868612e+00;-2.158526200677811968e-18;-4.516150668508989524e-18
2.404259999999978348e+01;3.682378573055275454e-18;3.043028044883009819e+00;-3.664505928512902639e-18;3.623648095364619440e-19
2.410919999999978458e+01;5.743180322650303383e-18;2.822728688992637291e+00;-5.453679032117749107e-18;1.800418071759126426e-18
2.417579999999978568e+01;7.693484965191849530e-18;2.356304280694561548e+00;-5.440712630056022996e-18;5.439518084056886457e-18
2.424239999999978323e+01;5.003749123535160694e-18;2.542453107710374915e+00;-4.132201896845810941e-18;2.821774756245221004e-18
2.430899999999978434e+01;1.619421271601991051e-18;7.296510802167638365e-01;1.207128018177876413e-18;1.079521747185744584e-18
2.437559999999978189e+01;1.977882671833614892e-18;-2.309527016037731251e+00;-1.331807341789357807e-18;-1.462295820925315783e-18
2.444219999999977944e+01;5.643772996579764175e-18;-2.050754700014712384e+00;-2.605968455467902307e-18;-5.006106475698370778e-18
2.450879999999978054e+01;4.862953447954120450e-18;-2.577754290602531917e+00;-4.110216831558334310e-18;-2.598929363130794779e-18
2.457539999999978164e+01;6.555243030229735550e-18;-3.128483635908996696e+00;-6.554679791019479524e-18;-8.593033560017892613e-20
2.464199999999977919e+01;1.116207079209183385e-17;3.127910065994896183e+00;-1.116102596487826139e-17;1.527212460102107539e-19
2.470859999999978029e+01;1.041268335255973326e-17;3.004095611358116980e+00;-1.031441016122455156e-17;1.427206231314288555e-18
2.477519999999977784e+01;1.299307856480883332e-17;2.884241352690194216e+00;-1.256518421884873677e-17;3.306998055289643085e-18
2.484179999999977539e+01;1.200231601883356527e-17;2.716599175912846498e+00;-1.093460705577997714e-17;4.948733004682668100e-18
2.490839999999977650e+01;6.447217047635791820e-18;2.579994890581072564e+00;-5.456958809995003498e-18;3.433396016387198436e-18
2.497499999999977760e+01;9.508473121894186557e-19;-1.953035218488436697e-01;9.327705751626729362e-19;-1.845255137062029297e-19
2.504159999999977515e+01;5.877032888777328925e-18;-1.380226768416346061e+00;1.113216832767766392e-18;-5.770638080750941402e-18
2.510819999999977625e+01;1.055724463697406222e-17;-1.563811337354320319e+00;7.374164266402113369e-20;-1.055698709362926176e-17
2.517479999999977380e+01;1.144698825154484771e-17;-1.910767563260497237e+00;-3.817112416719008561e-18;-1.079181137850061521e-17
2.524139999999977135e+01;1.344367521653078470e-17;-2.246698302263264058e+00;-8.410379898450775455e-18;-1.048798900129568010e-17
2.530799999999977246e+01;1.418862979194790730e-17;-2.672209585945644061e+00;-1.265409427388142159e-17;-6.418030342766628474e-18
2.537459999999977356e+01;1.566540556373954463e-17;-3.033898149713153636e+00;-1.557464881340790386e-17;-1.683818819069799837e-18
2.544119999999977111e+01;1.615418081664479011e-17;2.979476839332823257e+00;-1.594236697403572946e-17;2.607392015411051583e-18
2.550779999999977221e+01;1.657073625248735276e-17;2.631653598496769053e+00;-1.446251203631430755e-17;8.088575001133540854e-18
2.557439999999976976e+01;1.755196457003904926e-17;2.364669039303075593e+00;-1.251584483186828383e-17;1.230549017359739178e-17
2.564099999999976731e+01;1.634492440231412571e-17;1.988691176237074476e+00;-6.633380989429307506e-18;1.493836705823101853e-17
2.570759999999976841e+01;1.270435413607914950e-17;1.519046626891677132e+00;6.571531095572805096e-19;1.268734660224550522e-17
2.577419999999976952e+01;1.468810784249968362e-17;1.153883345156025753e+00;5.947799339023962367e-18;1.342997375334765326e-17
2.584079999999977062e+01;1.121430966714752605e-17;1.165199939874350887e+00;4.424794626263883309e-18;1.030446184068167104e-17
2.590739999999976817e+01;1.254934081656075332e-17;5.188184907749279207e-01;1.089791837206586237e-17;6.222646549980727759e-18
2.597399999999976927e+01;1.045738573296667646e-17;7.706141115204059311e-01;7.502996797323356356e-18;7.284363762705050059e-18
2.604059999999976682e+01;7.461462197164893277e-18;-4.684778037534656492e-01;6.657539165763556602e-18;-3.369063723951363421e-18
2.610719999999976437e+01;3.483723629100119597e-18;-1.623119685788260436e-01;3.437934633669390167e-18;-5.629704952899590790e-19
2.617379999999976548e+01;6.992623633905871659e-18;2.622313083303292824e+00;-6.070834460774550345e-18;3.470123086481392066e-18
2.624039999999976658e+01;1.032173612063418473e-17;2.655029523946291992e+00;-9.123848320239057071e-18;4.826347311712594710e-18
2.630699999999976413e+01;2.035675498993975375e-17;2.506605564877880887e+00;-1.638880317906928103e-17;1.207495772572996345e-17
2.637359999999976523e+01;3.006310128423757832e-17;2.229282178789738111e+00;-1.839621247006362079e-17;2.377749830370308480e-17
2.644019999999976278e+01;4.169146700853014663e-17;1.936010910651518646e+00;-1.489009635785808090e-17;3.894179569276510649e-17
2.650679999999976033e+01;5.620804262552602493e-17;1.640059359739158840e+00;-3.890027451039743661e-18;5.607327119245949426e-17
2.657339999999976143e+01;7.340106776818086948e-17;1.268342309333549300e+00;2.186351560338025723e-17;7.006927597006998849e-17
2.663999999999976254e+01;8.409140609144355065e-17;8.824960583291133753e-01;5.341699304935689798e-17;6.494605016474078994e-17
2.670659999999976009e+01;9.715797189668046678e-17;4.625937695018916829e-01;8.694647333519206884e-17;4.335876240910119549e-17
2.677319999999976119e+01;9.887249910048317037e-17;3.491043657996850680e-02;9.881225535461781176e-17;3.450981035713021244e-18
2.683979999999975874e+01;9.481533631434965896e-17;-4.322454540573201220e-01;8.609492281074998440e-17;-3.971916749649006525e-17
2.690639999999975629e+01;8.450011039283198363e-17;-9.004243426602374090e-01;5.249801845761857426e-17;-6.621349344676151764e-17
2.697299999999975739e+01;6.610307133324720301e-17;-1.370728742486329255e+00;1.313703139247983588e-17;-6.478452319714460962e-17
2.703959999999975850e+01;4.594679414698012265e-17;-1.873004660439108182e+00;-1.367510694449768053e-17;-4.386455679066549841e-17
2.710619999999975960e+01;2.526736387310080638e-17;-2.271181457786781266e+00;-1.628512437617994020e-17;-1.931927537844082446e-17
2.717279999999975715e+01;4.670404369486373213e-18;-2.864951169874861758e+00;-4.492827008079906664e-18;-1.275610618482442361e-18
2.723939999999975470e+01;8.961177682612947896e-18;-3.410784113342777979e-01;8.444964392608804826e-18;-2.997545974114450294e-18
2.730599999999975580e+01;1.816830949551561524e-17;-2.510991945974868078e-01;1.759854933549738454e-17;-4.514258655738216605e-18
2.737259999999975335e+01;1.983078007154365805e-17;-4.007242427958333519e-01;1.825976027179233667e-17;-7.735696029615393003e-18
2.743919999999975445e+01;1.521777631941935951e-17;-6.181428026449520274e-01;1.240182039168131011e-17;-8.819045701228576924e-18
2.750579999999975556e+01;1.539197493651511605e-17;-6.494906479797122323e-01;1.225804490612686670e-17;-9.308771536872449714e-18
2.757239999999975311e+01;1.278168989866423525e-17;-6.274542985011281049e-01;1.034709336291836814e-17;-7.503949333828553717e-18
2.763899999999975421e+01;1.471724683244601532e-17;-6.403346677211181337e-01;1.180169917208414997e-17;-8.793022857855574566e-18
2.770559999999975176e+01;1.524682112608470331e-17;-1.131929959240949524e+00;6.478580673670025371e-18;-1.380193996891640073e-17
2.777219999999974931e+01;1.979137295927148142e-17;-1.205665523966246599e+00;7.066934783395209340e-18;-1.848666753041827168e-17
2.783879999999975041e+01;1.970630727152600303e-17;-1.647876395075679845e+00;-1.517459844478062882e-18;-1.964779534452136369e-17
2.790539999999975151e+01;2.076019579467123790e-17;-1.690195943085369690e+00;-2.472873965557010277e-18;-2.061239005509927651e-17
2.797199999999974906e+01;1.879971054843075218e-17;-1.950684751538453332e+00;-6.971249467339741071e-18;-1.745940427302414538e-17
2.803859999999975017e+01;1.618965923313242637e-17;-2.068198616380140908e+00;-7.724802297760011915e-18;-1.422787740829501433e-17
2.810519999999974772e+01;1.293268277983047708e-17;-2.348871375076594159e+00;-9.077574750822547485e-18;-9.211510219662827651e-18
2.817179999999974527e+01;9.704471600775125879e-18;-2.618946546656682806e+00;-8.408937695094351594e-18;-4.844227068405468570e-18
2.823839999999974637e+01;4.590308133079311774e-18;-2.782683913942273879e+00;-4.297816862707973620e-18;-1.612358201900890484e-18
2.830499999999974747e+01;2.110460807564044569e-18;2.379410384297521386e+00;-1.526561460219346872e-18;1.457276544941575496e-18
2.837159999999974502e+01;8.023546068227909068e-18;-2.194974675784655271e-01;7.831037075748719645e-18;-1.747040304979960099e-18
2.843819999999974613e+01;1.688171510510654095e-17;-6.193091949448463751e-01;1.374643697367144213e-17;-9.799376277032181742e-18
2.850479999999974368e+01;2.688989204830308237e-17;-9.071897157732601302e-01;1.656315310799383884e-17;-2.118320687456333640e-17
2.857139999999974123e+01;4.139509682883099719e-17;-1.164403149674014593e+00;1.636343417225039087e-17;-3.802357247233250678e-17
2.863799999999974233e+01;5.920183614059800399e-17;-1.467338714277342859e+00;6.113960215969899223e-18;-5.888528587767705831e-17
2.870459999999974343e+01;7.387528099884680720e-17;-1.812212166819115344e+00;-1.766192834526895395e-17;-7.173293127835471661e-17
2.877119999999974453e+01;9.327003997311162938e-17;-2.167398326583320767e+00;-5.240234757667135231e-17;-7.715759408534953587e-17
2.883779999999974208e+01;1.028595805530336229e-16;-2.585067455705380990e+00;-8.733763364515564000e-17;-5.433443715371116669e-17
2.890439999999973963e+01;1.114584641810972708e-16;-3.000740345375162654e+00;-1.103546578874420404e-16;-1.564732309868263609e-17
2.897099999999974074e+01;1.138329397727313978e-16;2.752437664558263553e+00;-1.053216500676475859e-16;4.318898244147783951e-17
2.903759999999973829e+01;9.877198723809898088e-17;2.343189375302582977e+00;-6.892815365016449278e-17;7.074471780523618635e-17
2.910419999999973939e+01;8.306131834713260304e-17;1.856650362327692649e+00;-2.342137586587817416e-17;7.969078841442695275e-17
2.917079999999974049e+01;6.139577229554060846e-17;1.397666466863149548e+00;1.057641992860743911e-17;6.047793148959071541e-17
2.923739999999973804e+01;3.795718556208000395e-17;1.004142627904011542e+00;2.037586428844810414e-17;3.202455449015520358e-17
2.930399999999973915e+01;2.032143523603554005e-17;6.230002140355435092e-01;1.650367903097810755e-17;1.185703624413960682e-17
2.937059999999973670e+01;6.103747268048527152e-18;2.300790143984433600e-01;5.942903630059483580e-18;1.391986765754500707e-18
2.943719999999973425e+01;3.650900928818075932e-18;-2.861769048718216801e+00;-3.508896111138450901e-18;-1.008328157537091698e-18
2.950379999999973535e+01;1.242483251105742080e-17;2.749766471167403026e+00;-1.148319451995560426e-17;4.744755688619917033e-18
2.957039999999973645e+01;1.468579092172890267e-17;2.530167156887683344e+00;-1.202517447303462410e-17;8.430162150861130977e-18
2.963699999999973400e+01;1.825017896390211749e-17;2.361241090379761154e+00;-1.296978618978381995e-17;1.283953575507106523e-17
2.970359999999973510e+01;1.912153019003368805e-17;2.018535731878615902e+00;-8.278262616619248089e-18;1.723668427681652578e-17
2.977019999999973265e+01;1.960851921017440220e-17;1.712756132201987747e+00;-2.774281458723572778e-18;1.941126961338596036e-17
2.983679999999973020e+01;1.873733692820520982e-17;1.515940765959208125e+00;1.027331715275772974e-18;1.870915243157399695e-17
2.990339999999973131e+01;1.430547268051685306e-17;1.319730400383408053e+00;3.554003106432751836e-18;1.385696974567240619e-17
2.996999999999973241e+01;7.702588771979974245e-18;1.142398350729318501e+00;3.199763853134444935e-18;7.006524464697613238e-18
3.003659999999973351e+01;5.839119452647962909e-18;1.410783688848875173e+00;9.303508912484577050e-19;5.764526277279429789e-18
3.010319999999973106e+01;2.723965910772088172e-18;2.888256341167246166e+00;-2.637021315031481227e-18;6.827216615268989870e-19
3.016979999999972861e+01;5.356056458924888579e-18;3.064226486186718557e+00;-5.340035050832223761e-18;4.139643065220741375e-19
3.023639999999972972e+01;4.881776648267269578e-18;2.567260611031321194e+00;-4.098521818153597815e-18;2.652142935380095073e-18
3.030299999999972727e+01;4.681148826555820217e-18;2.755000545520258193e+00;-4.335676895391184933e-18;1.764953312452198819e-18
3.036959999999972837e+01;2.190256401764890455e-18;2.311101685407448425e+00;-1.477357244070896597e-18;1.616984439895242609e-18
3.043619999999972947e+01;2.541468360962303921e-18;2.250598739329134901e+00;-1.597667077245327160e-18;1.976492180621717329e-18
3.050279999999972702e+01;2.621608876361760043e-18;-1.815411488569663723e+00;-6.349090000253905215e-19;-2.543565148036418584e-18
3.056939999999972457e+01;2.640444699558368206e-18;6.748696827881509597e-01;2.061628537808093502e-18;1.649738156048148365e-18
3.063599999999972567e+01;4.444552122022992917e-18;-9.434295391918559037e-01;2.609018807653282419e-18;-3.598202944066737267e-18
3.070259999999972322e+01;4.575521356824886063e-18;-1.606108192078472996e+00;-1.615366181192046173e-19;-4.572668980777774762e-18
3.076919999999972433e+01;4.894173125281746553e-18;-1.917082997781117015e+00;-1.661117848564432616e-18;-4.603652688182588375e-18
3.083579999999972543e+01;4.419126401500083319e-18;-2.255558027555776945e+00;-2.795046408413605761e-18;-3.422921811442570036e-18
3.090239999999972298e+01;5.792931621147867759e-18;-7.771830905218700680e-01;4.129733388773166422e-18;-4.062432633896464860e-18
3.096899999999972408e+01;1.169582226409149411e-17;1.008036183851317158e-01;1.163644977942844291e-17;1.176985541142281048e-18
3.103559999999972163e+01;2.020511363398003986e-17;-1.913615403868474674e-01;1.983629324721042795e-17;-3.842926901818469278e-18
3.110219999999971918e+01;3.187299818611194205e-17;-1.846125262401812073e-01;3.133139471210417462e-17;-5.850787875681837026e-18
3.116879999999972028e+01;3.315211952316410845e-17;-4.371770437786979269e-01;3.003417810000476127e-17;-1.403606692543723809e-17
3.123539999999972139e+01;3.048162392274484884e-17;-4.243186986903689784e-01;2.777849632718161291e-17;-1.254928439268186696e-17
3.130199999999971894e+01;2.506620914147961815e-17;-6.927809904174958566e-01;1.928776691313693786e-17;-1.600927506881233511e-17
3.136859999999972004e+01;2.001877434118962664e-17;-9.271013278195429086e-01;1.201436953396362054e-17;-1.601269030565566381e-17
3.143519999999971759e+01;1.472396753209327681e-17;-1.169091373933423439e+00;5.756896695463531333e-18;-1.355187663476531410e-17
3.150179999999971514e+01;1.000181833324635061e-17;-1.578145947297582508e+00;-7.350890729451720573e-20;-1.000154820074428181e-17
3.156839999999971624e+01;3.853490365901524286e-18;-1.992254487317232314e+00;-1.576429958793923547e-18;-3.516284485804988215e-18
3.163499999999971735e+01;4.881384625147433286e-19;-3.906331636702728427e-01;4.513660905343524841e-19;-1.858704142729344438e-19
3.170159999999971845e+01;3.802059575236015424e-18;8.454422545729616267e-01;2.522287934070277444e-18;2.844946500601963851e-18
3.176819999999971600e+01;7.037666885681480677e-18;5.661242569197511010e-01;5.939693181744587374e-18;3.774758283725532509e-18
3.183479999999971355e+01;8.997602480567049582e-18;2.749098414806725454e-01;8.659739592076221003e-18;2.442490654175344247e-18
3.190139999999971465e+01;9.057678187205882491e-18;-1.973955598498807473e-01;8.881784197001252508e-18;-1.776356839400250502e-18
3.196799999999971220e+01;1.035785127862229925e-17;-5.404195002705841633e-01;8.881784197001252508e-18;-5.329070518200751505e-18
3.203459999999971330e+01;1.004859173557616176e-17;-7.853981633974482790e-01;7.105427357601002007e-18;-7.105427357601002007e-18
3.210119999999971441e+01;1.630478840891475791e-17;-5.123894603107377321e-01;1.421085471520200401e-17;-7.993605777301128028e-18
3.216779999999971551e+01;1.393761091115238785e-17;-1.035841253008800145e+00;7.105427357601002007e-18;-1.199040866595169050e-17
3.223439999999970951e+01;1.749508591650102928e-17;-1.152571997215667610e+00;7.105427357601002007e-18;-1.598721155460225606e-17
3.230099999999971061e+01;3.552713678800501003e-18;-1.570796326794896558e+00;0.000000000000000000e+00;-3.552713678800501003e-18
3.236759999999971171e+01;1.421085471520200401e-17;-1.570796326794896558e+00;0.000000000000000000e+00;-1.421085471520200401e-17
3.243419999999971282e+01;5.024295867788080879e-18;-2.356194490192344837e+00;-3.552713678800501003e-18;-3.552713678800501003e-18
3.250079999999970681e+01;3.972054645195637124e-18;-2.034443935795702707e+00;-1.776356839400250502e-18;-3.552713678800501003e-18
3.256739999999970792e+01;5.958081967793455686e-18;-2.034443935795702707e+00;-2.664535259100375752e-18;-5.329070518200751505e-18
3.263399999999970902e+01;3.794299872214038113e-18;-1.212025656524324368e+00;1.332267629550187876e-18;-3.552713678800501003e-18
3.270059999999970302e+01;4.691287590150092644e-18;-2.121869914040114047e+00;-2.456368441983158716e-18;-3.996802888650564014e-18
3.276719999999970412e+01;1.828767176403433748e-18;2.989231800593997512e+00;-1.807581861967833057e-18;2.775557561562891409e-19
3.283379999999970522e+01;2.831068712794148996e-18;2.060753653048625011e+00;-1.332267629550187876e-18;2.498001805406602124e-18
3.290039999999970632e+01;2.870153332337407489e-18;6.309292373223074346e-01;2.317590563905014411e-18;1.693090112553363687e-18
3.296699999999970743e+01;2.875416013597754906e-18;-1.527345431403365872e+00;1.249000902703301254e-19;-2.872702076217592789e-18
3.303359999999970853e+01;1.347844374246072429e-17;-2.266523331164566724e+00;-8.638922910364500070e-18;-1.034589081072567823e-17
3.310019999999970253e+01;2.183794355267814320e-17;-2.546121254402234690e+00;-1.807928806663028457e-17;-1.224888246387223480e-17
3.316679999999970363e+01;3.620077035511598398e-17;-2.722164723153525312e+00;-3.306296209037995462e-17;-1.474233062015439686e-17
3.323339999999970473e+01;4.389549241423737831e-17;-2.959366524324801073e+00;-4.316870211990009324e-17;-7.954710024363210495e-18
