Частота;Амплитуда;Фаза;Действительная часть;Мнимая часть
-3.329999999999969873e+01;1.276756478318930000e-18;-0.000000000000000000e+00;1.276756478318930000e-18;-0.000000000000000000e+00
-3.323339999999970473e+01;1.050359961990936242e-17;-1.461306929226845464e+00;1.147736419793155026e-18;-1.044070429070953533e-17
-3.316679999999970363e+01;1.626772148327699277e-17;-1.920728922148853268e+00;-5.577135975265434562e-18;-1.528182962118318685e-17
-3.310019999999970253e+01;1.737621417641158463e-17;-2.184303037928117419e+00;-1.000415028595824712e-17;-1.420738526825004924e-17
-3.303359999999970853e+01;1.147872016326768028e-17;-2.385051134655206351e+00;-8.347489366400396219e-18;-7.879114027886657502e-18
-3.296699999999970743e+01;3.077812075600404176e-18;-2.386488250111120202e+00;-2.241262730962034831e-18;-2.109423746787797374e-18
-3.290039999999970632e+01;8.119264958937863713e-18;1.367436129692129257e-02;8.118505867571456709e-18;1.110223024625156564e-19
-3.283379999999970522e+01;1.285485483921745918e-17;8.430673252620662916e-02;1.280919814661274418e-17;1.082467449009527625e-18
-3.276719999999970412e+01;1.355774639198077504e-17;-2.482060600641964043e-01;1.314226505400029143e-17;-3.330669073875469498e-18
-3.270059999999970302e+01;1.226733645183631863e-17;-3.704226852855753704e-01;1.143529715363911328e-17;-4.440892098500626254e-18
-3.263399999999970902e+01;1.065814103640150301e-17;-0.000000000000000000e+00;1.065814103640150301e-17;-0.000000000000000000e+00
-3.256739999999970792e+01;3.552713678800501003e-18;-0.000000000000000000e+00;3.552713678800501003e-18;-0.000000000000000000e+00
-3.250079999999970681e+01;3.552713678800501003e-18;1.570796326794896558e+00;0.000000000000000000e+00;3.552713678800501003e-18
-3.243419999999971282e+01;7.105427357601002007e-18;-0.000000000000000000e+00;7.105427357601002007e-18;-0.000000000000000000e+00
-3.236759999999971171e+01;0.000000000000000000e+00;-0.000000000000000000e+00;0.000000000000000000e+00;-0.000000000000000000e+00
-3.230099999999971061e+01;1.332267629550187876e-18;1.570796326794896558e+00;0.000000000000000000e+00;1.332267629550187876e-18
-3.223439999999970951e+01;7.944109290391274248e-18;2.677945044588986967e+00;-7.105427357601002007e-18;3.552713678800501003e-18
-3.216779999999971551e+01;7.105427357601002007e-18;1.570796326794896558e+00;0.000000000000000000e+00;7.105427357601002007e-18
-3.210119999999971441e+01;7.105427357601002007e-18;1.570796326794896558e+00;0.000000000000000000e+00;7.105427357601002007e-18
-3.203459999999971330e+01;1.080515682314281415e-17;1.405647649380269870e+00;1.776356839400250502e-18;1.065814103640150301e-17
-3.196799999999971220e+01;1.432144669219779164e-17;1.446441332248135092e+00;1.776356839400250502e-18;1.421085471520200401e-17
-3.190139999999971465e+01;1.678310599890489605e-17;1.261597414467822142e+00;5.107025913275720000e-18;1.598721155460225606e-17
-3.183479999999971355e+01;1.722700283330040582e-17;9.421184957212456190e-01;1.013078509970455318e-17;1.393329895904571463e-17
-3.176819999999971600e+01;1.984211449970023593e-17;5.870811906515180922e-01;1.651977166172713342e-17;1.099120794378905027e-17
-3.170159999999971845e+01;2.084120781822938103e-17;2.806777758061881345e-01;2.002564780667626194e-17;5.773159728050814516e-18
-3.163499999999971735e+01;1.951218939858483531e-17;-7.546270589511799853e-02;1.945665850655587024e-17;-1.471045507628332374e-18
-3.156839999999971624e+01;1.781540875436086925e-17;-4.217439796886116032e-01;1.625435896990268420e-17;-7.292777493006496569e-18
-3.150179999999971514e+01;1.386249353898146235e-17;-8.053087985607130239e-01;9.605163886483580746e-18;-9.995476668578363267e-18
-3.143519999999971759e+01;9.260487855738117977e-18;-1.072731583818571810e+00;4.423978544609852514e-18;-8.135419421462231219e-18
-3.136859999999972004e+01;5.897787199947428056e-18;-1.149772196411645409e+00;2.410398269869773384e-18;-5.382738525738783697e-18
-3.130199999999971894e+01;1.489698249736084373e-18;1.151166570479143392e+00;6.069363761573853675e-19;1.360451803837127370e-18
-3.123539999999972139e+01;6.453999547423918636e-18;1.102849647109508391e+00;2.911106550046102504e-18;5.760170901321142732e-18
-3.116879999999972028e+01;1.369417998535109300e-17;1.119692436040039540e+00;5.970104629166332442e-18;1.232430185397928472e-17
-3.110219999999971918e+01;1.905731917132054917e-17;7.966831946606933723e-01;1.332263267330509475e-17;1.362677044092859197e-17
-3.103559999999972163e+01;1.494551600869175210e-17;6.467170467181346805e-01;1.192751271752679990e-17;9.005714249258519418e-18
-3.096899999999972408e+01;8.144831837662780818e-18;1.462447594055756195e+00;8.807565788771207133e-19;8.097070674791589679e-18
-3.090239999999972298e+01;2.061745578637062492e-18;1.723273171461643827e+00;-3.131517403377504552e-19;2.037825021573960800e-18
-3.083579999999972543e+01;5.963066708423177597e-18;3.078419347795801730e+00;-5.951171763365311984e-18;3.764561223147148523e-19
-3.076919999999972433e+01;8.814704638460665691e-18;2.795408400946520544e+00;-8.291765961088504172e-18;2.990925460427590296e-18
-3.070259999999972322e+01;6.567140448299388018e-18;2.723697882412150051e+00;-6.002007444901304715e-18;2.665190480817308172e-18
-3.063599999999972567e+01;7.474046482368757015e-18;2.286533441055708327e+00;-4.904273694964596905e-18;5.639988505793879307e-18
-3.056939999999972457e+01;5.032583469391243215e-18;3.104878485807276878e+00;-5.029192064955189266e-18;1.847256078126710973e-19
-3.050279999999972702e+01;4.298257168408904811e-18;2.995916135977414463e+00;-4.252729718016769574e-18;6.239428109014009203e-19
-3.043619999999972947e+01;2.244612660217243521e-18;2.359621124667210967e+00;-1.592610192904509018e-18;1.581732837069583354e-18
-3.036959999999972837e+01;4.554739699510704357e-19;2.495821240989678724e+00;-3.637577988654742724e-19;2.741109283985842364e-19
-3.030299999999972727e+01;6.259835809434021551e-19;-9.833132722678645798e-01;3.469625613154468134e-19;-5.210301571465415001e-19
-3.023639999999972972e+01;2.341501527187891438e-18;-7.287947147557523042e-01;1.746707757596326638e-18;-1.559372120879439075e-18
-3.016979999999972861e+01;3.074316374017411518e-18;-2.177828355150082995e+00;-1.753689201661375148e-18;-2.525073335871228612e-18
-3.010319999999973106e+01;1.696684779983464517e-18;-1.620604726122106154e+00;-8.447421459066796747e-20;-1.694580582237630699e-18
-3.003659999999973351e+01;4.826239163149911325e-18;-7.263779460148938050e-01;3.608023748094025716e-18;-3.205424947352767128e-18
-2.996999999999973241e+01;8.611488930776709801e-18;-7.790206138104980305e-01;6.127952566134500791e-18;-6.050284204241597476e-18
-2.990339999999973131e+01;1.457815296762547644e-17;-7.894643665585290293e-01;1.026631003131420375e-17;-1.035014117239107567e-17
-2.983679999999973020e+01;1.922036350343243386e-17;-1.124743256176637063e+00;8.291821542393872263e-18;-1.733978283350660554e-17
-2.977019999999973265e+01;2.116522780491636586e-17;-1.389950747645301243e+00;3.806808076541346678e-18;-2.082006436835353499e-17
-2.970359999999973510e+01;2.470245895719950657e-17;-1.666169845590772081e+00;-2.352390379266637576e-18;-2.459019597391732717e-17
-2.963699999999973400e+01;2.576070279717329375e-17;-1.961570883493506168e+00;-9.812372655201935683e-18;-2.381871431206431485e-17
-2.957039999999973645e+01;2.485510521366106433e-17;-2.252510920947109252e+00;-1.566183114450299790e-17;-1.929982643401845026e-17
-2.950379999999973535e+01;2.335350765670387232e-17;-2.469665744624819137e+00;-1.827700688881241307e-17;-1.453744609819860731e-17
-2.943719999999973425e+01;1.740475040907582303e-17;-2.819028395824737743e+00;-1.650711204028358665e-17;-5.517299057668501285e-18
-2.937059999999973670e+01;9.996485446168047928e-18;3.018455740588864344e+00;-9.920794307229623562e-18;1.227827996540997592e-18
-2.930399999999973915e+01;4.966654431324862433e-18;-1.637979269911828475e-02;4.965988175467305749e-18;-8.134913224978139800e-20
-2.923739999999973804e+01;2.116666081036131024e-17;-8.726729538672315378e-01;1.360553227376001648e-17;-1.621471619882876307e-17
-2.917079999999974049e+01;4.244722434260725616e-17;-1.215286042783259024e+00;1.477455384482708412e-17;-3.979295682753337584e-17
-2.910419999999973939e+01;6.806143500182376362e-17;-1.641498912230912266e+00;-4.808111243383491704e-18;-6.789139121257371534e-17
-2.903759999999973829e+01;8.926637396554849540e-17;-2.166906870503559013e+00;-5.011665106636418868e-17;-7.387020242864812850e-17
-2.897099999999974074e+01;1.048466374469168538e-16;-2.642572855810494392e+00;-9.206080748354606359e-17;-5.017594153977278165e-17
-2.890439999999973963e+01;1.093748114649317474e-16;-3.107943940843893582e+00;-1.093128982645801770e-16;-3.679627153246036869e-18
-2.883779999999974208e+01;1.044434613335867106e-16;2.694805002875972466e+00;-9.419126142725523630e-17;4.512696406897857935e-17
-2.877119999999974453e+01;9.264788300395867243e-17;2.248219405164346707e+00;-5.807050666636796687e-17;7.219034894379253823e-17
-2.870459999999974343e+01;7.731544793054022612e-17;1.842574436675586735e+00;-2.075492258695028218e-17;7.447759177839855285e-17
-2.863799999999974233e+01;6.105021212300156122e-17;1.460696623789487836e+00;6.708038620355825505e-18;6.068056211120082281e-17
-2.857139999999974123e+01;4.086691710886289923e-17;1.172718585881850295e+00;1.584194215116806861e-17;3.767144519210426052e-17
-2.850479999999974368e+01;2.630352960265782432e-17;8.432468820014200617e-01;1.749293992569292894e-17;1.964364330550712223e-17
-2.843819999999974613e+01;1.475301740652965699e-17;6.090623813921243190e-01;1.210020046380773526e-17;8.440181949047908906e-18
-2.837159999999974502e+01;2.976512124034696531e-18;4.069204888225120276e-01;2.733462032336297707e-18;1.178053369886720470e-18
-2.830499999999974747e+01;2.813803136018147971e-18;-3.139747567681747231e+00;-2.813798346445397884e-18;-5.191705568558165894e-21
-2.823839999999974637e+01;9.354747437737005948e-18;2.586798583488139958e+00;-7.951618912623276385e-18;4.927784115833292540e-18
-2.817179999999974527e+01;1.146423769430653784e-17;2.352813051248890730e+00;-8.078982489382417540e-18;8.133805250177259458e-18
-2.810519999999974772e+01;1.693988050850725914e-17;2.136457867635284558e+00;-9.079342777187783941e-18;1.430122674377383929e-17
-2.803859999999975017e+01;1.997380074437614282e-17;1.953591495776513032e+00;-7.460510022941287136e-18;1.852818141031746238e-17
-2.797199999999974906e+01;2.098435837615139866e-17;1.751680827769676263e+00;-3.775080070059611926e-18;2.064199764856575412e-17
-2.790539999999975151e+01;2.240274465432328353e-17;1.507172945066538094e+00;1.424376956735041487e-18;2.235741752376451574e-17
-2.783879999999975041e+01;1.772243558027256072e-17;1.238173550402888123e+00;5.786785819851833877e-18;1.675105467640985968e-17
-2.777219999999974931e+01;1.528077183800602740e-17;1.126746204824861763e+00;6.564624413310082259e-18;1.379882945315911380e-17
-2.770559999999975176e+01;1.350792453359607290e-17;5.850057298543902551e-01;1.126167719935306054e-17;7.459132111908067268e-18
-2.763899999999975421e+01;1.229182079316119152e-17;4.786053230412713466e-01;1.091068836452039361e-17;5.660895496607328357e-18
-2.757239999999975311e+01;1.032969324252129088e-17;2.133382377126853691e-01;1.009551473569049618e-17;2.187040170194878040e-18
-2.750579999999975556e+01;8.834556966332288786e-18;2.342624327466379386e-01;8.593248235467559514e-18;2.050727079599829479e-18
-2.743919999999975445e+01;6.911867621500077612e-18;3.339923043990521978e-01;6.529925622459446706e-18;2.265829954407158347e-18
-2.737259999999975335e+01;1.889487464218153126e-18;7.897097871965153004e-02;1.883598711129758631e-18;1.490596285647387464e-19
-2.730599999999975580e+01;5.595608336698441147e-18;2.358435266955199783e+00;-3.965548723727300990e-18;3.947816608895842643e-18
-2.723939999999975470e+01;2.166506774129390489e-17;2.715406225168861543e+00;-1.972710366049310502e-17;8.956368762116334015e-18
-2.717279999999975715e+01;4.059482506658789461e-17;2.245010034433494894e+00;-2.534266971974964996e-17;3.171259865830230504e-17
-2.710619999999975960e+01;6.349246994488648801e-17;1.830632085629408712e+00;-1.631260140496073656e-17;6.136116667001359358e-17
-2.703959999999975850e+01;8.305767811247864422e-17;1.308186953502640693e+00;2.156188503538996001e-17;8.021011786025962788e-17
-2.697299999999975739e+01;1.011380540040745410e-16;8.356632953442660883e-01;6.783186035423808332e-17;7.501829569254584073e-17
-2.690639999999975629e+01;1.133104626341136772e-16;3.381587102193750471e-01;1.068933640558060796e-16;3.759081886830587518e-17
-2.683979999999975874e+01;1.128259241441462364e-16;-1.473736946268795478e-01;1.116029066560960768e-16;-1.656744955904043309e-17
-2.677319999999976119e+01;1.036216316716925834e-16;-6.288837356003070811e-01;8.379722253417593987e-17;-6.095463924806478598e-17
-2.670659999999976009e+01;8.665134725004450842e-17;-1.082652711003700974e+00;4.063836660543460914e-17;-7.653090316917795430e-17
-2.663999999999976254e+01;6.794515071923348805e-17;-1.529914935700441792e+00;2.776918623484718562e-18;-6.788838066427787792e-17
-2.657339999999976143e+01;4.723722581074773875e-17;-1.944796899941807933e+00;-1.725776012487725005e-17;-4.397186848165278416e-17
-2.650679999999976033e+01;2.838575562672065112e-17;-2.331653847827086956e+00;-1.957319210530108024e-17;-2.055824100716990953e-17
-2.644019999999976278e+01;1.417395087290347594e-17;-2.646902191278536431e+00;-1.247471680591634940e-17;-6.729214215617558267e-18
-2.637359999999976523e+01;4.894848283448185678e-18;3.006317617061144087e+00;-4.850130302832188396e-18;6.601331407561612029e-19
-2.630699999999976413e+01;3.304317116426645172e-18;-4.597630332163187838e-01;2.961189138973101494e-18;-1.466243666358985050e-18
-2.624039999999976658e+01;7.395782529596149521e-18;-4.936969228409277682e-02;7.386771243786956576e-18;-3.649792008343947887e-19
-2.617379999999976548e+01;1.486647834259433027e-17;-1.926343493392940476e-01;1.459149767059650346e-17;-2.846115605488145366e-18
-2.610719999999976437e+01;2.325919494630144737e-17;-4.443349392041988644e-01;2.100065144137508776e-17;-9.998139256277901916e-18
-2.604059999999976682e+01;2.120426978621762513e-17;-8.327941602196022863e-01;1.426647083155125281e-17;-1.568721986775218725e-17
-2.597399999999976927e+01;1.822076994509254171e-17;-1.291232119556387170e+00;5.027780976452828966e-18;-1.751336277945519765e-17
-2.590739999999976817e+01;2.367262241338720535e-17;-1.308363797363805592e+00;6.141401713980699500e-18;-2.286211357058478686e-17
-2.584079999999977062e+01;2.398861732632646496e-17;-1.742182326803027204e+00;-4.091215664425790970e-18;-2.363716809637075135e-17
-2.577419999999976952e+01;1.907411638488335668e-17;-1.839868504695339357e+00;-5.070608053234393618e-18;-1.838779078178099760e-17
-2.570759999999976841e+01;1.270553101113415172e-17;-2.490325715561145348e+00;-1.010491751640079338e-17;-7.702023127829990732e-18
-2.564099999999976731e+01;1.087919053184109689e-17;-2.876119460993226795e+00;-1.049807572606990628e-17;-2.854328761338253229e-18
-2.557439999999976976e+01;9.504032719139528967e-18;2.954658613568005077e+00;-9.338459662992178974e-18;1.766298120120922209e-18
-2.550779999999977221e+01;1.013128454193932783e-17;2.360636520508921699e+00;-7.195651480469795354e-18;7.132007167786050633e-18
-2.544119999999977111e+01;5.580681499446183889e-18;2.596773613402400649e+00;-4.772716512774833212e-18;2.892262624131380132e-18
-2.537459999999977356e+01;2.064644539111638955e-18;1.992340543765542593e+00;-8.447905518974021598e-19;1.883901801132000544e-18
-2.530799999999977246e+01;1.204171465867568243e-18;-9.398966254719122171e-01;7.103064322208431780e-19;-9.723649991414461098e-19
-2.524139999999977135e+01;5.884351387896058215e-18;-2.077874614396263198e+00;-2.857589663407358689e-18;-5.143906353329314355e-18
-2.517479999999977380e+01;1.140592595327051766e-17;-2.414480390467864890e+00;-8.521333480447688883e-18;-7.581689954521434402e-18
-2.510819999999977625e+01;2.105954576462490024e-17;-2.891113175232286281e+00;-2.040235495616009420e-17;-5.219998089576294561e-18
-2.504159999999977515e+01;2.561851277512365060e-17;-3.100186080516247777e+00;-2.559655438762957099e-17;-1.060471730078152519e-18
-2.497499999999977760e+01;3.246252185039646715e-17;2.931709822123292675e+00;-3.175014261683223246e-17;6.763413982470813370e-18
-2.490839999999977650e+01;3.413162542400989195e-17;2.689558774670023578e+00;-3.070346453439990639e-17;1.490855860469971822e-17
-2.484179999999977539e+01;3.285021386498890623e-17;2.508219784561238619e+00;-2.647844866963084761e-17;1.944295005973203336e-17
-2.477519999999977784e+01;2.545180123460537500e-17;2.388612882930012837e+00;-1.857102121127562556e-17;1.740434880299203906e-17
-2.470859999999978029e+01;1.843042714827631806e-17;2.168484208940122393e+00;-1.037140389540687056e-17;1.523530853334647302e-17
-2.464199999999977919e+01;1.121086995377429805e-17;2.005586454358178727e+00;-4.722243371326701940e-18;1.016779340183504723e-17
-2.457539999999978164e+01;6.928254378425737949e-18;1.897294428892258189e+00;-2.222085894652885247e-18;6.562243748060573377e-18
-2.450879999999978054e+01;4.980594452393719527e-18;1.536410291525611260e+00;1.712291483056454793e-19;4.977650216516384537e-18
-2.444219999999977944e+01;3.712243456843827021e-18;8.768921127763306123e-01;2.374140923592815856e-18;2.853805592152636494e-18
-2.437559999999978189e+01;3.794204406642379740e-18;2.264769492855097432e+00;-2.426759625254326686e-18;2.916646156224634538e-18
-2.430899999999978434e+01;2.251691150807785991e-18;-7.198126672186844210e-02;2.245860322281553542e-18;-1.619396536599001403e-19
-2.424239999999978323e+01;9.414352512467540078e-19;2.616982270928895016e+00;-8.148302452328960757e-19;4.715421547897253774e-19
-2.417579999999978568e+01;7.959158031351135506e-18;-7.908292809292386538e-01;5.597325571078527043e-18;-5.658457653757930901e-18
-2.410919999999978458e+01;7.377888978255957247e-18;-1.452593698364691654e+00;8.700565105661729751e-19;-7.326407540117609129e-18
-2.404259999999978348e+01;6.249662397776302158e-18;-2.554004749439865218e+00;-5.201470624224163302e-18;-3.464532209622553606e-18
-2.397599999999978237e+01;1.539242807079662397e-17;-2.876431294665214633e+00;-1.485446620256828410e-17;-4.033816524261416078e-18
-2.390939999999978838e+01;1.152013073693190363e-17;-2.278535326963754049e+00;-7.489438021624468842e-18;-8.753383935156105134e-18
-2.384279999999978727e+01;1.578741573502608812e-17;-2.284896293498819286e+00;-1.033977125895832912e-17;-1.193028188698693614e-17
-2.377619999999978617e+01;1.063262304179323397e-17;-2.674441499723541948e+00;-9.493389283360137404e-18;-4.788343415363533062e-18
-2.370959999999978862e+01;1.064785332759289817e-17;-2.764429170696584670e+00;-9.899447878891842391e-18;-3.921442614527845269e-18
-2.364299999999978752e+01;9.773228552438387441e-18;3.101767275672795865e+00;-9.765479109789085169e-18;3.891196403034968413e-19
-2.357639999999978642e+01;9.453715717945514209e-18;2.753035690257708445e+00;-8.749004763742482948e-18;3.581571794581453118e-18
-2.350979999999978887e+01;7.458718944911499710e-18;2.145528208430544481e+00;-4.054632477244740487e-18;6.260386870925300268e-18
-2.344319999999979132e+01;4.315250173910179960e-18;1.971696639118618144e+00;-1.684015276955844288e-18;3.973094085270467314e-18
-2.337659999999979021e+01;1.579552485004388339e-18;1.827794468854862409e+00;-4.014881747293557347e-19;1.527675783154275649e-18
-2.330999999999979266e+01;1.625322372904888846e-18;-1.624761437369443895e+00;-8.766813543610483538e-20;-1.622956288349854233e-18
-2.324339999999979156e+01;3.860833349655047719e-18;-1.533070025187323271e+00;1.456204147146912182e-19;-3.858086163971320633e-18
-2.317679999999979046e+01;2.362585002690933251e-18;-1.022891407355745352e+00;1.230670470141310906e-18;-2.016744428246246733e-18
-2.311019999999979291e+01;6.739920158788408874e-18;-6.037651907488300607e-01;5.548327772309953896e-18;-3.826562775893847883e-18
-2.304359999999979536e+01;1.237981109104371147e-17;-5.790042229722722755e-01;1.036200023789980538e-17;-6.774117929272655345e-18
-2.297699999999979426e+01;1.875571764992103616e-17;-6.907872325884755194e-01;1.445586947167873074e-17;-1.195009549674588786e-17
-2.291039999999979671e+01;1.996568568701598064e-17;-8.410713127710113257e-01;1.331041780457084736e-17;-1.488157864006631968e-17
-2.284379999999979560e+01;1.706501477485194869e-17;-9.215934226559769904e-01;1.031668298354536048e-17;-1.359340948706176866e-17
-2.277719999999979450e+01;1.020777007455762741e-17;-8.366057714656043309e-01;6.839067788489988835e-18;-7.577976093883701635e-18
-2.271059999999979340e+01;4.304289612969627129e-18;-3.635129676020906753e-01;4.023019452223993401e-18;-1.530432474611534899e-18
-2.264399999999979940e+01;1.111027889115125703e-17;1.276173181640102294e+00;3.226194495739658660e-18;1.063155520678044378e-17
-2.257739999999979830e+01;1.817987733808569296e-17;1.067734182823885547e+00;8.764711041199853982e-18;1.592757923829327914e-17
-2.251079999999979719e+01;2.324700173826390363e-17;8.406265174212081970e-01;1.550566096037352110e-17;1.732043786977666509e-17
-2.244419999999979964e+01;1.790822211232913988e-17;5.990576969780089245e-01;1.478981527146287177e-17;1.009781082515007076e-17
-2.237759999999979854e+01;1.546617227108747944e-18;7.281013865308205713e-01;1.154455704332523777e-18;1.029202056898279198e-18
-2.231099999999979744e+01;1.302252399127784584e-17;-2.866165186448441649e+00;-1.253169246025168938e-17;-3.541583711431656973e-18
-2.224439999999980344e+01;2.240545978609271825e-17;-3.064989833623696036e+00;-2.233975439572372195e-17;-1.714643334621110828e-18
-2.217779999999980234e+01;2.580894072253938479e-17;2.978650403954794523e+00;-2.546708212634120637e-17;4.186782677634932896e-18
-2.211119999999980124e+01;2.161554820051380036e-17;2.894581735736345252e+00;-2.095946449890421333e-17;5.285146348769293289e-18
-2.204459999999980369e+01;1.742206213996061005e-17;2.743211779213569290e+00;-1.605774574367836538e-17;6.758479920812688289e-18
-2.197799999999980258e+01;1.494249075946491330e-17;2.647250903467269989e+00;-1.315359382669716967e-17;7.089499244584794873e-18
-2.191139999999980148e+01;9.588382968057226568e-18;2.475912729133060708e+00;-7.541234915487213696e-18;5.921728116991394908e-18
-2.184479999999980393e+01;1.034179597551275482e-17;2.488460502377228156e+00;-8.213292632316419875e-18;6.284470394159609046e-18
-2.177819999999980638e+01;9.119346831742896731e-18;2.209230325374878401e+00;-5.434571025585014667e-18;7.323108930330822587e-18
-2.171159999999980528e+01;8.298097053349618870e-18;1.512523431469043445e+00;4.832805175448827789e-19;8.284011989861626188e-18
-2.164499999999980773e+01;7.667511747759718494e-18;1.375308418607751770e+00;1.489377146459044379e-18;7.521468747368348312e-18
-2.157839999999980662e+01;6.532939773456804020e-18;8.555278723477727221e-01;4.284433223419781354e-18;4.931828670753944355e-18
-2.151179999999980552e+01;4.493640845753004657e-18;3.254813083727331469e-01;4.257710908854270784e-18;1.436908440800290942e-18
-2.144519999999980797e+01;2.379745426794677000e-18;1.962585912501239871e-02;2.379287133060533402e-18;4.670155032508274238e-20
-2.137859999999981042e+01;1.534322304989593112e-18;2.768477087474142451e+00;-1.428755078056644370e-18;5.592887112359145558e-19
-2.131199999999980932e+01;1.625370279105295537e-18;-2.524186269674204119e+00;-1.325298806181933557e-18;-9.409631334603750267e-19
-2.124539999999981177e+01;5.564653839056673093e-18;2.809895283773666819e+00;-5.261329901096868180e-18;1.812120310672607154e-18
-2.117879999999981067e+01;8.770151656939443925e-18;2.293786150242715927e+00;-5.802590949478014233e-18;6.576130956630463804e-18
-2.111219999999980956e+01;1.089212386394861540e-17;1.783565983459878268e+00;-2.300066995618603481e-18;1.064650431283737887e-17
-2.104559999999980846e+01;1.527278918799366582e-17;1.750311278032087969e+00;-2.726992251175538469e-18;1.502736180581690919e-17
-2.097899999999981446e+01;1.311114810805894407e-17;1.169496979075635101e+00;5.121408387772956817e-18;1.206952280900559976e-17
-2.091239999999981336e+01;1.393832402716122038e-17;7.749135385599935644e-01;9.958675074401051787e-18;9.752008380259060389e-18
-2.084579999999981226e+01;1.975378238442608464e-17;4.606651280118293501e-01;1.769458918355289709e-17;8.781425403461284739e-18
-2.077919999999981471e+01;2.043617714138858118e-17;-3.206972586837032735e-03;2.043607205177725223e-17;-6.553814753230603432e-20
-2.071259999999981360e+01;1.507762768917179275e-17;-6.669303432142944521e-01;1.184685671038535635e-17;-9.326673727373409205e-18
-2.064599999999981250e+01;1.822153009632089843e-17;-8.881814002319823320e-01;1.149458155296811887e-17;-1.413855558298984566e-17
-2.057939999999981850e+01;1.580005857980851759e-17;-1.581817330447727876e+00;-1.741289782489387496e-19;-1.579909903204340042e-17
-2.051279999999981740e+01;1.435216276854198979e-17;-1.955955894073675649e+00;-5.392208285229195967e-18;-1.330070170868546616e-17
-2.044619999999981630e+01;8.710765475154450416e-18;-2.175253259663870065e+00;-4.950461455881052870e-18;-7.167312364964902268e-18
-2.037959999999981875e+01;2.135623196358904276e-18;-2.995692576123536455e+00;-2.112933162403899474e-18;-3.104833136258386665e-19
-2.031299999999981765e+01;1.226572978929580856e-17;5.324053708074640845e-01;1.056801271831261979e-17;6.226173339186866360e-18
-2.024639999999981654e+01;2.317087594898482427e-17;2.528037857363882313e-01;2.243438841766902020e-17;5.795490364792398322e-18
-2.017979999999981899e+01;3.130376567810168323e-17;5.095480801943664401e-02;3.126313603952419222e-17;1.594387218871385004e-18
-2.011319999999982144e+01;3.440656349881614632e-17;-1.353769848697880251e-01;3.409176141275229069e-17;-4.643642489903997646e-18
-2.004659999999982034e+01;3.077297265275583903e-17;-3.580932315581578096e-01;2.882094536433299479e-17;-1.078559011799499859e-17
-1.997999999999982279e+01;2.471776282638200143e-17;-5.610831128383849675e-01;2.092801762226927549e-17;-1.315240957175750909e-17
-1.991339999999982169e+01;2.463305320677219773e-17;-7.057671604854148795e-01;1.874856613537805639e-17;-1.597743966206805039e-17
-1.984679999999982059e+01;2.303188151866755255e-17;-1.007646746751200473e+00;1.229561731739555561e-17;-1.947524996178746339e-17
-1.978019999999981948e+01;2.030004337794721057e-17;-1.158980315335558453e+00;8.125583048716208377e-18;-1.860286701734316300e-17
-1.971359999999982549e+01;1.993439871879799150e-17;-1.302347552969538524e+00;5.287321967280636197e-18;-1.922041827573808671e-17
-1.964699999999982438e+01;1.571292883350101311e-17;-1.512325580094364685e+00;9.182232650483347670e-19;-1.568607658282310885e-17
-1.958039999999982328e+01;1.210750270216468371e-17;-1.618298600435430501e+00;-5.749176358458749479e-19;-1.209384518649542388e-17
-1.951379999999982573e+01;8.219884814253347627e-18;-1.461465288661478290e+00;8.968992311416121484e-19;-8.170806455226458656e-18
-1.944719999999982463e+01;3.754754034177441922e-19;-1.344093060134647022e+00;8.439424420269414063e-20;-3.658679954808479361e-19
-1.938059999999982352e+01;1.678623706076321891e-18;2.587566795651651930e+00;-1.427524016934913800e-18;8.831493235435406112e-19
-1.931399999999982953e+01;9.598584996975471765e-19;1.173456663460921368e+00;3.714332135436468346e-19;8.850794920899850126e-19
-1.924739999999982842e+01;7.165312830158510311e-18;1.136953311970909208e+00;3.012017237945436432e-18;6.501496759389618071e-18
-1.918079999999982732e+01;1.118374076948603050e-17;1.019244047843840262e+00;5.860391492255478571e-18;9.525327771607842753e-18
-1.911419999999982977e+01;1.226461972920422697e-17;5.711273588836903725e-01;1.031812745839821710e-17;6.630018314773674103e-18
-1.904759999999982867e+01;1.500951532653102565e-17;2.940882959874632080e-02;1.500302508508215030e-17;4.413486532951700017e-19
-1.898099999999982757e+01;9.145370126966971537e-18;-3.368549506476211652e-01;8.631389667954098000e-18;-3.022731737874717939e-18
-1.891439999999983357e+01;1.854686392149017778e-17;-6.798897717199958723e-01;1.442282081360590592e-17;-1.166054891936439900e-17
-1.884779999999983247e+01;1.976522512385590329e-17;-7.755706767599633844e-01;1.411279778670511867e-17;-1.383810185062516562e-17
-1.878119999999983136e+01;1.712462047571389606e-17;-1.378200485439695200e+00;3.277778790396155224e-18;-1.680799787715564593e-17
-1.871459999999983381e+01;1.708331232196139056e-17;-1.681706472430482435e+00;-1.890830550229743736e-18;-1.697834855691200045e-17
-1.864799999999983271e+01;1.751137451993421773e-17;-1.938982459407212700e+00;-6.302759056856624418e-18;-1.633779256352011627e-17
-1.858139999999983161e+01;1.616246576680741137e-17;-2.382482763384987656e+00;-1.172504364610155553e-17;-1.112423710463935933e-17
-1.851479999999983406e+01;1.318845865550839812e-17;-2.737369527761232213e+00;-1.212557733364816219e-17;-5.187081649036601640e-18
-1.844819999999983651e+01;7.463798962530166279e-18;3.136744885873563593e+00;-7.463711259885169109e-18;3.618262193018728117e-20
-1.838159999999983540e+01;1.222903057759289744e-18;-1.672007328340202381e+00;-1.235600395760665120e-19;-1.216644896959248876e-18
-1.831499999999983785e+01;6.991524404130741552e-18;-1.085208447945580357e+00;3.263142722875854706e-18;-6.183309232417384905e-18
-1.824839999999983675e+01;1.632770541008788909e-17;-1.647417763335859986e+00;-1.249828481014499075e-18;-1.627980014394090891e-17
-1.818179999999983565e+01;2.126315251727004985e-17;-2.136327595952078440e+00;-1.139416740782360492e-17;-1.795256538924668548e-17
-1.811519999999983455e+01;2.383352675848697929e-17;-2.577288561609976991e+00;-2.013840050903843045e-17;-1.274683579109244683e-17
-1.804859999999984055e+01;2.602558979182981905e-17;-3.046674534853370364e+00;-2.590843967090086794e-17;-2.466592352190903616e-18
-1.798199999999983945e+01;2.685846018845654711e-17;2.744955605021099032e+00;-2.477331378873259703e-17;1.037592442242601934e-17
-1.791539999999983834e+01;3.018431731126482236e-17;2.337691276374808336e+00;-2.094498041330966709e-17;2.173478334451935247e-17
-1.784879999999984079e+01;2.531018582262156578e-17;2.180688462106125325e+00;-1.449714408171038799e-17;2.074700749143748884e-17
-1.778219999999983969e+01;2.657532178905794598e-17;1.956906288886445466e+00;-1.000793708536306318e-17;2.461887331880549160e-17
-1.771559999999983859e+01;1.898577766163438600e-17;1.302610583921961940e+00;5.030898268260070389e-18;1.830709742235052357e-17
-1.764899999999984459e+01;1.977860063277615972e-17;1.834368101504155746e+00;-5.152931322451190629e-18;1.909555816877199357e-17
-1.758239999999984349e+01;1.769633562917161983e-17;7.954790388258864420e-01;1.238642124690551114e-17;1.263870497299848633e-17
-1.751579999999984238e+01;5.671133745291091172e-18;1.470491065521416951e+00;5.678911604801753262e-19;5.642628606139858409e-18
-1.744919999999984483e+01;3.413592140948966638e-18;1.330338633100996093e+00;8.129373310452484062e-19;3.315379948141928676e-18
-1.738259999999984373e+01;1.562062571243113769e-18;-1.732489980581044975e+00;-2.514764510669751263e-19;-1.541687085966995794e-18
-1.731599999999984263e+01;4.319920788923309864e-18;-2.624551602916401549e+00;-3.755245028436692517e-18;-2.135380621569207946e-18
-1.724939999999984863e+01;6.391939194456006644e-18;-3.026736952405456815e+00;-6.349824827841062212e-18;-7.325375904048449068e-19
-1.718279999999984753e+01;1.041365097895519358e-17;-3.026615601717470572e+00;-1.034489398689010028e-17;-1.194694568289116558e-18
-1.711619999999984643e+01;1.298991491498484631e-17;2.897402400856583515e+00;-1.260454851582864471e-17;3.140580553125122329e-18
-1.704959999999984888e+01;1.343150376048090213e-17;2.721407120757476594e+00;-1.226314119147696337e-17;5.479111368252483660e-18
-1.698299999999984777e+01;1.433848919449775956e-17;2.581702777490159306e+00;-1.214919692909113284e-17;7.615069688380505600e-18
-1.691639999999984667e+01;1.212026881244612100e-17;2.690121532581013497e+00;-1.090589352338022789e-17;5.287948802952546224e-18
-1.684979999999984557e+01;1.304770676851963727e-17;2.639742010333006483e+00;-1.143884381018711898e-17;6.276583800397871930e-18
-1.678319999999985157e+01;1.395864666797192321e-17;2.574047764093362112e+00;-1.177025600690148327e-17;7.503658463261985576e-18
-1.671659999999985047e+01;1.145610333785681855e-17;2.328849278759668184e+00;-7.876172426970411363e-18;8.319147287329701861e-18
-1.664999999999984936e+01;9.005903761532809080e-18;1.880851508025849883e+00;-2.747801985947262567e-18;8.576472865229334188e-18
-1.658339999999985181e+01;9.430311775292136179e-18;1.262110862276032419e+00;2.864989985742410377e-18;8.984576370692678975e-18
-1.651679999999985426e+01;6.511838402414533308e-18;6.979251840781945937e-01;4.989221939308144670e-18;4.184698772849359970e-18
-1.645019999999985316e+01;3.715759007546090005e-18;5.151072238129446035e-01;3.233601768816821458e-18;1.830487531469315057e-18
-1.638359999999985206e+01;4.873289752192986998e-19;1.503754870378708031e+00;3.264677595760144320e-20;4.862342214487438700e-19
-1.631699999999985451e+01;8.579846379020947170e-18;2.266100104266774995e+00;-5.496410268544949194e-18;6.588113390602237200e-18
-1.625039999999985341e+01;1.434559996895598314e-17;1.645691560621319383e+00;-1.073412891832729478e-18;1.430538441402247829e-17
-1.618379999999985586e+01;2.230815246066217112e-17;1.255644396485489755e+00;6.914655514624717782e-18;2.120946027889954721e-17
-1.611719999999985475e+01;2.630225248171147858e-17;6.869245790434199694e-01;2.033690120851650878e-17;1.667989612817590306e-17
-1.605059999999985720e+01;3.023280108176348778e-17;2.123870277934461481e-01;2.955348604250682986e-17;6.372889767196157196e-18
-1.598399999999985610e+01;2.936995953559437841e-17;-2.258260708535988759e-01;2.862424078004019954e-17;-6.576272720069834585e-18
-1.591739999999985677e+01;2.513571419954513964e-17;-7.717216872981866871e-01;1.801504484506948048e-17;-1.752889864056925166e-17
-1.585079999999985922e+01;2.588287485590048662e-17;-1.325221412511460306e+00;6.292490026555753312e-18;-2.510632948226207781e-17
-1.578419999999985812e+01;2.070103887953673555e-17;-1.950529983567261816e+00;-7.673318518081177333e-18;-1.922636714546364938e-17
-1.571759999999985880e+01;1.620827461857213075e-17;-2.440601921759261383e+00;-1.238642124690551114e-17;-1.045393393920477020e-17
-1.565099999999985947e+01;2.347554702867741559e-17;-3.008770948797061529e+00;-2.326877810795281586e-17;-3.108902323731134624e-18
-1.558439999999986014e+01;5.862177892737561443e-18;-2.602541460069955015e+00;-5.030898268260070389e-18;-3.009184650452480910e-18
-1.551779999999986082e+01;5.667987217248172184e-18;-2.406127197519983163e+00;-4.202917629838939292e-18;-3.802836111598515653e-18
-1.545119999999986149e+01;3.315660015279300392e-18;-2.969045038189551455e+00;-3.266424312292118956e-18;-5.692745813655172806e-19
-1.538459999999986216e+01;3.208819993552190388e-18;1.307947763775614003e-01;3.181412019307162841e-18;4.185012717163465497e-19
-1.531799999999986284e+01;1.786577104575669700e-18;3.460394861426369095e-01;1.680674876529340696e-18;6.059618057246418680e-19
-1.525139999999986351e+01;6.453495050150217845e-18;-2.470894081741340231e-01;6.257492135035597443e-18;-1.578413932490778365e-18
-1.518479999999986418e+01;1.006745181145272350e-17;-4.423085149745800693e-01;9.098620307922031849e-18;-4.309140803941257328e-18
-1.511819999999986486e+01;1.372239008378544882e-17;-6.414007496360232263e-01;1.099518100834894009e-17;-8.210358348160935893e-18
-1.505159999999986553e+01;1.902242316178520364e-17;-7.668379875459175876e-01;1.369820414462406648e-17;-1.319893125060609986e-17
-1.498499999999986620e+01;1.853300463253783035e-17;-1.085990353483125004e+00;8.637060322325041746e-18;-1.639736105896882336e-17
-1.491839999999986510e+01;1.706825657497838557e-17;-1.218047438273365479e+00;5.896719767626880040e-18;-1.601730559399336686e-17
-1.485179999999986755e+01;1.365786491071374342e-17;-1.602994981823039122e+00;-4.396888966651647732e-19;-1.365078560352682183e-17
-1.478519999999986823e+01;1.073004976855059641e-17;-1.980708449440731433e+00;-4.276233131712549008e-18;-9.841127894647878183e-18
-1.471859999999986712e+01;9.904196389551157310e-18;-1.968054362903047583e+00;-3.831848066241202149e-18;-9.132910079489545888e-18
-1.465199999999986957e+01;7.235126504862929478e-18;-2.257240834408610120e+00;-4.585558100763550919e-18;-5.596401740930670364e-18
-1.458539999999987025e+01;5.585093762424865105e-18;-2.644115276828735261e+00;-4.908119958263918246e-18;-2.665263741239979256e-18
-1.451879999999986914e+01;3.170851208137193755e-18;-3.097434502361519293e+00;-3.167760221976136156e-18;-1.399734268023790964e-19
-1.445219999999986982e+01;2.686060452356940463e-18;-2.355110498899163129e+00;-1.897271586174877125e-18;-1.901389303117443303e-18
-1.438559999999987227e+01;2.924126867395788672e-18;-7.924477506752397593e-01;2.053042460080578500e-18;-2.082194657982820359e-18
-1.431899999999987116e+01;2.157340629193144378e-18;2.493035084922495148e+00;-1.719305364126659106e-18;1.303114597897195059e-18
-1.425239999999987184e+01;6.952707531917189146e-18;2.057968125839373386e+00;-3.254761206017748029e-18;6.143831989579459616e-18
-1.418579999999987251e+01;6.244681461473451798e-18;1.948803113593745806e+00;-2.304716513943332770e-18;5.803820151040786396e-18
-1.411919999999987319e+01;1.195554413673041124e-17;1.811680585357757556e+00;-2.852131912583090035e-18;1.161035654743358985e-17
-1.405259999999987386e+01;1.802803176246794758e-17;1.625566547204067236e+00;-9.869056842671135221e-19;1.800099848338737197e-17
-1.398599999999987453e+01;2.009623074824988378e-17;1.480239312710026844e+00;1.817368362165600815e-18;2.001388674203748241e-17
-1.391939999999987521e+01;1.667144384262338862e-17;1.226308407128748001e+00;5.630192100920550585e-18;1.569197172774910166e-17
-1.385279999999987588e+01;1.585200432506387602e-17;7.989429949747917092e-01;1.105621136433217407e-17;1.135985173270566446e-17
-1.378619999999987655e+01;1.680186145103781897e-17;5.141023773672894759e-01;1.462996012817474334e-17;8.262373440355256053e-18
-1.371959999999987723e+01;1.611125660577694937e-17;-8.521510917334819413e-02;1.605279512572722660e-17;-1.371261488053850112e-18
-1.365299999999987790e+01;1.270465250786604560e-17;-4.135371395130953420e-01;1.163371575259307167e-17;-5.105374925849702339e-18
-1.358639999999987857e+01;1.044341960014289049e-17;-9.106392260000460981e-01;6.404332586231715411e-18;-8.249214330442581229e-18
-1.351979999999987925e+01;7.177994604151310289e-18;-1.231477808313308442e+00;2.389156347105558189e-18;-6.768717639723978740e-18
-1.345319999999987814e+01;1.758098835545483399e-18;-1.694283270134059327e+00;-2.165509055492528751e-19;-1.744711214170466106e-18
-1.338659999999988059e+01;4.098876813625466141e-18;8.872898917250503503e-01;2.588504900942500399e-18;3.178117919629967492e-18
-1.331999999999988127e+01;7.419159593648400846e-18;7.664303877412153021e-01;5.344695972169308685e-18;5.145692765906478404e-18
-1.325339999999988017e+01;1.144582746001165545e-17;4.600276600819702688e-01;1.025592172721385525e-17;5.081637115105687217e-18
-1.318679999999988262e+01;1.251046798386307828e-17;2.005747765546984640e-01;1.225966094261662006e-17;2.492493279297599770e-18
-1.312019999999988329e+01;1.348226783749746819e-17;7.652843093580751540e-04;1.348226388948466875e-17;1.031776702348240333e-20
-1.305359999999988219e+01;1.604768092738467244e-17;-3.714812908110544654e-01;1.495307928815164829e-17;-5.825245312379214098e-18
-1.298699999999988464e+01;1.683082626372698067e-17;-7.515348419511920230e-01;1.229730519153209276e-17;-1.149143149246775692e-17
-1.292039999999988531e+01;1.853514683821067986e-17;-1.042573933508875728e+00;9.341691980357443005e-18;-1.600888688379541434e-17
-1.285379999999988421e+01;1.782323572829062639e-17;-1.443051409845601984e+00;2.270640316186034374e-18;-1.767800679886525270e-17
-1.278719999999988488e+01;1.363807489739217463e-17;-1.854941360126590943e+00;-3.823255228344440216e-18;-1.309121103511113360e-17
-1.272059999999988555e+01;1.433199291594459567e-17;-1.845301463772945016e+00;-3.884982421749751209e-18;-1.379539533777055577e-17
-1.265399999999988623e+01;9.904317463247507059e-18;-2.138613190645094253e+00;-5.326470420337507686e-18;-8.350102830148807009e-18
-1.258739999999988690e+01;7.318688250369948959e-18;-2.304118686364814206e+00;-4.898703142190048144e-18;-5.437453929073836365e-18
-1.252079999999988758e+01;8.707652974309004081e-19;-2.674235159988075150e+00;-7.773861065290164564e-19;-3.923047853207773125e-19
-1.245419999999988825e+01;2.016825734120695353e-18;-2.184079600226280338e+00;-1.160795135960824274e-18;-1.649284903872334194e-18
-1.238759999999988892e+01;2.028169278094445007e-18;-3.096425525908028664e-01;1.931714722028065830e-18;-6.180201075257784830e-19
-1.232099999999988960e+01;9.712894964631678118e-18;-1.119450242719243649e+00;4.236543496478051234e-18;-8.740253302760563975e-18
-1.225439999999989027e+01;1.975336759395516235e-17;-1.076508384721992284e+00;9.371095211698336869e-18;-1.738902256698755769e-17
-1.218779999999989094e+01;3.463211280100551085e-17;-1.224125938126170432e+00;1.176688946742971113e-17;-3.257182140014373924e-17
-1.212119999999989162e+01;5.108513000343662652e-17;-1.443586197471834698e+00;6.481033140047383711e-18;-5.067234666862813432e-17
-1.205459999999989229e+01;6.998152283806125249e-17;-1.630786114998639347e+00;-4.195659137591957300e-18;-6.985563673129914936e-17
-1.198799999999989119e+01;8.123153698945983217e-17;-1.863465279409560749e+00;-2.343600603776608500e-17;-7.777735031914993720e-17
-1.192139999999989364e+01;8.364489728226456153e-17;-2.053225377076887792e+00;-3.880557513146124556e-17;-7.409855720644705796e-17
-1.185479999999989431e+01;6.936925919647899369e-17;-2.290668488239846479e+00;-4.573435878370632278e-17;-5.215805353070136960e-17
-1.178819999999989321e+01;4.432244678434233756e-17;-2.470809251075777979e+00;-3.471932134422115117e-17;-2.755082601933321145e-17
-1.172159999999989566e+01;1.515170907567950295e-17;-2.312228036038499912e+00;-1.023262327552455791e-17;-1.117442207969708390e-17
-1.165499999999989633e+01;1.034348071014796295e-17;-1.572434156848395714e-01;1.021587014806886883e-17;-1.619750079178373300e-18
-1.158839999999989523e+01;2.167252735450839617e-17;-2.306180310907633146e-01;2.109875395169662148e-17;-4.953889746217704969e-18
-1.152179999999989768e+01;1.804645412862210771e-17;-3.886377878742853231e-01;1.670065964188717228e-17;-6.838309304375097278e-18
-1.145519999999989835e+01;4.735133705339892889e-18;-5.435860623959539728e-01;4.052608912513745335e-18;-2.449051287674486370e-18
-1.138859999999989725e+01;8.592572439758041057e-18;2.277711656856501676e+00;-5.580801710097089571e-18;6.533525342804362080e-18
-1.132199999999989970e+01;1.827665513946479904e-17;2.074610474616398470e+00;-8.823407511520583765e-18;1.600573656451233857e-17
-1.125539999999989860e+01;2.358223269088654453e-17;1.942586171119714322e+00;-8.567037743181330161e-18;2.197106194506821186e-17
-1.118879999999989927e+01;2.207599043059784591e-17;1.888320291957502395e+00;-6.892461065331775257e-18;2.097244225059955354e-17
-1.112219999999990172e+01;2.040856729081228475e-17;1.791519256275880378e+00;-4.468151129426497311e-18;1.991344380935195830e-17
-1.105559999999990062e+01;2.331486053467267153e-17;1.527334568058940967e+00;1.012985864262118268e-18;2.329284399531414763e-17
-1.098899999999990129e+01;2.306238004419324092e-17;1.428529596341387764e+00;3.269952759142623914e-18;2.282938418476894077e-17
-1.092239999999990196e+01;2.142181863546704855e-17;1.238296565076236089e+00;6.992229283040194501e-18;2.024853188021883430e-17
-1.085579999999990264e+01;1.978937209656642807e-17;1.168024269659842407e+00;7.756841695291605138e-18;1.820578630245196710e-17
-1.078919999999990331e+01;1.952929777047974940e-17;8.357505737810403401e-01;1.309675907355799405e-17;1.448683447745716712e-17
-1.072259999999990399e+01;1.960400116032445049e-17;7.249037959115554042e-01;1.467483413235989314e-17;1.299869626853891452e-17
-1.065599999999990466e+01;1.449921352084944832e-17;7.552235549270376325e-01;1.055714306736383835e-17;9.938507079958996410e-18
-1.058939999999990533e+01;1.094884026943137960e-17;1.272339404004934615e-01;1.086033724350412932e-17;1.389308534084253318e-18
-1.052279999999990423e+01;1.007242046704115453e-17;3.129020001390692141e-02;1.006749003365603411e-17;3.151166246106112801e-19
-1.045619999999990668e+01;1.315772218953312138e-18;-9.073658593074406253e-01;8.102831658648736251e-19;-1.036676286641746530e-18
-1.038959999999990735e+01;5.275977575547867380e-18;2.757288294781199411e+00;-4.891144936989491473e-18;1.978039580758183950e-18
-1.032299999999990625e+01;1.249956889904935809e-17;2.431509321485625819e+00;-9.478517526364065017e-18;8.148431024712133275e-18
-1.025639999999990870e+01;2.327014661136157764e-17;2.263451928388022782e+00;-1.485992137067316953e-17;1.790760900208829238e-17
-1.018979999999990937e+01;3.171731654497020725e-17;1.990690754574069077e+00;-1.293000984346026263e-17;2.896209616484727707e-17
-1.012319999999990827e+01;4.346684143208892551e-17;1.763853779318792503e+00;-8.339567274694266915e-18;4.265932397206044164e-17
-1.005659999999991072e+01;5.551612248285128151e-17;1.529036193095723917e+00;2.317686921172374733e-18;5.546772199095950415e-17
-9.989999999999911395e+00;6.522603669067234551e-17;1.299047228733424708e+00;1.750776128119520195e-17;6.283242918504438579e-17
-9.923399999999910293e+00;7.163343673596924587e-17;1.082017823446116411e+00;3.363532052749302750e-17;6.324566761145711780e-17
-9.856799999999912743e+00;6.907537254066031952e-17;8.795309126990581428e-01;4.403642158119160318e-17;5.321842412130007002e-17
-9.790199999999911640e+00;5.606160066206347154e-17;7.101367643619034276e-01;4.250998249269860196e-17;3.654865876148035285e-17
-9.723599999999912313e+00;3.337588694134389909e-17;5.138250554930356984e-01;2.906608611438284719e-17;1.640464772900201022e-17
-9.656999999999914763e+00;9.113857091331287943e-18;5.020649758870115997e-01;7.989122270388834667e-18;4.385922528954059940e-18
-9.590399999999913661e+00;8.760062652306357108e-18;-3.099488171094414213e+00;-8.752298934810788647e-18;-3.687289357273441217e-19
-9.523799999999914334e+00;1.084846265736641486e-17;2.754682139148731057e+00;-1.004653595004261811e-17;4.093440781637719446e-18
-9.457199999999916784e+00;4.074755142205688651e-18;-2.824084157170381637e+00;-3.871083456243674890e-18;-1.272140850585432749e-18
-9.390599999999915681e+00;9.118039975515359161e-18;-6.069580838877851603e-01;7.489438021624468842e-18;-5.200670256355604901e-18
-9.323999999999916355e+00;2.497439500131035912e-17;-1.060888103959291673e+00;1.218993094346790758e-17;-2.179738491826392187e-17
-9.257399999999917029e+00;3.524835117342873618e-17;-1.371518183089466048e+00;6.977827463624413804e-18;-3.455077689912693854e-17
-9.190799999999917702e+00;3.931127917039512724e-17;-1.547739823635890799e+00;9.063003288340775265e-19;-3.930083064932211970e-17
-9.124199999999918376e+00;4.009313158996290299e-17;-1.755763081598254782e+00;-7.373682410478777545e-18;-3.940923760236268735e-17
-9.057599999999917273e+00;4.148255808544800538e-17;-1.945238350611240508e+00;-1.517238130936935873e-17;-3.860830831201578152e-17
-8.990999999999919723e+00;4.433790201226818088e-17;-2.197539742298833865e+00;-2.600463304925990342e-17;-3.591112104658993754e-17
-8.924399999999920396e+00;4.013071304057771381e-17;-2.412783996571981060e+00;-2.993624154256898979e-17;-2.672630860126704715e-17
-8.857799999999919294e+00;3.775074003872858943e-17;-2.700897985581032668e+00;-3.414386666263206108e-17;-1.610325255332191171e-17
-8.791199999999921744e+00;3.303645663024508801e-17;-2.807736266140034687e+00;-3.121237102743463394e-17;-1.082568064963232788e-17
-8.724599999999922417e+00;2.363099767297607343e-17;-3.061850503028489712e+00;-2.355590495836246873e-17;-1.882390132994524126e-18
-8.657999999999921314e+00;1.626305380785732985e-17;3.035008830718771922e+00;-1.617076617333796123e-17;1.730098414683858310e-18
-8.591399999999923764e+00;1.003602094431137526e-17;2.960045552512515776e+00;-9.871084345766492261e-18;1.812018276237938197e-18
-8.524799999999924438e+00;3.501111225922996906e-18;3.028170560697274638e+00;-3.478615210996575974e-18;3.962524827774337213e-19
-8.458199999999923335e+00;2.040135780188543492e-18;-2.933610175834041378e+00;-1.996169826790455675e-18;-4.212600434611383288e-19
-8.391599999999925785e+00;3.423896261849851205e-18;-1.166776637734658451e+00;1.345993761450810398e-18;-3.148232266851491796e-18
-8.324999999999924682e+00;5.972642584710985670e-18;-1.317527308611417425e+00;1.496565195796712397e-18;-5.782106195793455894e-18
-8.258399999999927132e+00;1.038028456291125276e-17;-1.403819108981614550e+00;1.725227922620070742e-18;-1.023591208549710534e-17
-8.191799999999926030e+00;1.402924814669210011e-17;-1.589232808445696365e+00;-2.586353235926743758e-19;-1.402686391645879767e-17
-8.125199999999926703e+00;1.543692704462670476e-17;-1.811116999796720473e+00;-3.674206236538260153e-18;-1.499329600563234111e-17
-8.058599999999927377e+00;1.420154877766409159e-17;-1.962282240499097608e+00;-5.418776040477988568e-18;-1.312710378977458038e-17
-7.991999999999928050e+00;1.662481049310154678e-17;-1.962817585278612054e+00;-6.351627176097419948e-18;-1.536363095584503841e-17
-7.925399999999929612e+00;1.853846442790019327e-17;-2.178395227299771086e+00;-1.058356770783780167e-17;-1.522047167199931604e-17
-7.858799999999929398e+00;2.118330969462190883e-17;-2.393493964738444113e+00;-1.552701760310576333e-17;-1.440986932526129533e-17
-7.792199999999930071e+00;2.427575721025825491e-17;-2.582330741379386119e+00;-2.057727136991888586e-17;-1.287976285108239529e-17
-7.725599999999930745e+00;2.525725843801261803e-17;-3.110419739515091653e+00;-2.524498755408144716e-17;-7.872148365169380799e-19
-7.658999999999931418e+00;2.147578775450300176e-17;-2.997849708420986747e+00;-2.125430277820957125e-17;-3.076373366263284349e-18
-7.592399999999932092e+00;1.255642138059278716e-17;2.420991155920826365e+00;-9.435007717001962140e-18;8.285188426772263783e-18
-7.525799999999932766e+00;8.738562195764758315e-18;2.573054533344644845e+00;-7.363889822567360664e-18;4.704848130422261237e-18
-7.459199999999932551e+00;6.313299045939370141e-18;-1.195375696856292302e+00;2.314858825025540468e-18;-5.873599702368245564e-18
-7.392599999999934113e+00;1.311732817958396216e-17;-1.632764077384736945e+00;-8.123311957799477059e-19;-1.309215095388340833e-17
-7.325999999999934786e+00;1.415926034905056277e-17;-1.738485721709102982e+00;-2.363245717352453213e-18;-1.396064910065469665e-17
-7.259399999999934572e+00;1.408995330317003837e-17;-2.103933424240561401e+00;-7.161043473950250805e-18;-1.213450618895168625e-17
-7.192799999999936134e+00;1.515674618283468441e-17;-2.035291951025971269e+00;-6.789796726173085291e-18;-1.355085293507840292e-17
-7.126199999999935919e+00;1.829591018280797568e-17;-2.678372369913779583e+00;-1.636785450999675242e-17;-8.175186123688897256e-18
-7.059599999999936593e+00;1.721468860009586858e-17;3.059513700609599596e+00;-1.715673386048833357e-17;1.411377638565855713e-18
-6.992999999999937266e+00;1.721174608703374307e-17;2.483697743742443897e+00;-1.361933017537460489e-17;1.052416499959270584e-17
-6.926399999999937940e+00;1.689484280021537923e-17;2.014405423842604570e+00;-7.251300665582017857e-18;1.525956591457697016e-17
-6.859799999999938613e+00;1.813230086882731937e-17;1.609151874746272970e+00;-6.953038236995708778e-19;1.811896485427422782e-17
-6.793199999999939287e+00;1.692837796436552738e-17;1.369232579288179652e+00;3.389089436175459006e-18;1.658565806044548230e-17
-6.726599999999939072e+00;1.383573461688887490e-17;1.070419209659168258e+00;6.637783004947234906e-18;1.213949707229301980e-17
-6.659999999999940634e+00;1.004661472013170493e-17;9.834823631467062288e-01;5.567101295963724040e-18;8.363124445758660046e-18
-6.593399999999941308e+00;7.947241573701267686e-18;6.135932620976031204e-01;6.497539683807189643e-18;4.576092950117662756e-18
-6.526799999999941093e+00;3.791513674862103528e-18;2.087934900751535483e-01;3.709168487998117887e-18;7.859039854257581501e-19
-6.460199999999942655e+00;1.694276548188934673e-18;1.941358164659682473e+00;-6.135639396239616069e-19;1.579275882718448496e-18
-6.393599999999942440e+00;4.019346311035886181e-18;-2.982756267540142670e+00;-3.968750779150165153e-18;-6.357373836992322604e-19
-6.326999999999943114e+00;9.510172693308054478e-18;2.569544218948888403e+00;-7.996094319346912009e-18;5.148384240968250484e-18
-6.260399999999943788e+00;1.191920553343096385e-17;2.430553668626523667e+00;-9.030993963157720308e-18;7.778727954208203975e-18
-6.193799999999944461e+00;1.614796384491360043e-17;2.314435427607624440e+00;-1.093170004150779793e-17;1.188506081343866127e-17
-6.127199999999945135e+00;1.951003838140245032e-17;2.274379246316430958e+00;-1.262209570037390541e-17;1.487697206337362468e-17
-6.060599999999945808e+00;1.982743756429794689e-17;2.055277816349975417e+00;-9.234620789366858975e-18;1.754562792386543963e-17
-5.993999999999945594e+00;2.363836891513550268e-17;1.641904242183485074e+00;-1.679458983342286963e-18;2.357863232868512234e-17
-5.927399999999947156e+00;2.462308707754552441e-17;1.761281507050635575e+00;-4.662020115414828394e-18;2.417771671750367727e-17
-5.860799999999947829e+00;2.344718295111902917e-17;1.315949136537764907e+00;5.910977078845569763e-18;2.268988184889046810e-17
-5.794199999999947615e+00;2.230646684105408929e-17;1.053673186730578637e+00;1.102790433335112753e-17;1.938978568590950446e-17
-5.727599999999949176e+00;2.113394315667939942e-17;9.699020308618370168e-01;1.194871600528928474e-17;1.743191725469977607e-17
-5.660999999999949850e+00;1.932594045298580906e-17;6.443450939455086512e-02;1.928583555374048344e-17;1.244395992613636815e-18
-5.594399999999949635e+00;1.199980896460702991e-17;6.122217066675250674e-02;1.197732742087571033e-17;7.341955054357241565e-19
-5.527799999999950309e+00;6.812357496405011402e-18;-4.074240093401587104e-01;6.254729198907071814e-18;-2.699366093579168087e-18
-5.461199999999950982e+00;3.457682587540816955e-18;-2.067444503683776968e+00;-1.647521265441240130e-18;-3.039941209316695708e-18
-5.394599999999951656e+00;6.105389516764460196e-18;1.953955016866914196e+00;-2.282511946720648295e-18;5.662677843961713531e-18
-5.327999999999952330e+00;9.957494668435166104e-18;1.311173225234276929e+00;2.556251216100081122e-18;9.623787185515981283e-18
-5.261399999999952115e+00;1.217129446991095120e-17;9.589973970561543881e-01;6.990473699532571204e-18;9.963618144500938651e-18
-5.194799999999953677e+00;1.211510728082700889e-17;5.797659819310161389e-01;1.013538819488891141e-17;6.636997104478356191e-18
-5.128199999999954350e+00;1.052975256739153365e-17;1.771943307873945772e-01;1.036487893992233377e-17;1.856064032096712926e-18
-5.061599999999954136e+00;9.217863806455146205e-18;-1.902015760187580340e-01;9.051630194004383347e-18;-1.742700199501893307e-18
-4.994999999999955698e+00;6.614790038773456340e-18;-3.851328519332949257e-03;6.614740981132258245e-18;-2.547566654666570196e-20
-4.928399999999956371e+00;5.428190554386610096e-18;-3.136043107116193857e-02;5.425521523845838090e-18;-1.702024941578533401e-19
-4.861799999999956157e+00;6.380885502946356797e-18;2.536196934597117481e-01;6.176764483580246732e-18;1.601024770605570742e-18
-4.795199999999956830e+00;8.952707407078652191e-18;2.477784174037578058e-01;8.679288666325288257e-18;2.195658936027722577e-18
-4.728599999999958392e+00;9.881800603329091863e-18;3.576212942922019078e-02;9.875482211635293074e-18;3.533189092450539999e-19
-4.661999999999958177e+00;7.214790735245263317e-18;3.554852844649046828e-01;6.763705411567825939e-18;2.511074363476518710e-18
-4.595399999999958851e+00;7.011743739577803185e-18;-2.650087238027677983e-01;6.766965280164442402e-18;-1.836499705025155019e-18
-4.528799999999958636e+00;4.241506965994105896e-18;-1.250215572803477171e+00;1.336574258110061657e-18;-4.025413096209389702e-18
-4.462199999999960198e+00;3.482150717867008672e-18;3.039443490061235043e+00;-3.463999342827203091e-18;3.550805188044404140e-19
-4.395599999999960872e+00;2.509027302651304009e-18;2.685738701544183371e+00;-2.252819035843870878e-18;1.104547145752127501e-18
-4.328999999999960657e+00;3.172545724487729760e-18;-1.690245254011860931e-01;3.127334825641136894e-18;-5.336883569064383071e-19
-4.262399999999962219e+00;6.132710786731521820e-18;-4.513243475208105204e-01;5.518644095230164644e-18;-2.674828769075583866e-18
-4.195799999999962893e+00;7.364511375436936515e-18;1.374340225744285771e-01;7.295069927674393969e-18;1.008951212537429233e-18
-4.129199999999963566e+00;1.106192097561563939e-17;-1.492508201632300191e-01;1.093894290630077975e-17;-1.644878039082859730e-18
-4.062599999999963352e+00;9.501036419893371055e-18;-1.219197814270479574e+00;3.272147135748336157e-18;-8.919795186782832264e-18
-3.995999999999964025e+00;1.060269420269256150e-17;-9.381780110345526724e-01;6.268932086547222974e-18;-8.550883863675681823e-18
-3.929399999999964699e+00;1.075831493450494928e-17;-1.245492145581561738e+00;3.438325486113292742e-18;-1.019407956029067023e-17
-3.862799999999965372e+00;3.664299705545409568e-18;-2.710164223600544986e+00;-3.328537548287983914e-18;-1.532295703086447628e-18
-3.796199999999966046e+00;1.115105589764236304e-17;-2.936496436847167768e+00;-1.091734530411643234e-17;-2.271039220936394596e-18
-3.729599999999966276e+00;1.442480089801454144e-17;2.564255316925912354e+00;-1.208681310313208105e-17;7.872981008316721370e-18
-3.662999999999967393e+00;1.200306047681928274e-17;2.361901497707515230e+00;-8.535744892831865085e-18;8.438869588675718084e-18
-3.596399999999968067e+00;9.094338677976215283e-18;2.088821842373544069e+00;-4.503204349621615162e-18;7.901148433948265506e-18
-3.529799999999968296e+00;1.424734497554406514e-18;1.466146736857460775e+00;1.488258880999705744e-19;1.416940098787829031e-18
-3.463199999999968970e+00;3.093790878278665469e-18;-1.806309199711129798e+00;-7.219105193026349513e-19;-3.008386145533927015e-18
-3.396599999999969643e+00;1.963448977852517266e-19;-2.580662144584077389e+00;-1.662570980774585964e-19;-1.044504486594636919e-19
-3.329999999999970317e+00;3.727886285505246707e-18;-1.789581137078451789e+00;-8.091137170175428998e-19;-3.639020630690648240e-18
-3.263399999999970547e+00;2.873924770499836400e-18;2.781031861388619575e+00;-2.689128889858003872e-18;1.013917846880897603e-18
-3.196799999999971220e+00;6.504290252428086012e-18;2.893492146637866469e+00;-6.305132888780212483e-18;1.597213493135185665e-18
-3.130199999999971894e+00;8.050285860364922283e-18;2.203377778402472842e+00;-4.759559854978833317e-18;6.492587498098524325e-18
-3.063599999999972567e+00;9.151615675789697133e-18;1.392312563117366064e+00;1.624756145512673329e-18;9.006233227325312077e-18
-2.996999999999972797e+00;1.388974107203863087e-17;7.475741633223542681e-01;1.018590631075791697e-17;9.443104345327276913e-18
-2.930399999999973915e+00;1.502505064524871120e-17;2.973712592769421348e-01;1.436560167447998855e-17;4.402457884235397061e-18
-2.863799999999974588e+00;1.441453211942630842e-17;-1.647697043758485913e-01;1.421930394191417539e-17;-2.364345920003386000e-18
-2.797199999999974818e+00;1.566116642599343913e-17;-4.950831952076238385e-01;1.378071743183294771e-17;-7.440696263565638770e-18
-2.730599999999975491e+00;1.673425661897995456e-17;-8.255173323016624654e-01;1.134878576800413976e-17;-1.229798382588874129e-17
-2.663999999999976165e+00;1.940803940006081299e-17;-1.316981526556918913e+00;4.873326814306793662e-18;-1.878623642764221508e-17
-2.597399999999976838e+00;1.333020082873918737e-16;-1.352620896021379027e+00;2.885304218427824642e-17;-1.301419508466203634e-16
-2.530799999999977068e+00;8.545750577708028111e-16;-1.546918794179385381e+00;2.040320491650103152e-17;-8.543314571014614105e-16
-2.464199999999978186e+00;5.369709068277472920e-15;1.388593739616414524e+00;9.729705502206171903e-16;5.280824157870124988e-15
-2.397599999999978415e+00;2.713020325188108738e-13;1.181221336005369382e+00;1.030392330134521370e-13;2.509735231231322945e-13
-2.330999999999979089e+00;5.054003900156213445e-12;9.738925324202075684e-01;2.840776558962287433e-12;4.180065067058717116e-12
-2.264399999999979318e+00;6.709417431385057745e-11;7.665484929106877177e-01;4.832854460754504012e-11;4.654009027681291133e-11
-2.197799999999980436e+00;7.088836913077422882e-10;5.592034759056002668e-01;6.009050705522364333e-10;3.760707167364965950e-10
-2.131199999999981110e+00;6.197931808531690634e-09;3.518583742471745879e-01;5.818208442410451445e-09;2.136073318936562078e-09
-2.064599999999981783e+00;4.562963384508148039e-08;1.445132616632053002e-01;4.515399595631700271e-08;6.571159259454386595e-09
-1.997999999999982013e+00;2.851510291961161417e-07;-6.283185314203626470e-02;2.845883487752966934e-07;-1.790478128753213687e-08
-1.931399999999982686e+00;1.516769636509919339e-06;-2.701769682190823252e-01;1.461746813211746593e-06;-4.048288333403843270e-07
-1.864799999999983138e+00;6.857259658172169993e-06;-4.775220833477558102e-01;6.090182241394769870e-06;-3.151458437960950540e-06
-1.798199999999984033e+00;2.618567379944606216e-05;-6.848671984830917436e-01;2.028088449102821874e-05;-1.656427591513033544e-05
-1.731599999999984485e+00;8.329756134755677492e-05;-8.922123136195503346e-01;5.228515967444036190e-05;-6.484401132154193447e-05
-1.664999999999985159e+00;2.141622010546050667e-04;-1.099557428756442690e+00;9.722760468209859172e-05;-1.908199183741955153e-04
-1.598399999999985610e+00;4.117221927278425279e-04;-1.306902543893348589e+00;1.073942369241118758e-04;-3.974690451596330984e-04
-1.531799999999986284e+00;4.268612408896257969e-04;-1.514247659030280690e+00;2.412557176225993381e-05;-4.261789245856430035e-04
-1.465199999999986957e+00;6.482987201986322367e-04;1.419999879422592981e+00;9.739105716806817478e-05;6.409416608357349984e-04
-1.398599999999987409e+00;4.870495909758447255e-03;1.212654764285664211e+00;1.707275972721466811e-03;4.561462392691814464e-03
-1.331999999999988082e+00;1.543067528400732767e-02;1.005309649148737217e+00;8.268169281791221126e-03;1.302855005164115475e-02
-1.265399999999988534e+00;3.532836441595554877e-02;7.979645340118108887e-01;2.466504234481961197e-02;2.529286497087290808e-02
-1.198799999999989208e+00;6.464891238669967510e-02;5.906194188748843388e-01;5.369712151586200632e-02;3.600140294063440549e-02
-1.132199999999989659e+00;9.807592025787768841e-02;3.832743037379577333e-01;9.096003690200528402e-02;3.667639324164006370e-02
-1.065599999999990555e+00;1.253890923589532358e-01;1.759291886010312944e-01;1.234536282756137915e-01;2.194598250679775930e-02
-9.989999999999910063e-01;1.361263638469576986e-01;-3.141592653589529022e-02;1.360591937037667898e-01;-4.275832418978062557e-03
-9.323999999999915689e-01;1.257929028169973429e-01;-2.387610416728218055e-01;1.222243761524463568e-01;-2.974989534892243798e-02
-8.657999999999922425e-01;9.877205854361528758e-02;-4.461061568097484109e-01;8.910562824889968481e-02;-4.261580180299623377e-02
-7.991999999999928050e-01;6.546124506561218359e-02;-6.534512719466750719e-01;5.197560006562914475e-02;-3.979587420019703448e-02
-7.325999999999934786e-01;3.608544192500860726e-02;-8.607963870836017328e-01;2.352170803910691790e-02;-2.736582485228943040e-02
-6.659999999999940412e-01;1.602206993198023940e-02;-1.068141502220527839e+00;7.718691056446124431e-03;-1.404024690952420003e-02
-5.993999999999946038e-01;5.265080797718619567e-03;-1.275486617357455055e+00;1.532328933409172339e-03;-5.037166251608382606e-03
-5.327999999999952774e-01;8.750421268479917749e-04;-1.482831732494383603e+00;7.687349787590224272e-05;-8.716588719694077928e-04
-4.661999999999957844e-01;3.142160306433360961e-04;1.451415805958490290e+00;3.742223690590211054e-05;3.119796309027441533e-04
-3.995999999999964025e-01;3.632609615150122649e-04;1.244070690821538872e+00;1.165862842906724358e-04;3.440438409216269142e-04
-3.329999999999970206e-01;1.960994512128538174e-04;1.036725575684614098e+00;9.982274227326495537e-05;1.687910391313110156e-04
-2.663999999999976387e-01;7.746686935095181540e-05;8.293804605475921798e-01;5.231591841512928305e-05;5.713283230699292640e-05
-1.997999999999982013e-01;2.455810777822815640e-05;6.220353454106948288e-01;1.995823088088620481e-05;1.430977560104667288e-05
-1.331999999999988193e-01;6.470669127511178529e-06;4.146902302737829893e-01;5.922222799905481645e-06;2.607074234847551243e-06
-6.659999999999940967e-02;1.478828190911046311e-06;2.073451151369402612e-01;1.447153028403729318e-06;3.044354293034122115e-07
0.000000000000000000e+00;5.414222687966097197e-07;-0.000000000000000000e+00;5.414222687966097197e-07;-0.000000000000000000e+00
6.659999999999940967e-02;1.478828190911046311e-06;-2.073451151369402612e-01;1.447153028403729318e-06;-3.044354293034122115e-07
1.331999999999988193e-01;6.470669127511178529e-06;-4.146902302737829893e-01;5.922222799905481645e-06;-2.607074234847551243e-06
1.997999999999982013e-01;2.455810777822815640e-05;-6.220353454106948288e-01;1.995823088088620481e-05;-1.430977560104667288e-05
2.663999999999976387e-01;7.746686935095181540e-05;-8.293804605475921798e-01;5.231591841512928305e-05;-5.713283230699292640e-05
3.329999999999970206e-01;1.960994512128538174e-04;-1.036725575684614098e+00;9.982274227326495537e-05;-1.687910391313110156e-04
3.995999999999964025e-01;3.632609615150122649e-04;-1.244070690821538872e+00;1.165862842906724358e-04;-3.440438409216269142e-04
4.661999999999957844e-01;3.142160306433360961e-04;-1.451415805958490290e+00;3.742223690590211054e-05;-3.119796309027441533e-04
5.327999999999952774e-01;8.750421268479917749e-04;1.482831732494383603e+00;7.687349787590224272e-05;8.716588719694077928e-04
5.993999999999946038e-01;5.265080797718619567e-03;1.275486617357455055e+00;1.532328933409172339e-03;5.037166251608382606e-03
6.659999999999940412e-01;1.602206993198023940e-02;1.068141502220527839e+00;7.718691056446124431e-03;1.404024690952420003e-02
7.325999999999934786e-01;3.608544192500860726e-02;8.607963870836017328e-01;2.352170803910691790e-02;2.736582485228943040e-02
7.991999999999928050e-01;6.546124506561218359e-02;6.534512719466750719e-01;5.197560006562914475e-02;3.979587420019703448e-02
8.657999999999922425e-01;9.877205854361528758e-02;4.461061568097484109e-01;8.910562824889968481e-02;4.261580180299623377e-02
9.323999999999915689e-01;1.257929028169973429e-01;2.387610416728218055e-01;1.222243761524463568e-01;2.974989534892243798e-02
9.989999999999910063e-01;1.361263638469576986e-01;3.141592653589529022e-02;1.360591937037667898e-01;4.275832418978062557e-03
1.065599999999990555e+00;1.253890923589532358e-01;-1.759291886010312944e-01;1.234536282756137915e-01;-2.194598250679775930e-02
1.132199999999989659e+00;9.807592025787768841e-02;-3.832743037379577333e-01;9.096003690200528402e-02;-3.667639324164006370e-02
1.198799999999989208e+00;6.464891238669967510e-02;-5.906194188748843388e-01;5.369712151586200632e-02;-3.600140294063440549e-02
1.265399999999988534e+00;3.532836441595554877e-02;-7.979645340118108887e-01;2.466504234481961197e-02;-2.529286497087290808e-02
1.331999999999988082e+00;1.543067528400732767e-02;-1.005309649148737217e+00;8.268169281791221126e-03;-1.302855005164115475e-02
1.398599999999987409e+00;4.870495909758447255e-03;-1.212654764285664211e+00;1.707275972721466811e-03;-4.561462392691814464e-03
1.465199999999986957e+00;6.482987201986322367e-04;-1.419999879422592981e+00;9.739105716806817478e-05;-6.409416608357349984e-04
1.531799999999986284e+00;4.268612408896257969e-04;1.514247659030280690e+00;2.412557176225993381e-05;4.261789245856430035e-04
1.598399999999985610e+00;4.117221927278425279e-04;1.306902543893348589e+00;1.073942369241118758e-04;3.974690451596330984e-04
1.664999999999985159e+00;2.141622010546050667e-04;1.099557428756442690e+00;9.722760468209859172e-05;1.908199183741955153e-04
1.731599999999984485e+00;8.329756134755677492e-05;8.922123136195503346e-01;5.228515967444036190e-05;6.484401132154193447e-05
1.798199999999984033e+00;2.618567379944606216e-05;6.848671984830917436e-01;2.028088449102821874e-05;1.656427591513033544e-05
1.864799999999983138e+00;6.857259658172169993e-06;4.775220833477558102e-01;6.090182241394769870e-06;3.151458437960950540e-06
1.931399999999982686e+00;1.516769636509919339e-06;2.701769682190823252e-01;1.461746813211746593e-06;4.048288333403843270e-07
1.997999999999982013e+00;2.851510291961161417e-07;6.283185314203626470e-02;2.845883487752966934e-07;1.790478128753213687e-08
2.064599999999981783e+00;4.562963384508148039e-08;-1.445132616632053002e-01;4.515399595631700271e-08;-6.571159259454386595e-09
2.131199999999981110e+00;6.197931808531690634e-09;-3.518583742471745879e-01;5.818208442410451445e-09;-2.136073318936562078e-09
2.197799999999980436e+00;7.088836913077422882e-10;-5.592034759056002668e-01;6.009050705522364333e-10;-3.760707167364965950e-10
2.264399999999979318e+00;6.709417431385057745e-11;-7.665484929106877177e-01;4.832854460754504012e-11;-4.654009027681291133e-11
2.330999999999979089e+00;5.054003900156213445e-12;-9.738925324202075684e-01;2.840776558962287433e-12;-4.180065067058717116e-12
2.397599999999978415e+00;2.713020325188108738e-13;-1.181221336005369382e+00;1.030392330134521370e-13;-2.509735231231322945e-13
2.464199999999978186e+00;5.369709068277472920e-15;-1.388593739616414524e+00;9.729705502206171903e-16;-5.280824157870124988e-15
2.530799999999977068e+00;8.545750577708028111e-16;1.546918794179385381e+00;2.040320491650103152e-17;8.543314571014614105e-16
2.597399999999976838e+00;1.333020082873918737e-16;1.352620896021379027e+00;2.885304218427824642e-17;1.301419508466203634e-16
2.663999999999976165e+00;1.940803940006081299e-17;1.316981526556918913e+00;4.873326814306793662e-18;1.878623642764221508e-17
2.730599999999975491e+00;1.673425661897995456e-17;8.255173323016624654e-01;1.134878576800413976e-17;1.229798382588874129e-17
2.797199999999974818e+00;1.566116642599343913e-17;4.950831952076238385e-01;1.378071743183294771e-17;7.440696263565638770e-18
2.863799999999974588e+00;1.441453211942630842e-17;1.647697043758485913e-01;1.421930394191417539e-17;2.364345920003386000e-18
2.930399999999973915e+00;1.502505064524871120e-17;-2.973712592769421348e-01;1.436560167447998855e-17;-4.402457884235397061e-18
2.996999999999972797e+00;1.388974107203863087e-17;-7.475741633223542681e-01;1.018590631075791697e-17;-9.443104345327276913e-18
3.063599999999972567e+00;9.151615675789697133e-18;-1.392312563117366064e+00;1.624756145512673329e-18;-9.006233227325312077e-18
3.130199999999971894e+00;8.050285860364922283e-18;-2.203377778402472842e+00;-4.759559854978833317e-18;-6.492587498098524325e-18
3.196799999999971220e+00;6.504290252428086012e-18;-2.893492146637866469e+00;-6.305132888780212483e-18;-1.597213493135185665e-18
3.263399999999970547e+00;2.873924770499836400e-18;-2.781031861388619575e+00;-2.689128889858003872e-18;-1.013917846880897603e-18
3.329999999999970317e+00;3.727886285505246707e-18;1.789581137078451789e+00;-8.091137170175428998e-19;3.639020630690648240e-18
3.396599999999969643e+00;1.963448977852517266e-19;2.580662144584077389e+00;-1.662570980774585964e-19;1.044504486594636919e-19
3.463199999999968970e+00;3.093790878278665469e-18;1.806309199711129798e+00;-7.219105193026349513e-19;3.008386145533927015e-18
3.529799999999968296e+00;1.424734497554406514e-18;-1.466146736857460775e+00;1.488258880999705744e-19;-1.416940098787829031e-18
3.596399999999968067e+00;9.094338677976215283e-18;-2.088821842373544069e+00;-4.503204349621615162e-18;-7.901148433948265506e-18
3.662999999999967393e+00;1.200306047681928274e-17;-2.361901497707515230e+00;-8.535744892831865085e-18;-8.438869588675718084e-18
3.729599999999966276e+00;1.442480089801454144e-17;-2.564255316925912354e+00;-1.208681310313208105e-17;-7.872981008316721370e-18
3.796199999999966046e+00;1.115105589764236304e-17;2.936496436847167768e+00;-1.091734530411643234e-17;2.271039220936394596e-18
3.862799999999965372e+00;3.664299705545409568e-18;2.710164223600544986e+00;-3.328537548287983914e-18;1.532295703086447628e-18
3.929399999999964699e+00;1.075831493450494928e-17;1.245492145581561738e+00;3.438325486113292742e-18;1.019407956029067023e-17
3.995999999999964025e+00;1.060269420269256150e-17;9.381780110345526724e-01;6.268932086547222974e-18;8.550883863675681823e-18
4.062599999999963352e+00;9.501036419893371055e-18;1.219197814270479574e+00;3.272147135748336157e-18;8.919795186782832264e-18
4.129199999999963566e+00;1.106192097561563939e-17;1.492508201632300191e-01;1.093894290630077975e-17;1.644878039082859730e-18
4.195799999999962893e+00;7.364511375436936515e-18;-1.374340225744285771e-01;7.295069927674393969e-18;-1.008951212537429233e-18
4.262399999999962219e+00;6.132710786731521820e-18;4.513243475208105204e-01;5.518644095230164644e-18;2.674828769075583866e-18
4.328999999999960657e+00;3.172545724487729760e-18;1.690245254011860931e-01;3.127334825641136894e-18;5.336883569064383071e-19
4.395599999999960872e+00;2.509027302651304009e-18;-2.685738701544183371e+00;-2.252819035843870878e-18;-1.104547145752127501e-18
4.462199999999960198e+00;3.482150717867008672e-18;-3.039443490061235043e+00;-3.463999342827203091e-18;-3.550805188044404140e-19
4.528799999999958636e+00;4.241506965994105896e-18;1.250215572803477171e+00;1.336574258110061657e-18;4.025413096209389702e-18
4.595399999999958851e+00;7.011743739577803185e-18;2.650087238027677983e-01;6.766965280164442402e-18;1.836499705025155019e-18
4.661999999999958177e+00;7.214790735245263317e-18;-3.554852844649046828e-01;6.763705411567825939e-18;-2.511074363476518710e-18
4.728599999999958392e+00;9.881800603329091863e-18;-3.576212942922019078e-02;9.875482211635293074e-18;-3.533189092450539999e-19
4.795199999999956830e+00;8.952707407078652191e-18;-2.477784174037578058e-01;8.679288666325288257e-18;-2.195658936027722577e-18
4.861799999999956157e+00;6.380885502946356797e-18;-2.536196934597117481e-01;6.176764483580246732e-18;-1.601024770605570742e-18
4.928399999999956371e+00;5.428190554386610096e-18;3.136043107116193857e-02;5.425521523845838090e-18;1.702024941578533401e-19
4.994999999999955698e+00;6.614790038773456340e-18;3.851328519332949257e-03;6.614740981132258245e-18;2.547566654666570196e-20
5.061599999999954136e+00;9.217863806455146205e-18;1.902015760187580340e-01;9.051630194004383347e-18;1.742700199501893307e-18
5.128199999999954350e+00;1.052975256739153365e-17;-1.771943307873945772e-01;1.036487893992233377e-17;-1.856064032096712926e-18
5.194799999999953677e+00;1.211510728082700889e-17;-5.797659819310161389e-01;1.013538819488891141e-17;-6.636997104478356191e-18
5.261399999999952115e+00;1.217129446991095120e-17;-9.589973970561543881e-01;6.990473699532571204e-18;-9.963618144500938651e-18
5.327999999999952330e+00;9.957494668435166104e-18;-1.311173225234276929e+00;2.556251216100081122e-18;-9.623787185515981283e-18
5.394599999999951656e+00;6.105389516764460196e-18;-1.953955016866914196e+00;-2.282511946720648295e-18;-5.662677843961713531e-18
5.461199999999950982e+00;3.457682587540816955e-18;2.067444503683776968e+00;-1.647521265441240130e-18;3.039941209316695708e-18
5.527799999999950309e+00;6.812357496405011402e-18;4.074240093401587104e-01;6.254729198907071814e-18;2.699366093579168087e-18
5.594399999999949635e+00;1.199980896460702991e-17;-6.122217066675250674e-02;1.197732742087571033e-17;-7.341955054357241565e-19
5.660999999999949850e+00;1.932594045298580906e-17;-6.443450939455086512e-02;1.928583555374048344e-17;-1.244395992613636815e-18
5.727599999999949176e+00;2.113394315667939942e-17;-9.699020308618370168e-01;1.194871600528928474e-17;-1.743191725469977607e-17
5.794199999999947615e+00;2.230646684105408929e-17;-1.053673186730578637e+00;1.102790433335112753e-17;-1.938978568590950446e-17
5.860799999999947829e+00;2.344718295111902917e-17;-1.315949136537764907e+00;5.910977078845569763e-18;-2.268988184889046810e-17
5.927399999999947156e+00;2.462308707754552441e-17;-1.761281507050635575e+00;-4.662020115414828394e-18;-2.417771671750367727e-17
5.993999999999945594e+00;2.363836891513550268e-17;-1.641904242183485074e+00;-1.679458983342286963e-18;-2.357863232868512234e-17
6.060599999999945808e+00;1.982743756429794689e-17;-2.055277816349975417e+00;-9.234620789366858975e-18;-1.754562792386543963e-17
6.127199999999945135e+00;1.951003838140245032e-17;-2.274379246316430958e+00;-1.262209570037390541e-17;-1.487697206337362468e-17
6.193799999999944461e+00;1.614796384491360043e-17;-2.314435427607624440e+00;-1.093170004150779793e-17;-1.188506081343866127e-17
6.260399999999943788e+00;1.191920553343096385e-17;-2.430553668626523667e+00;-9.030993963157720308e-18;-7.778727954208203975e-18
6.326999999999943114e+00;9.510172693308054478e-18;-2.569544218948888403e+00;-7.996094319346912009e-18;-5.148384240968250484e-18
6.393599999999942440e+00;4.019346311035886181e-18;2.982756267540142670e+00;-3.968750779150165153e-18;6.357373836992322604e-19
6.460199999999942655e+00;1.694276548188934673e-18;-1.941358164659682473e+00;-6.135639396239616069e-19;-1.579275882718448496e-18
6.526799999999941093e+00;3.791513674862103528e-18;-2.087934900751535483e-01;3.709168487998117887e-18;-7.859039854257581501e-19
6.593399999999941308e+00;7.947241573701267686e-18;-6.135932620976031204e-01;6.497539683807189643e-18;-4.576092950117662756e-18
6.659999999999940634e+00;1.004661472013170493e-17;-9.834823631467062288e-01;5.567101295963724040e-18;-8.363124445758660046e-18
6.726599999999939072e+00;1.383573461688887490e-17;-1.070419209659168258e+00;6.637783004947234906e-18;-1.213949707229301980e-17
6.793199999999939287e+00;1.692837796436552738e-17;-1.369232579288179652e+00;3.389089436175459006e-18;-1.658565806044548230e-17
6.859799999999938613e+00;1.813230086882731937e-17;-1.609151874746272970e+00;-6.953038236995708778e-19;-1.811896485427422782e-17
6.926399999999937940e+00;1.689484280021537923e-17;-2.014405423842604570e+00;-7.251300665582017857e-18;-1.525956591457697016e-17
6.992999999999937266e+00;1.721174608703374307e-17;-2.483697743742443897e+00;-1.361933017537460489e-17;-1.052416499959270584e-17
7.059599999999936593e+00;1.721468860009586858e-17;-3.059513700609599596e+00;-1.715673386048833357e-17;-1.411377638565855713e-18
7.126199999999935919e+00;1.829591018280797568e-17;2.678372369913779583e+00;-1.636785450999675242e-17;8.175186123688897256e-18
7.192799999999936134e+00;1.515674618283468441e-17;2.035291951025971269e+00;-6.789796726173085291e-18;1.355085293507840292e-17
7.259399999999934572e+00;1.408995330317003837e-17;2.103933424240561401e+00;-7.161043473950250805e-18;1.213450618895168625e-17
7.325999999999934786e+00;1.415926034905056277e-17;1.738485721709102982e+00;-2.363245717352453213e-18;1.396064910065469665e-17
7.392599999999934113e+00;1.311732817958396216e-17;1.632764077384736945e+00;-8.123311957799477059e-19;1.309215095388340833e-17
7.459199999999932551e+00;6.313299045939370141e-18;1.195375696856292302e+00;2.314858825025540468e-18;5.873599702368245564e-18
7.525799999999932766e+00;8.738562195764758315e-18;-2.573054533344644845e+00;-7.363889822567360664e-18;-4.704848130422261237e-18
7.592399999999932092e+00;1.255642138059278716e-17;-2.420991155920826365e+00;-9.435007717001962140e-18;-8.285188426772263783e-18
7.658999999999931418e+00;2.147578775450300176e-17;2.997849708420986747e+00;-2.125430277820957125e-17;3.076373366263284349e-18
7.725599999999930745e+00;2.525725843801261803e-17;3.110419739515091653e+00;-2.524498755408144716e-17;7.872148365169380799e-19
7.792199999999930071e+00;2.427575721025825491e-17;2.582330741379386119e+00;-2.057727136991888586e-17;1.287976285108239529e-17
7.858799999999929398e+00;2.118330969462190883e-17;2.393493964738444113e+00;-1.552701760310576333e-17;1.440986932526129533e-17
7.925399999999929612e+00;1.853846442790019327e-17;2.178395227299771086e+00;-1.058356770783780167e-17;1.522047167199931604e-17
7.991999999999928050e+00;1.662481049310154678e-17;1.962817585278612054e+00;-6.351627176097419948e-18;1.536363095584503841e-17
8.058599999999927377e+00;1.420154877766409159e-17;1.962282240499097608e+00;-5.418776040477988568e-18;1.312710378977458038e-17
8.125199999999926703e+00;1.543692704462670476e-17;1.811116999796720473e+00;-3.674206236538260153e-18;1.499329600563234111e-17
8.191799999999926030e+00;1.402924814669210011e-17;1.589232808445696365e+00;-2.586353235926743758e-19;1.402686391645879767e-17
8.258399999999927132e+00;1.038028456291125276e-17;1.403819108981614550e+00;1.725227922620070742e-18;1.023591208549710534e-17
8.324999999999924682e+00;5.972642584710985670e-18;1.317527308611417425e+00;1.496565195796712397e-18;5.782106195793455894e-18
8.391599999999925785e+00;3.423896261849851205e-18;1.166776637734658451e+00;1.345993761450810398e-18;3.148232266851491796e-18
8.458199999999923335e+00;2.040135780188543492e-18;2.933610175834041378e+00;-1.996169826790455675e-18;4.212600434611383288e-19
8.524799999999924438e+00;3.501111225922996906e-18;-3.028170560697274638e+00;-3.478615210996575974e-18;-3.962524827774337213e-19
8.591399999999923764e+00;1.003602094431137526e-17;-2.960045552512515776e+00;-9.871084345766492261e-18;-1.812018276237938197e-18
8.657999999999921314e+00;1.626305380785732985e-17;-3.035008830718771922e+00;-1.617076617333796123e-17;-1.730098414683858310e-18
8.724599999999922417e+00;2.363099767297607343e-17;3.061850503028489712e+00;-2.355590495836246873e-17;1.882390132994524126e-18
8.791199999999921744e+00;3.303645663024508801e-17;2.807736266140034687e+00;-3.121237102743463394e-17;1.082568064963232788e-17
8.857799999999919294e+00;3.775074003872858943e-17;2.700897985581032668e+00;-3.414386666263206108e-17;1.610325255332191171e-17
8.924399999999920396e+00;4.013071304057771381e-17;2.412783996571981060e+00;-2.993624154256898979e-17;2.672630860126704715e-17
8.990999999999919723e+00;4.433790201226818088e-17;2.197539742298833865e+00;-2.600463304925990342e-17;3.591112104658993754e-17
9.057599999999917273e+00;4.148255808544800538e-17;1.945238350611240508e+00;-1.517238130936935873e-17;3.860830831201578152e-17
9.124199999999918376e+00;4.009313158996290299e-17;1.755763081598254782e+00;-7.373682410478777545e-18;3.940923760236268735e-17
9.190799999999917702e+00;3.931127917039512724e-17;1.547739823635890799e+00;9.063003288340775265e-19;3.930083064932211970e-17
9.257399999999917029e+00;3.524835117342873618e-17;1.371518183089466048e+00;6.977827463624413804e-18;3.455077689912693854e-17
9.323999999999916355e+00;2.497439500131035912e-17;1.060888103959291673e+00;1.218993094346790758e-17;2.179738491826392187e-17
9.390599999999915681e+00;9.118039975515359161e-18;6.069580838877851603e-01;7.489438021624468842e-18;5.200670256355604901e-18
9.457199999999916784e+00;4.074755142205688651e-18;2.824084157170381637e+00;-3.871083456243674890e-18;1.272140850585432749e-18
9.523799999999914334e+00;1.084846265736641486e-17;-2.754682139148731057e+00;-1.004653595004261811e-17;-4.093440781637719446e-18
9.590399999999913661e+00;8.760062652306357108e-18;3.099488171094414213e+00;-8.752298934810788647e-18;3.687289357273441217e-19
9.656999999999914763e+00;9.113857091331287943e-18;-5.020649758870115997e-01;7.989122270388834667e-18;-4.385922528954059940e-18
9.723599999999912313e+00;3.337588694134389909e-17;-5.138250554930356984e-01;2.906608611438284719e-17;-1.640464772900201022e-17
9.790199999999911640e+00;5.606160066206347154e-17;-7.101367643619034276e-01;4.250998249269860196e-17;-3.654865876148035285e-17
9.856799999999912743e+00;6.907537254066031952e-17;-8.795309126990581428e-01;4.403642158119160318e-17;-5.321842412130007002e-17
9.923399999999910293e+00;7.163343673596924587e-17;-1.082017823446116411e+00;3.363532052749302750e-17;-6.324566761145711780e-17
9.989999999999911395e+00;6.522603669067234551e-17;-1.299047228733424708e+00;1.750776128119520195e-17;-6.283242918504438579e-17
1.005659999999991072e+01;5.551612248285128151e-17;-1.529036193095723917e+00;2.317686921172374733e-18;-5.546772199095950415e-17
1.012319999999990827e+01;4.346684143208892551e-17;-1.763853779318792503e+00;-8.339567274694266915e-18;-4.265932397206044164e-17
1.018979999999990937e+01;3.171731654497020725e-17;-1.990690754574069077e+00;-1.293000984346026263e-17;-2.896209616484727707e-17
1.025639999999990870e+01;2.327014661136157764e-17;-2.263451928388022782e+00;-1.485992137067316953e-17;-1.790760900208829238e-17
1.032299999999990625e+01;1.249956889904935809e-17;-2.431509321485625819e+00;-9.478517526364065017e-18;-8.148431024712133275e-18
1.038959999999990735e+01;5.275977575547867380e-18;-2.757288294781199411e+00;-4.891144936989491473e-18;-1.978039580758183950e-18
1.045619999999990668e+01;1.315772218953312138e-18;9.073658593074406253e-01;8.102831658648736251e-19;1.036676286641746530e-18
1.052279999999990423e+01;1.007242046704115453e-17;-3.129020001390692141e-02;1.006749003365603411e-17;-3.151166246106112801e-19
1.058939999999990533e+01;1.094884026943137960e-17;-1.272339404004934615e-01;1.086033724350412932e-17;-1.389308534084253318e-18
1.065599999999990466e+01;1.449921352084944832e-17;-7.552235549270376325e-01;1.055714306736383835e-17;-9.938507079958996410e-18
1.072259999999990399e+01;1.960400116032445049e-17;-7.249037959115554042e-01;1.467483413235989314e-17;-1.299869626853891452e-17
1.078919999999990331e+01;1.952929777047974940e-17;-8.357505737810403401e-01;1.309675907355799405e-17;-1.448683447745716712e-17
1.085579999999990264e+01;1.978937209656642807e-17;-1.168024269659842407e+00;7.756841695291605138e-18;-1.820578630245196710e-17
1.092239999999990196e+01;2.142181863546704855e-17;-1.238296565076236089e+00;6.992229283040194501e-18;-2.024853188021883430e-17
1.098899999999990129e+01;2.306238004419324092e-17;-1.428529596341387764e+00;3.269952759142623914e-18;-2.282938418476894077e-17
1.105559999999990062e+01;2.331486053467267153e-17;-1.527334568058940967e+00;1.012985864262118268e-18;-2.329284399531414763e-17
1.112219999999990172e+01;2.040856729081228475e-17;-1.791519256275880378e+00;-4.468151129426497311e-18;-1.991344380935195830e-17
1.118879999999989927e+01;2.207599043059784591e-17;-1.888320291957502395e+00;-6.892461065331775257e-18;-2.097244225059955354e-17
1.125539999999989860e+01;2.358223269088654453e-17;-1.942586171119714322e+00;-8.567037743181330161e-18;-2.197106194506821186e-17
1.132199999999989970e+01;1.827665513946479904e-17;-2.074610474616398470e+00;-8.823407511520583765e-18;-1.600573656451233857e-17
1.138859999999989725e+01;8.592572439758041057e-18;-2.277711656856501676e+00;-5.580801710097089571e-18;-6.533525342804362080e-18
1.145519999999989835e+01;4.735133705339892889e-18;5.435860623959539728e-01;4.052608912513745335e-18;2.449051287674486370e-18
1.152179999999989768e+01;1.804645412862210771e-17;3.886377878742853231e-01;1.670065964188717228e-17;6.838309304375097278e-18
1.158839999999989523e+01;2.167252735450839617e-17;2.306180310907633146e-01;2.109875395169662148e-17;4.953889746217704969e-18
1.165499999999989633e+01;1.034348071014796295e-17;1.572434156848395714e-01;1.021587014806886883e-17;1.619750079178373300e-18
1.172159999999989566e+01;1.515170907567950295e-17;2.312228036038499912e+00;-1.023262327552455791e-17;1.117442207969708390e-17
1.178819999999989321e+01;4.432244678434233756e-17;2.470809251075777979e+00;-3.471932134422115117e-17;2.755082601933321145e-17
1.185479999999989431e+01;6.936925919647899369e-17;2.290668488239846479e+00;-4.573435878370632278e-17;5.215805353070136960e-17
1.192139999999989364e+01;8.364489728226456153e-17;2.053225377076887792e+00;-3.880557513146124556e-17;7.409855720644705796e-17
1.198799999999989119e+01;8.123153698945983217e-17;1.863465279409560749e+00;-2.343600603776608500e-17;7.777735031914993720e-17
1.205459999999989229e+01;6.998152283806125249e-17;1.630786114998639347e+00;-4.195659137591957300e-18;6.985563673129914936e-17
1.212119999999989162e+01;5.108513000343662652e-17;1.443586197471834698e+00;6.481033140047383711e-18;5.067234666862813432e-17
1.218779999999989094e+01;3.463211280100551085e-17;1.224125938126170432e+00;1.176688946742971113e-17;3.257182140014373924e-17
1.225439999999989027e+01;1.975336759395516235e-17;1.076508384721992284e+00;9.371095211698336869e-18;1.738902256698755769e-17
1.232099999999988960e+01;9.712894964631678118e-18;1.119450242719243649e+00;4.236543496478051234e-18;8.740253302760563975e-18
1.238759999999988892e+01;2.028169278094445007e-18;3.096425525908028664e-01;1.931714722028065830e-18;6.180201075257784830e-19
1.245419999999988825e+01;2.016825734120695353e-18;2.184079600226280338e+00;-1.160795135960824274e-18;1.649284903872334194e-18
1.252079999999988758e+01;8.707652974309004081e-19;2.674235159988075150e+00;-7.773861065290164564e-19;3.923047853207773125e-19
1.258739999999988690e+01;7.318688250369948959e-18;2.304118686364814206e+00;-4.898703142190048144e-18;5.437453929073836365e-18
1.265399999999988623e+01;9.904317463247507059e-18;2.138613190645094253e+00;-5.326470420337507686e-18;8.350102830148807009e-18
1.272059999999988555e+01;1.433199291594459567e-17;1.845301463772945016e+00;-3.884982421749751209e-18;1.379539533777055577e-17
1.278719999999988488e+01;1.363807489739217463e-17;1.854941360126590943e+00;-3.823255228344440216e-18;1.309121103511113360e-17
1.285379999999988421e+01;1.782323572829062639e-17;1.443051409845601984e+00;2.270640316186034374e-18;1.767800679886525270e-17
1.292039999999988531e+01;1.853514683821067986e-17;1.042573933508875728e+00;9.341691980357443005e-18;1.600888688379541434e-17
1.298699999999988464e+01;1.683082626372698067e-17;7.515348419511920230e-01;1.229730519153209276e-17;1.149143149246775692e-17
1.305359999999988219e+01;1.604768092738467244e-17;3.714812908110544654e-01;1.495307928815164829e-17;5.825245312379214098e-18
1.312019999999988329e+01;1.348226783749746819e-17;-7.652843093580751540e-04;1.348226388948466875e-17;-1.031776702348240333e-20
1.318679999999988262e+01;1.251046798386307828e-17;-2.005747765546984640e-01;1.225966094261662006e-17;-2.492493279297599770e-18
1.325339999999988017e+01;1.144582746001165545e-17;-4.600276600819702688e-01;1.025592172721385525e-17;-5.081637115105687217e-18
1.331999999999988127e+01;7.419159593648400846e-18;-7.664303877412153021e-01;5.344695972169308685e-18;-5.145692765906478404e-18
1.338659999999988059e+01;4.098876813625466141e-18;-8.872898917250503503e-01;2.588504900942500399e-18;-3.178117919629967492e-18
1.345319999999987814e+01;1.758098835545483399e-18;1.694283270134059327e+00;-2.165509055492528751e-19;1.744711214170466106e-18
1.351979999999987925e+01;7.177994604151310289e-18;1.231477808313308442e+00;2.389156347105558189e-18;6.768717639723978740e-18
1.358639999999987857e+01;1.044341960014289049e-17;9.106392260000460981e-01;6.404332586231715411e-18;8.249214330442581229e-18
1.365299999999987790e+01;1.270465250786604560e-17;4.135371395130953420e-01;1.163371575259307167e-17;5.105374925849702339e-18
1.371959999999987723e+01;1.611125660577694937e-17;8.521510917334819413e-02;1.605279512572722660e-17;1.371261488053850112e-18
1.378619999999987655e+01;1.680186145103781897e-17;-5.141023773672894759e-01;1.462996012817474334e-17;-8.262373440355256053e-18
1.385279999999987588e+01;1.585200432506387602e-17;-7.989429949747917092e-01;1.105621136433217407e-17;-1.135985173270566446e-17
1.391939999999987521e+01;1.667144384262338862e-17;-1.226308407128748001e+00;5.630192100920550585e-18;-1.569197172774910166e-17
1.398599999999987453e+01;2.009623074824988378e-17;-1.480239312710026844e+00;1.817368362165600815e-18;-2.001388674203748241e-17
1.405259999999987386e+01;1.802803176246794758e-17;-1.625566547204067236e+00;-9.869056842671135221e-19;-1.800099848338737197e-17
1.411919999999987319e+01;1.195554413673041124e-17;-1.811680585357757556e+00;-2.852131912583090035e-18;-1.161035654743358985e-17
1.418579999999987251e+01;6.244681461473451798e-18;-1.948803113593745806e+00;-2.304716513943332770e-18;-5.803820151040786396e-18
1.425239999999987184e+01;6.952707531917189146e-18;-2.057968125839373386e+00;-3.254761206017748029e-18;-6.143831989579459616e-18
1.431899999999987116e+01;2.157340629193144378e-18;-2.493035084922495148e+00;-1.719305364126659106e-18;-1.303114597897195059e-18
1.438559999999987227e+01;2.924126867395788672e-18;7.924477506752397593e-01;2.053042460080578500e-18;2.082194657982820359e-18
1.445219999999986982e+01;2.686060452356940463e-18;2.355110498899163129e+00;-1.897271586174877125e-18;1.901389303117443303e-18
1.451879999999986914e+01;3.170851208137193755e-18;3.097434502361519293e+00;-3.167760221976136156e-18;1.399734268023790964e-19
1.458539999999987025e+01;5.585093762424865105e-18;2.644115276828735261e+00;-4.908119958263918246e-18;2.665263741239979256e-18
1.465199999999986957e+01;7.235126504862929478e-18;2.257240834408610120e+00;-4.585558100763550919e-18;5.596401740930670364e-18
1.471859999999986712e+01;9.904196389551157310e-18;1.968054362903047583e+00;-3.831848066241202149e-18;9.132910079489545888e-18
1.478519999999986823e+01;1.073004976855059641e-17;1.980708449440731433e+00;-4.276233131712549008e-18;9.841127894647878183e-18
1.485179999999986755e+01;1.365786491071374342e-17;1.602994981823039122e+00;-4.396888966651647732e-19;1.365078560352682183e-17
1.491839999999986510e+01;1.706825657497838557e-17;1.218047438273365479e+00;5.896719767626880040e-18;1.601730559399336686e-17
1.498499999999986620e+01;1.853300463253783035e-17;1.085990353483125004e+00;8.637060322325041746e-18;1.639736105896882336e-17
1.505159999999986553e+01;1.902242316178520364e-17;7.668379875459175876e-01;1.369820414462406648e-17;1.319893125060609986e-17
1.511819999999986486e+01;1.372239008378544882e-17;6.414007496360232263e-01;1.099518100834894009e-17;8.210358348160935893e-18
1.518479999999986418e+01;1.006745181145272350e-17;4.423085149745800693e-01;9.098620307922031849e-18;4.309140803941257328e-18
1.525139999999986351e+01;6.453495050150217845e-18;2.470894081741340231e-01;6.257492135035597443e-18;1.578413932490778365e-18
1.531799999999986284e+01;1.786577104575669700e-18;-3.460394861426369095e-01;1.680674876529340696e-18;-6.059618057246418680e-19
1.538459999999986216e+01;3.208819993552190388e-18;-1.307947763775614003e-01;3.181412019307162841e-18;-4.185012717163465497e-19
1.545119999999986149e+01;3.315660015279300392e-18;2.969045038189551455e+00;-3.266424312292118956e-18;5.692745813655172806e-19
1.551779999999986082e+01;5.667987217248172184e-18;2.406127197519983163e+00;-4.202917629838939292e-18;3.802836111598515653e-18
1.558439999999986014e+01;5.862177892737561443e-18;2.602541460069955015e+00;-5.030898268260070389e-18;3.009184650452480910e-18
1.565099999999985947e+01;2.347554702867741559e-17;3.008770948797061529e+00;-2.326877810795281586e-17;3.108902323731134624e-18
1.571759999999985880e+01;1.620827461857213075e-17;2.440601921759261383e+00;-1.238642124690551114e-17;1.045393393920477020e-17
1.578419999999985812e+01;2.070103887953673555e-17;1.950529983567261816e+00;-7.673318518081177333e-18;1.922636714546364938e-17
1.585079999999985922e+01;2.588287485590048662e-17;1.325221412511460306e+00;6.292490026555753312e-18;2.510632948226207781e-17
1.591739999999985677e+01;2.513571419954513964e-17;7.717216872981866871e-01;1.801504484506948048e-17;1.752889864056925166e-17
1.598399999999985610e+01;2.936995953559437841e-17;2.258260708535988759e-01;2.862424078004019954e-17;6.576272720069834585e-18
1.605059999999985720e+01;3.023280108176348778e-17;-2.123870277934461481e-01;2.955348604250682986e-17;-6.372889767196157196e-18
1.611719999999985475e+01;2.630225248171147858e-17;-6.869245790434199694e-01;2.033690120851650878e-17;-1.667989612817590306e-17
1.618379999999985586e+01;2.230815246066217112e-17;-1.255644396485489755e+00;6.914655514624717782e-18;-2.120946027889954721e-17
1.625039999999985341e+01;1.434559996895598314e-17;-1.645691560621319383e+00;-1.073412891832729478e-18;-1.430538441402247829e-17
1.631699999999985451e+01;8.579846379020947170e-18;-2.266100104266774995e+00;-5.496410268544949194e-18;-6.588113390602237200e-18
1.638359999999985206e+01;4.873289752192986998e-19;-1.503754870378708031e+00;3.264677595760144320e-20;-4.862342214487438700e-19
1.645019999999985316e+01;3.715759007546090005e-18;-5.151072238129446035e-01;3.233601768816821458e-18;-1.830487531469315057e-18
1.651679999999985426e+01;6.511838402414533308e-18;-6.979251840781945937e-01;4.989221939308144670e-18;-4.184698772849359970e-18
1.658339999999985181e+01;9.430311775292136179e-18;-1.262110862276032419e+00;2.864989985742410377e-18;-8.984576370692678975e-18
1.664999999999984936e+01;9.005903761532809080e-18;-1.880851508025849883e+00;-2.747801985947262567e-18;-8.576472865229334188e-18
1.671659999999985047e+01;1.145610333785681855e-17;-2.328849278759668184e+00;-7.876172426970411363e-18;-8.319147287329701861e-18
1.678319999999985157e+01;1.395864666797192321e-17;-2.574047764093362112e+00;-1.177025600690148327e-17;-7.503658463261985576e-18
1.684979999999984557e+01;1.304770676851963727e-17;-2.639742010333006483e+00;-1.143884381018711898e-17;-6.276583800397871930e-18
1.691639999999984667e+01;1.212026881244612100e-17;-2.690121532581013497e+00;-1.090589352338022789e-17;-5.287948802952546224e-18
1.698299999999984777e+01;1.433848919449775956e-17;-2.581702777490159306e+00;-1.214919692909113284e-17;-7.615069688380505600e-18
1.704959999999984888e+01;1.343150376048090213e-17;-2.721407120757476594e+00;-1.226314119147696337e-17;-5.479111368252483660e-18
1.711619999999984643e+01;1.298991491498484631e-17;-2.897402400856583515e+00;-1.260454851582864471e-17;-3.140580553125122329e-18
1.718279999999984753e+01;1.041365097895519358e-17;3.026615601717470572e+00;-1.034489398689010028e-17;1.194694568289116558e-18
1.724939999999984863e+01;6.391939194456006644e-18;3.026736952405456815e+00;-6.349824827841062212e-18;7.325375904048449068e-19
1.731599999999984263e+01;4.319920788923309864e-18;2.624551602916401549e+00;-3.755245028436692517e-18;2.135380621569207946e-18
1.738259999999984373e+01;1.562062571243113769e-18;1.732489980581044975e+00;-2.514764510669751263e-19;1.541687085966995794e-18
1.744919999999984483e+01;3.413592140948966638e-18;-1.330338633100996093e+00;8.129373310452484062e-19;-3.315379948141928676e-18
1.751579999999984238e+01;5.671133745291091172e-18;-1.470491065521416951e+00;5.678911604801753262e-19;-5.642628606139858409e-18
1.758239999999984349e+01;1.769633562917161983e-17;-7.954790388258864420e-01;1.238642124690551114e-17;-1.263870497299848633e-17
1.764899999999984459e+01;1.977860063277615972e-17;-1.834368101504155746e+00;-5.152931322451190629e-18;-1.909555816877199357e-17
1.771559999999983859e+01;1.898577766163438600e-17;-1.302610583921961940e+00;5.030898268260070389e-18;-1.830709742235052357e-17
1.778219999999983969e+01;2.657532178905794598e-17;-1.956906288886445466e+00;-1.000793708536306318e-17;-2.461887331880549160e-17
1.784879999999984079e+01;2.531018582262156578e-17;-2.180688462106125325e+00;-1.449714408171038799e-17;-2.074700749143748884e-17
1.791539999999983834e+01;3.018431731126482236e-17;-2.337691276374808336e+00;-2.094498041330966709e-17;-2.173478334451935247e-17
1.798199999999983945e+01;2.685846018845654711e-17;-2.744955605021099032e+00;-2.477331378873259703e-17;-1.037592442242601934e-17
1.804859999999984055e+01;2.602558979182981905e-17;3.046674534853370364e+00;-2.590843967090086794e-17;2.466592352190903616e-18
1.811519999999983455e+01;2.383352675848697929e-17;2.577288561609976991e+00;-2.013840050903843045e-17;1.274683579109244683e-17
1.818179999999983565e+01;2.126315251727004985e-17;2.136327595952078440e+00;-1.139416740782360492e-17;1.795256538924668548e-17
1.824839999999983675e+01;1.632770541008788909e-17;1.647417763335859986e+00;-1.249828481014499075e-18;1.627980014394090891e-17
1.831499999999983785e+01;6.991524404130741552e-18;1.085208447945580357e+00;3.263142722875854706e-18;6.183309232417384905e-18
1.838159999999983540e+01;1.222903057759289744e-18;1.672007328340202381e+00;-1.235600395760665120e-19;1.216644896959248876e-18
1.844819999999983651e+01;7.463798962530166279e-18;-3.136744885873563593e+00;-7.463711259885169109e-18;-3.618262193018728117e-20
1.851479999999983406e+01;1.318845865550839812e-17;2.737369527761232213e+00;-1.212557733364816219e-17;5.187081649036601640e-18
1.858139999999983161e+01;1.616246576680741137e-17;2.382482763384987656e+00;-1.172504364610155553e-17;1.112423710463935933e-17
1.864799999999983271e+01;1.751137451993421773e-17;1.938982459407212700e+00;-6.302759056856624418e-18;1.633779256352011627e-17
1.871459999999983381e+01;1.708331232196139056e-17;1.681706472430482435e+00;-1.890830550229743736e-18;1.697834855691200045e-17
1.878119999999983136e+01;1.712462047571389606e-17;1.378200485439695200e+00;3.277778790396155224e-18;1.680799787715564593e-17
1.884779999999983247e+01;1.976522512385590329e-17;7.755706767599633844e-01;1.411279778670511867e-17;1.383810185062516562e-17
1.891439999999983357e+01;1.854686392149017778e-17;6.798897717199958723e-01;1.442282081360590592e-17;1.166054891936439900e-17
1.898099999999982757e+01;9.145370126966971537e-18;3.368549506476211652e-01;8.631389667954098000e-18;3.022731737874717939e-18
1.904759999999982867e+01;1.500951532653102565e-17;-2.940882959874632080e-02;1.500302508508215030e-17;-4.413486532951700017e-19
1.911419999999982977e+01;1.226461972920422697e-17;-5.711273588836903725e-01;1.031812745839821710e-17;-6.630018314773674103e-18
1.918079999999982732e+01;1.118374076948603050e-17;-1.019244047843840262e+00;5.860391492255478571e-18;-9.525327771607842753e-18
1.924739999999982842e+01;7.165312830158510311e-18;-1.136953311970909208e+00;3.012017237945436432e-18;-6.501496759389618071e-18
1.931399999999982953e+01;9.598584996975471765e-19;-1.173456663460921368e+00;3.714332135436468346e-19;-8.850794920899850126e-19
1.938059999999982352e+01;1.678623706076321891e-18;-2.587566795651651930e+00;-1.427524016934913800e-18;-8.831493235435406112e-19
1.944719999999982463e+01;3.754754034177441922e-19;1.344093060134647022e+00;8.439424420269414063e-20;3.658679954808479361e-19
1.951379999999982573e+01;8.219884814253347627e-18;1.461465288661478290e+00;8.968992311416121484e-19;8.170806455226458656e-18
1.958039999999982328e+01;1.210750270216468371e-17;1.618298600435430501e+00;-5.749176358458749479e-19;1.209384518649542388e-17
1.964699999999982438e+01;1.571292883350101311e-17;1.512325580094364685e+00;9.182232650483347670e-19;1.568607658282310885e-17
1.971359999999982549e+01;1.993439871879799150e-17;1.302347552969538524e+00;5.287321967280636197e-18;1.922041827573808671e-17
1.978019999999981948e+01;2.030004337794721057e-17;1.158980315335558453e+00;8.125583048716208377e-18;1.860286701734316300e-17
1.984679999999982059e+01;2.303188151866755255e-17;1.007646746751200473e+00;1.229561731739555561e-17;1.947524996178746339e-17
1.991339999999982169e+01;2.463305320677219773e-17;7.057671604854148795e-01;1.874856613537805639e-17;1.597743966206805039e-17
1.997999999999982279e+01;2.471776282638200143e-17;5.610831128383849675e-01;2.092801762226927549e-17;1.315240957175750909e-17
2.004659999999982034e+01;3.077297265275583903e-17;3.580932315581578096e-01;2.882094536433299479e-17;1.078559011799499859e-17
2.011319999999982144e+01;3.440656349881614632e-17;1.353769848697880251e-01;3.409176141275229069e-17;4.643642489903997646e-18
2.017979999999981899e+01;3.130376567810168323e-17;-5.095480801943664401e-02;3.126313603952419222e-17;-1.594387218871385004e-18
2.024639999999981654e+01;2.317087594898482427e-17;-2.528037857363882313e-01;2.243438841766902020e-17;-5.795490364792398322e-18
2.031299999999981765e+01;1.226572978929580856e-17;-5.324053708074640845e-01;1.056801271831261979e-17;-6.226173339186866360e-18
2.037959999999981875e+01;2.135623196358904276e-18;2.995692576123536455e+00;-2.112933162403899474e-18;3.104833136258386665e-19
2.044619999999981630e+01;8.710765475154450416e-18;2.175253259663870065e+00;-4.950461455881052870e-18;7.167312364964902268e-18
2.051279999999981740e+01;1.435216276854198979e-17;1.955955894073675649e+00;-5.392208285229195967e-18;1.330070170868546616e-17
2.057939999999981850e+01;1.580005857980851759e-17;1.581817330447727876e+00;-1.741289782489387496e-19;1.579909903204340042e-17
2.064599999999981250e+01;1.822153009632089843e-17;8.881814002319823320e-01;1.149458155296811887e-17;1.413855558298984566e-17
2.071259999999981360e+01;1.507762768917179275e-17;6.669303432142944521e-01;1.184685671038535635e-17;9.326673727373409205e-18
2.077919999999981471e+01;2.043617714138858118e-17;3.206972586837032735e-03;2.043607205177725223e-17;6.553814753230603432e-20
2.084579999999981226e+01;1.975378238442608464e-17;-4.606651280118293501e-01;1.769458918355289709e-17;-8.781425403461284739e-18
2.091239999999981336e+01;1.393832402716122038e-17;-7.749135385599935644e-01;9.958675074401051787e-18;-9.752008380259060389e-18
2.097899999999981446e+01;1.311114810805894407e-17;-1.169496979075635101e+00;5.121408387772956817e-18;-1.206952280900559976e-17
2.104559999999980846e+01;1.527278918799366582e-17;-1.750311278032087969e+00;-2.726992251175538469e-18;-1.502736180581690919e-17
2.111219999999980956e+01;1.089212386394861540e-17;-1.783565983459878268e+00;-2.300066995618603481e-18;-1.064650431283737887e-17
2.117879999999981067e+01;8.770151656939443925e-18;-2.293786150242715927e+00;-5.802590949478014233e-18;-6.576130956630463804e-18
2.124539999999981177e+01;5.564653839056673093e-18;-2.809895283773666819e+00;-5.261329901096868180e-18;-1.812120310672607154e-18
2.131199999999980932e+01;1.625370279105295537e-18;2.524186269674204119e+00;-1.325298806181933557e-18;9.409631334603750267e-19
2.137859999999981042e+01;1.534322304989593112e-18;-2.768477087474142451e+00;-1.428755078056644370e-18;-5.592887112359145558e-19
2.144519999999980797e+01;2.379745426794677000e-18;-1.962585912501239871e-02;2.379287133060533402e-18;-4.670155032508274238e-20
2.151179999999980552e+01;4.493640845753004657e-18;-3.254813083727331469e-01;4.257710908854270784e-18;-1.436908440800290942e-18
2.157839999999980662e+01;6.532939773456804020e-18;-8.555278723477727221e-01;4.284433223419781354e-18;-4.931828670753944355e-18
2.164499999999980773e+01;7.667511747759718494e-18;-1.375308418607751770e+00;1.489377146459044379e-18;-7.521468747368348312e-18
2.171159999999980528e+01;8.298097053349618870e-18;-1.512523431469043445e+00;4.832805175448827789e-19;-8.284011989861626188e-18
2.177819999999980638e+01;9.119346831742896731e-18;-2.209230325374878401e+00;-5.434571025585014667e-18;-7.323108930330822587e-18
2.184479999999980393e+01;1.034179597551275482e-17;-2.488460502377228156e+00;-8.213292632316419875e-18;-6.284470394159609046e-18
2.191139999999980148e+01;9.588382968057226568e-18;-2.475912729133060708e+00;-7.541234915487213696e-18;-5.921728116991394908e-18
2.197799999999980258e+01;1.494249075946491330e-17;-2.647250903467269989e+00;-1.315359382669716967e-17;-7.089499244584794873e-18
2.204459999999980369e+01;1.742206213996061005e-17;-2.743211779213569290e+00;-1.605774574367836538e-17;-6.758479920812688289e-18
2.211119999999980124e+01;2.161554820051380036e-17;-2.894581735736345252e+00;-2.095946449890421333e-17;-5.285146348769293289e-18
2.217779999999980234e+01;2.580894072253938479e-17;-2.978650403954794523e+00;-2.546708212634120637e-17;-4.186782677634932896e-18
2.224439999999980344e+01;2.240545978609271825e-17;3.064989833623696036e+00;-2.233975439572372195e-17;1.714643334621110828e-18
2.231099999999979744e+01;1.302252399127784584e-17;2.866165186448441649e+00;-1.253169246025168938e-17;3.541583711431656973e-18
2.237759999999979854e+01;1.546617227108747944e-18;-7.281013865308205713e-01;1.154455704332523777e-18;-1.029202056898279198e-18
2.244419999999979964e+01;1.790822211232913988e-17;-5.990576969780089245e-01;1.478981527146287177e-17;-1.009781082515007076e-17
2.251079999999979719e+01;2.324700173826390363e-17;-8.406265174212081970e-01;1.550566096037352110e-17;-1.732043786977666509e-17
2.257739999999979830e+01;1.817987733808569296e-17;-1.067734182823885547e+00;8.764711041199853982e-18;-1.592757923829327914e-17
2.264399999999979940e+01;1.111027889115125703e-17;-1.276173181640102294e+00;3.226194495739658660e-18;-1.063155520678044378e-17
2.271059999999979340e+01;4.304289612969627129e-18;3.635129676020906753e-01;4.023019452223993401e-18;1.530432474611534899e-18
2.277719999999979450e+01;1.020777007455762741e-17;8.366057714656043309e-01;6.839067788489988835e-18;7.577976093883701635e-18
2.284379999999979560e+01;1.706501477485194869e-17;9.215934226559769904e-01;1.031668298354536048e-17;1.359340948706176866e-17
2.291039999999979671e+01;1.996568568701598064e-17;8.410713127710113257e-01;1.331041780457084736e-17;1.488157864006631968e-17
2.297699999999979426e+01;1.875571764992103616e-17;6.907872325884755194e-01;1.445586947167873074e-17;1.195009549674588786e-17
2.304359999999979536e+01;1.237981109104371147e-17;5.790042229722722755e-01;1.036200023789980538e-17;6.774117929272655345e-18
2.311019999999979291e+01;6.739920158788408874e-18;6.037651907488300607e-01;5.548327772309953896e-18;3.826562775893847883e-18
2.317679999999979046e+01;2.362585002690933251e-18;1.022891407355745352e+00;1.230670470141310906e-18;2.016744428246246733e-18
2.324339999999979156e+01;3.860833349655047719e-18;1.533070025187323271e+00;1.456204147146912182e-19;3.858086163971320633e-18
2.330999999999979266e+01;1.625322372904888846e-18;1.624761437369443895e+00;-8.766813543610483538e-20;1.622956288349854233e-18
2.337659999999979021e+01;1.579552485004388339e-18;-1.827794468854862409e+00;-4.014881747293557347e-19;-1.527675783154275649e-18
2.344319999999979132e+01;4.315250173910179960e-18;-1.971696639118618144e+00;-1.684015276955844288e-18;-3.973094085270467314e-18
2.350979999999978887e+01;7.458718944911499710e-18;-2.145528208430544481e+00;-4.054632477244740487e-18;-6.260386870925300268e-18
2.357639999999978642e+01;9.453715717945514209e-18;-2.753035690257708445e+00;-8.749004763742482948e-18;-3.581571794581453118e-18
2.364299999999978752e+01;9.773228552438387441e-18;-3.101767275672795865e+00;-9.765479109789085169e-18;-3.891196403034968413e-19
2.370959999999978862e+01;1.064785332759289817e-17;2.764429170696584670e+00;-9.899447878891842391e-18;3.921442614527845269e-18
2.377619999999978617e+01;1.063262304179323397e-17;2.674441499723541948e+00;-9.493389283360137404e-18;4.788343415363533062e-18
2.384279999999978727e+01;1.578741573502608812e-17;2.284896293498819286e+00;-1.033977125895832912e-17;1.193028188698693614e-17
2.390939999999978838e+01;1.152013073693190363e-17;2.278535326963754049e+00;-7.489438021624468842e-18;8.753383935156105134e-18
2.397599999999978237e+01;1.539242807079662397e-17;2.876431294665214633e+00;-1.485446620256828410e-17;4.033816524261416078e-18
2.404259999999978348e+01;6.249662397776302158e-18;2.554004749439865218e+00;-5.201470624224163302e-18;3.464532209622553606e-18
2.410919999999978458e+01;7.377888978255957247e-18;1.452593698364691654e+00;8.700565105661729751e-19;7.326407540117609129e-18
2.417579999999978568e+01;7.959158031351135506e-18;7.908292809292386538e-01;5.597325571078527043e-18;5.658457653757930901e-18
2.424239999999978323e+01;9.414352512467540078e-19;-2.616982270928895016e+00;-8.148302452328960757e-19;-4.715421547897253774e-19
2.430899999999978434e+01;2.251691150807785991e-18;7.198126672186844210e-02;2.245860322281553542e-18;1.619396536599001403e-19
2.437559999999978189e+01;3.794204406642379740e-18;-2.264769492855097432e+00;-2.426759625254326686e-18;-2.916646156224634538e-18
2.444219999999977944e+01;3.712243456843827021e-18;-8.768921127763306123e-01;2.374140923592815856e-18;-2.853805592152636494e-18
2.450879999999978054e+01;4.980594452393719527e-18;-1.536410291525611260e+00;1.712291483056454793e-19;-4.977650216516384537e-18
2.457539999999978164e+01;6.928254378425737949e-18;-1.897294428892258189e+00;-2.222085894652885247e-18;-6.562243748060573377e-18
2.464199999999977919e+01;1.121086995377429805e-17;-2.005586454358178727e+00;-4.722243371326701940e-18;-1.016779340183504723e-17
2.470859999999978029e+01;1.843042714827631806e-17;-2.168484208940122393e+00;-1.037140389540687056e-17;-1.523530853334647302e-17
2.477519999999977784e+01;2.545180123460537500e-17;-2.388612882930012837e+00;-1.857102121127562556e-17;-1.740434880299203906e-17
2.484179999999977539e+01;3.285021386498890623e-17;-2.508219784561238619e+00;-2.647844866963084761e-17;-1.944295005973203336e-17
2.490839999999977650e+01;3.413162542400989195e-17;-2.689558774670023578e+00;-3.070346453439990639e-17;-1.490855860469971822e-17
2.497499999999977760e+01;3.246252185039646715e-17;-2.931709822123292675e+00;-3.175014261683223246e-17;-6.763413982470813370e-18
2.504159999999977515e+01;2.561851277512365060e-17;3.100186080516247777e+00;-2.559655438762957099e-17;1.060471730078152519e-18
2.510819999999977625e+01;2.105954576462490024e-17;2.891113175232286281e+00;-2.040235495616009420e-17;5.219998089576294561e-18
2.517479999999977380e+01;1.140592595327051766e-17;2.414480390467864890e+00;-8.521333480447688883e-18;7.581689954521434402e-18
2.524139999999977135e+01;5.884351387896058215e-18;2.077874614396263198e+00;-2.857589663407358689e-18;5.143906353329314355e-18
2.530799999999977246e+01;1.204171465867568243e-18;9.398966254719122171e-01;7.103064322208431780e-19;9.723649991414461098e-19
2.537459999999977356e+01;2.064644539111638955e-18;-1.992340543765542593e+00;-8.447905518974021598e-19;-1.883901801132000544e-18
2.544119999999977111e+01;5.580681499446183889e-18;-2.596773613402400649e+00;-4.772716512774833212e-18;-2.892262624131380132e-18
2.550779999999977221e+01;1.013128454193932783e-17;-2.360636520508921699e+00;-7.195651480469795354e-18;-7.132007167786050633e-18
2.557439999999976976e+01;9.504032719139528967e-18;-2.954658613568005077e+00;-9.338459662992178974e-18;-1.766298120120922209e-18
2.564099999999976731e+01;1.087919053184109689e-17;2.876119460993226795e+00;-1.049807572606990628e-17;2.854328761338253229e-18
2.570759999999976841e+01;1.270553101113415172e-17;2.490325715561145348e+00;-1.010491751640079338e-17;7.702023127829990732e-18
2.577419999999976952e+01;1.907411638488335668e-17;1.839868504695339357e+00;-5.070608053234393618e-18;1.838779078178099760e-17
2.584079999999977062e+01;2.398861732632646496e-17;1.742182326803027204e+00;-4.091215664425790970e-18;2.363716809637075135e-17
2.590739999999976817e+01;2.367262241338720535e-17;1.308363797363805592e+00;6.141401713980699500e-18;2.286211357058478686e-17
2.597399999999976927e+01;1.822076994509254171e-17;1.291232119556387170e+00;5.027780976452828966e-18;1.751336277945519765e-17
2.604059999999976682e+01;2.120426978621762513e-17;8.327941602196022863e-01;1.426647083155125281e-17;1.568721986775218725e-17
2.610719999999976437e+01;2.325919494630144737e-17;4.443349392041988644e-01;2.100065144137508776e-17;9.998139256277901916e-18
2.617379999999976548e+01;1.486647834259433027e-17;1.926343493392940476e-01;1.459149767059650346e-17;2.846115605488145366e-18
2.624039999999976658e+01;7.395782529596149521e-18;4.936969228409277682e-02;7.386771243786956576e-18;3.649792008343947887e-19
2.630699999999976413e+01;3.304317116426645172e-18;4.597630332163187838e-01;2.961189138973101494e-18;1.466243666358985050e-18
2.637359999999976523e+01;4.894848283448185678e-18;-3.006317617061144087e+00;-4.850130302832188396e-18;-6.601331407561612029e-19
2.644019999999976278e+01;1.417395087290347594e-17;2.646902191278536431e+00;-1.247471680591634940e-17;6.729214215617558267e-18
2.650679999999976033e+01;2.838575562672065112e-17;2.331653847827086956e+00;-1.957319210530108024e-17;2.055824100716990953e-17
2.657339999999976143e+01;4.723722581074773875e-17;1.944796899941807933e+00;-1.725776012487725005e-17;4.397186848165278416e-17
2.663999999999976254e+01;6.794515071923348805e-17;1.529914935700441792e+00;2.776918623484718562e-18;6.788838066427787792e-17
2.670659999999976009e+01;8.665134725004450842e-17;1.082652711003700974e+00;4.063836660543460914e-17;7.653090316917795430e-17
2.677319999999976119e+01;1.036216316716925834e-16;6.288837356003070811e-01;8.379722253417593987e-17;6.095463924806478598e-17
2.683979999999975874e+01;1.128259241441462364e-16;1.473736946268795478e-01;1.116029066560960768e-16;1.656744955904043309e-17
2.690639999999975629e+01;1.133104626341136772e-16;-3.381587102193750471e-01;1.068933640558060796e-16;-3.759081886830587518e-17
2.697299999999975739e+01;1.011380540040745410e-16;-8.356632953442660883e-01;6.783186035423808332e-17;-7.501829569254584073e-17
2.703959999999975850e+01;8.305767811247864422e-17;-1.308186953502640693e+00;2.156188503538996001e-17;-8.021011786025962788e-17
2.710619999999975960e+01;6.349246994488648801e-17;-1.830632085629408712e+00;-1.631260140496073656e-17;-6.136116667001359358e-17
2.717279999999975715e+01;4.059482506658789461e-17;-2.245010034433494894e+00;-2.534266971974964996e-17;-3.171259865830230504e-17
2.723939999999975470e+01;2.166506774129390489e-17;-2.715406225168861543e+00;-1.972710366049310502e-17;-8.956368762116334015e-18
2.730599999999975580e+01;5.595608336698441147e-18;-2.358435266955199783e+00;-3.965548723727300990e-18;-3.947816608895842643e-18
2.737259999999975335e+01;1.889487464218153126e-18;-7.897097871965153004e-02;1.883598711129758631e-18;-1.490596285647387464e-19
2.743919999999975445e+01;6.911867621500077612e-18;-3.339923043990521978e-01;6.529925622459446706e-18;-2.265829954407158347e-18
2.750579999999975556e+01;8.834556966332288786e-18;-2.342624327466379386e-01;8.593248235467559514e-18;-2.050727079599829479e-18
2.757239999999975311e+01;1.032969324252129088e-17;-2.133382377126853691e-01;1.009551473569049618e-17;-2.187040170194878040e-18
2.763899999999975421e+01;1.229182079316119152e-17;-4.786053230412713466e-01;1.091068836452039361e-17;-5.660895496607328357e-18
2.770559999999975176e+01;1.350792453359607290e-17;-5.850057298543902551e-01;1.126167719935306054e-17;-7.459132111908067268e-18
2.777219999999974931e+01;1.528077183800602740e-17;-1.126746204824861763e+00;6.564624413310082259e-18;-1.379882945315911380e-17
2.783879999999975041e+01;1.772243558027256072e-17;-1.238173550402888123e+00;5.786785819851833877e-18;-1.675105467640985968e-17
2.790539999999975151e+01;2.240274465432328353e-17;-1.507172945066538094e+00;1.424376956735041487e-18;-2.235741752376451574e-17
2.797199999999974906e+01;2.098435837615139866e-17;-1.751680827769676263e+00;-3.775080070059611926e-18;-2.064199764856575412e-17
2.803859999999975017e+01;1.997380074437614282e-17;-1.953591495776513032e+00;-7.460510022941287136e-18;-1.852818141031746238e-17
2.810519999999974772e+01;1.693988050850725914e-17;-2.136457867635284558e+00;-9.079342777187783941e-18;-1.430122674377383929e-17
2.817179999999974527e+01;1.146423769430653784e-17;-2.352813051248890730e+00;-8.078982489382417540e-18;-8.133805250177259458e-18
2.823839999999974637e+01;9.354747437737005948e-18;-2.586798583488139958e+00;-7.951618912623276385e-18;-4.927784115833292540e-18
2.830499999999974747e+01;2.813803136018147971e-18;3.139747567681747231e+00;-2.813798346445397884e-18;5.191705568558165894e-21
2.837159999999974502e+01;2.976512124034696531e-18;-4.069204888225120276e-01;2.733462032336297707e-18;-1.178053369886720470e-18
2.843819999999974613e+01;1.475301740652965699e-17;-6.090623813921243190e-01;1.210020046380773526e-17;-8.440181949047908906e-18
2.850479999999974368e+01;2.630352960265782432e-17;-8.432468820014200617e-01;1.749293992569292894e-17;-1.964364330550712223e-17
2.857139999999974123e+01;4.086691710886289923e-17;-1.172718585881850295e+00;1.584194215116806861e-17;-3.767144519210426052e-17
2.863799999999974233e+01;6.105021212300156122e-17;-1.460696623789487836e+00;6.708038620355825505e-18;-6.068056211120082281e-17
2.870459999999974343e+01;7.731544793054022612e-17;-1.842574436675586735e+00;-2.075492258695028218e-17;-7.447759177839855285e-17
2.877119999999974453e+01;9.264788300395867243e-17;-2.248219405164346707e+00;-5.807050666636796687e-17;-7.219034894379253823e-17
2.883779999999974208e+01;1.044434613335867106e-16;-2.694805002875972466e+00;-9.419126142725523630e-17;-4.512696406897857935e-17
2.890439999999973963e+01;1.093748114649317474e-16;3.107943940843893582e+00;-1.093128982645801770e-16;3.679627153246036869e-18
2.897099999999974074e+01;1.048466374469168538e-16;2.642572855810494392e+00;-9.206080748354606359e-17;5.017594153977278165e-17
2.903759999999973829e+01;8.926637396554849540e-17;2.166906870503559013e+00;-5.011665106636418868e-17;7.387020242864812850e-17
2.910419999999973939e+01;6.806143500182376362e-17;1.641498912230912266e+00;-4.808111243383491704e-18;6.789139121257371534e-17
2.917079999999974049e+01;4.244722434260725616e-17;1.215286042783259024e+00;1.477455384482708412e-17;3.979295682753337584e-17
2.923739999999973804e+01;2.116666081036131024e-17;8.726729538672315378e-01;1.360553227376001648e-17;1.621471619882876307e-17
2.930399999999973915e+01;4.966654431324862433e-18;1.637979269911828475e-02;4.965988175467305749e-18;8.134913224978139800e-20
2.937059999999973670e+01;9.996485446168047928e-18;-3.018455740588864344e+00;-9.920794307229623562e-18;-1.227827996540997592e-18
2.943719999999973425e+01;1.740475040907582303e-17;2.819028395824737743e+00;-1.650711204028358665e-17;5.517299057668501285e-18
2.950379999999973535e+01;2.335350765670387232e-17;2.469665744624819137e+00;-1.827700688881241307e-17;1.453744609819860731e-17
2.957039999999973645e+01;2.485510521366106433e-17;2.252510920947109252e+00;-1.566183114450299790e-17;1.929982643401845026e-17
2.963699999999973400e+01;2.576070279717329375e-17;1.961570883493506168e+00;-9.812372655201935683e-18;2.381871431206431485e-17
2.970359999999973510e+01;2.470245895719950657e-17;1.666169845590772081e+00;-2.352390379266637576e-18;2.459019597391732717e-17
2.977019999999973265e+01;2.116522780491636586e-17;1.389950747645301243e+00;3.806808076541346678e-18;2.082006436835353499e-17
2.983679999999973020e+01;1.922036350343243386e-17;1.124743256176637063e+00;8.291821542393872263e-18;1.733978283350660554e-17
2.990339999999973131e+01;1.457815296762547644e-17;7.894643665585290293e-01;1.026631003131420375e-17;1.035014117239107567e-17
2.996999999999973241e+01;8.611488930776709801e-18;7.790206138104980305e-01;6.127952566134500791e-18;6.050284204241597476e-18
3.003659999999973351e+01;4.826239163149911325e-18;7.263779460148938050e-01;3.608023748094025716e-18;3.205424947352767128e-18
3.010319999999973106e+01;1.696684779983464517e-18;1.620604726122106154e+00;-8.447421459066796747e-20;1.694580582237630699e-18
3.016979999999972861e+01;3.074316374017411518e-18;2.177828355150082995e+00;-1.753689201661375148e-18;2.525073335871228612e-18
3.023639999999972972e+01;2.341501527187891438e-18;7.287947147557523042e-01;1.746707757596326638e-18;1.559372120879439075e-18
3.030299999999972727e+01;6.259835809434021551e-19;9.833132722678645798e-01;3.469625613154468134e-19;5.210301571465415001e-19
3.036959999999972837e+01;4.554739699510704357e-19;-2.495821240989678724e+00;-3.637577988654742724e-19;-2.741109283985842364e-19
3.043619999999972947e+01;2.244612660217243521e-18;-2.359621124667210967e+00;-1.592610192904509018e-18;-1.581732837069583354e-18
3.050279999999972702e+01;4.298257168408904811e-18;-2.995916135977414463e+00;-4.252729718016769574e-18;-6.239428109014009203e-19
3.056939999999972457e+01;5.032583469391243215e-18;-3.104878485807276878e+00;-5.029192064955189266e-18;-1.847256078126710973e-19
3.063599999999972567e+01;7.474046482368757015e-18;-2.286533441055708327e+00;-4.904273694964596905e-18;-5.639988505793879307e-18
3.070259999999972322e+01;6.567140448299388018e-18;-2.723697882412150051e+00;-6.002007444901304715e-18;-2.665190480817308172e-18
3.076919999999972433e+01;8.814704638460665691e-18;-2.795408400946520544e+00;-8.291765961088504172e-18;-2.990925460427590296e-18
3.083579999999972543e+01;5.963066708423177597e-18;-3.078419347795801730e+00;-5.951171763365311984e-18;-3.764561223147148523e-19
3.090239999999972298e+01;2.061745578637062492e-18;-1.723273171461643827e+00;-3.131517403377504552e-19;-2.037825021573960800e-18
3.096899999999972408e+01;8.144831837662780818e-18;-1.462447594055756195e+00;8.807565788771207133e-19;-8.097070674791589679e-18
3.103559999999972163e+01;1.494551600869175210e-17;-6.467170467181346805e-01;1.192751271752679990e-17;-9.005714249258519418e-18
3.110219999999971918e+01;1.905731917132054917e-17;-7.966831946606933723e-01;1.332263267330509475e-17;-1.362677044092859197e-17
3.116879999999972028e+01;1.369417998535109300e-17;-1.119692436040039540e+00;5.970104629166332442e-18;-1.232430185397928472e-17
3.123539999999972139e+01;6.453999547423918636e-18;-1.102849647109508391e+00;2.911106550046102504e-18;-5.760170901321142732e-18
3.130199999999971894e+01;1.489698249736084373e-18;-1.151166570479143392e+00;6.069363761573853675e-19;-1.360451803837127370e-18
3.136859999999972004e+01;5.897787199947428056e-18;1.149772196411645409e+00;2.410398269869773384e-18;5.382738525738783697e-18
3.143519999999971759e+01;9.260487855738117977e-18;1.072731583818571810e+00;4.423978544609852514e-18;8.135419421462231219e-18
3.150179999999971514e+01;1.386249353898146235e-17;8.053087985607130239e-01;9.605163886483580746e-18;9.995476668578363267e-18
3.156839999999971624e+01;1.781540875436086925e-17;4.217439796886116032e-01;1.625435896990268420e-17;7.292777493006496569e-18
3.163499999999971735e+01;1.951218939858483531e-17;7.546270589511799853e-02;1.945665850655587024e-17;1.471045507628332374e-18
3.170159999999971845e+01;2.084120781822938103e-17;-2.806777758061881345e-01;2.002564780667626194e-17;-5.773159728050814516e-18
3.176819999999971600e+01;1.984211449970023593e-17;-5.870811906515180922e-01;1.651977166172713342e-17;-1.099120794378905027e-17
3.183479999999971355e+01;1.722700283330040582e-17;-9.421184957212456190e-01;1.013078509970455318e-17;-1.393329895904571463e-17
3.190139999999971465e+01;1.678310599890489605e-17;-1.261597414467822142e+00;5.107025913275720000e-18;-1.598721155460225606e-17
3.196799999999971220e+01;1.432144669219779164e-17;-1.446441332248135092e+00;1.776356839400250502e-18;-1.421085471520200401e-17
3.203459999999971330e+01;1.080515682314281415e-17;-1.405647649380269870e+00;1.776356839400250502e-18;-1.065814103640150301e-17
3.210119999999971441e+01;7.105427357601002007e-18;-1.570796326794896558e+00;0.000000000000000000e+00;-7.105427357601002007e-18
3.216779999999971551e+01;7.105427357601002007e-18;-1.570796326794896558e+00;0.000000000000000000e+00;-7.105427357601002007e-18
3.223439999999970951e+01;7.944109290391274248e-18;-2.677945044588986967e+00;-7.105427357601002007e-18;-3.552713678800501003e-18
3.230099999999971061e+01;1.332267629550187876e-18;-1.570796326794896558e+00;0.000000000000000000e+00;-1.332267629550187876e-18
3.236759999999971171e+01;0.000000000000000000e+00;0.000000000000000000e+00;0.000000000000000000e+00;0.000000000000000000e+00
3.243419999999971282e+01;7.105427357601002007e-18;0.000000000000000000e+00;7.105427357601002007e-18;0.000000000000000000e+00
3.250079999999970681e+01;3.552713678800501003e-18;-1.570796326794896558e+00;0.000000000000000000e+00;-3.552713678800501003e-18
3.256739999999970792e+01;3.552713678800501003e-18;0.000000000000000000e+00;3.552713678800501003e-18;0.000000000000000000e+00
3.263399999999970902e+01;1.065814103640150301e-17;0.000000000000000000e+00;1.065814103640150301e-17;0.000000000000000000e+00
3.270059999999970302e+01;1.226733645183631863e-17;3.704226852855753704e-01;1.143529715363911328e-17;4.440892098500626254e-18
3.276719999999970412e+01;1.355774639198077504e-17;2.482060600641964043e-01;1.314226505400029143e-17;3.330669073875469498e-18
3.283379999999970522e+01;1.285485483921745918e-17;-8.430673252620662916e-02;1.280919814661274418e-17;-1.082467449009527625e-18
3.290039999999970632e+01;8.119264958937863713e-18;-1.367436129692129257e-02;8.118505867571456709e-18;-1.110223024625156564e-19
3.296699999999970743e+01;3.077812075600404176e-18;2.386488250111120202e+00;-2.241262730962034831e-18;2.109423746787797374e-18
3.303359999999970853e+01;1.147872016326768028e-17;2.385051134655206351e+00;-8.347489366400396219e-18;7.879114027886657502e-18
3.310019999999970253e+01;1.737621417641158463e-17;2.184303037928117419e+00;-1.000415028595824712e-17;1.420738526825004924e-17
3.316679999999970363e+01;1.626772148327699277e-17;1.920728922148853268e+00;-5.577135975265434562e-18;1.528182962118318685e-17
3.323339999999970473e+01;1.050359961990936242e-17;1.461306929226845464e+00;1.147736419793155026e-18;1.044070429070953533e-17
