Частота;Амплитуда;Фаза;Действительная часть;Мнимая часть
-3.329999999999969873e+01;2.220446049250313127e-19;-0.000000000000000000e+00;2.220446049250313127e-19;-0.000000000000000000e+00
-3.323339999999970473e+01;7.078937767107604097e-18;1.327704706197176954e+00;1.703932134278218886e-18;6.870806007475138687e-18
-3.316679999999970363e+01;1.213221130337261125e-17;1.213577839632095534e+00;4.242266260501281762e-18;1.136634189546903412e-17
-3.310019999999970253e+01;1.323063166730391528e-17;1.008833670786820180e+00;7.049916206369744130e-18;1.119590531395431253e-17
-3.303359999999970853e+01;1.300315253845910571e-17;7.629448700661205507e-01;9.398731792842341096e-18;8.985867605559860256e-18
-3.296699999999970743e+01;7.604743604922767113e-18;5.837004663543433614e-01;6.345618475123160210e-18;4.191091917959965811e-18
-3.290039999999970632e+01;3.759228625188018606e-18;9.638507768777541118e-01;2.144118216307333547e-18;3.087807787238716674e-18
-3.283379999999970522e+01;5.092326783481330555e-18;2.681296646908130743e+00;-4.562322741819002473e-18;2.262079412673756534e-18
-3.276719999999970412e+01;9.439369912156021064e-18;2.643216695478553202e+00;-8.291165063539773413e-18;4.512015761015675216e-18
-3.270059999999970302e+01;1.288074035547320861e-17;2.386672854133390587e+00;-9.381384558082573395e-18;8.826273045769994632e-18
-3.263399999999970902e+01;1.458224691739221114e-17;2.176220609998377409e+00;-8.298917109073044807e-18;1.199040866595169050e-17
-3.256739999999970792e+01;1.472375079645296569e-17;1.973707917648412469e+00;-5.773159728050814516e-18;1.354472090042690950e-17
-3.250079999999970681e+01;1.290917759688581796e-17;1.639652816095941157e+00;-8.881784197001252508e-19;1.287858708565181652e-17
-3.243419999999971282e+01;1.012679207245470783e-17;1.304544277643971295e+00;2.664535259100375752e-18;9.769962616701376989e-18
-3.236759999999971171e+01;5.617333549722721732e-18;1.249045772398254428e+00;1.776356839400250502e-18;5.329070518200751505e-18
-3.230099999999971061e+01;4.189529226675415949e-18;5.585993153435624414e-01;3.552713678800501003e-18;2.220446049250313127e-18
-3.223439999999970951e+01;3.568292035180541450e-18;3.048115872431203854e+00;-3.552713678800501003e-18;3.330669073875469691e-19
-3.216779999999971551e+01;4.440892098500626254e-19;1.570796326794896558e+00;0.000000000000000000e+00;4.440892098500626254e-19
-3.210119999999971441e+01;7.944109290391274248e-18;2.677945044588986967e+00;-7.105427357601002007e-18;3.552713678800501003e-18
-3.203459999999971330e+01;7.944109290391274248e-18;2.034443935795702707e+00;-3.552713678800501003e-18;7.105427357601002007e-18
-3.196799999999971220e+01;1.123466709944544346e-17;1.892546881191538910e+00;-3.552713678800501003e-18;1.065814103640150301e-17
-3.190139999999971465e+01;1.811535637441176498e-17;1.373400766945015894e+00;3.552713678800501003e-18;1.776356839400250502e-17
-3.183479999999971355e+01;1.986027322597818408e-17;1.107148717794090409e+00;8.881784197001252508e-18;1.776356839400250502e-17
-3.176819999999971600e+01;2.070141750608674269e-17;9.530406012286639639e-01;1.199040866595169050e-17;1.687538997430237900e-17
-3.170159999999971845e+01;2.120832937295772458e-17;6.264870439119039069e-01;1.718070130607429732e-17;1.243449787580175351e-17
-3.163499999999971735e+01;2.323842923758743957e-17;4.764674194737066881e-01;2.065014825802791150e-17;1.065814103640150301e-17
-3.156839999999971624e+01;2.316085955983257774e-17;7.677189126977802813e-02;2.309263891220325806e-17;1.776356839400250502e-18
-3.150179999999971514e+01;2.025358414490941566e-17;-2.662520491509253739e-01;1.953992523340275398e-17;-5.329070518200751505e-18
-3.143519999999971759e+01;1.749508591650102928e-17;-4.182243295792290594e-01;1.598721155460225606e-17;-7.105427357601002007e-18
-3.136859999999972004e+01;1.137423353269335466e-17;-6.747409422235526311e-01;8.881784197001252508e-18;-7.105427357601002007e-18
-3.130199999999971894e+01;8.881784197001252508e-18;-9.272952180016121870e-01;5.329070518200751505e-18;-7.105427357601002007e-18
-3.123539999999972139e+01;5.617333549722721732e-18;-1.249045772398254428e+00;1.776356839400250502e-18;-5.329070518200751505e-18
-3.116879999999972028e+01;1.256073966947020220e-18;7.853981633974482790e-01;8.881784197001252508e-19;8.881784197001252508e-19
-3.110219999999971918e+01;6.830353356367180636e-18;1.701199634684030126e+00;-8.881784197001252508e-19;6.772360450213454749e-18
-3.103559999999972163e+01;1.229293159325309604e-17;1.277609430237014454e+00;3.552713678800501003e-18;1.176836406102665900e-17
-3.096899999999972408e+01;1.900395703982448045e-17;1.044403962568476452e+00;9.547918011776347024e-18;1.643130076445231598e-17
-3.090239999999972298e+01;2.217390834026071573e-17;8.420749870294831352e-01;1.476596622751458278e-17;1.654232306691483174e-17
-3.083579999999972543e+01;2.534872821625622389e-17;6.299233186221945280e-01;2.048361480433413787e-17;1.493249968120835641e-17
-3.076919999999972433e+01;2.666293977407289511e-17;3.886252785552598565e-01;2.467470672229410446e-17;1.010302952408892425e-17
-3.070259999999972322e+01;2.693096970634397525e-17;1.295761803833755665e-01;2.670520055092495810e-17;3.479855292809475426e-18
-3.063599999999972567e+01;2.334137579768612285e-17;-1.585180298659689957e-01;2.304872872421759501e-17;-3.684552662974738460e-18
-3.056939999999972457e+01;2.166753328705918697e-17;-4.549022852932790295e-01;1.946403108132876990e-17;-9.520162436160718086e-18
-3.050279999999972702e+01;1.628879032486901944e-17;-9.385842450278858440e-01;9.625546887326308488e-18;-1.314053033052431405e-17
-3.043619999999972947e+01;1.384324554015040444e-17;-1.408717225602836631e+00;2.233890156189133250e-18;-1.366181473505534379e-17
-3.036959999999972837e+01;1.110701449417557277e-17;-2.057338298320698478e+00;-5.193328406205566085e-18;-9.818101193159733669e-18
-3.030299999999972727e+01;1.103577270071444514e-17;-2.609447676133753280e+00;-9.509754095304856849e-18;-5.599362119801387988e-18
-3.023639999999972972e+01;8.797316143450540799e-18;-3.095169062516445191e+00;-8.787838078755383327e-18;-4.082563280494167262e-19
-3.016979999999972861e+01;4.415333450042607268e-18;2.864852137503762997e+00;-4.247334905657651815e-18;1.206364652270308589e-18
-3.010319999999973106e+01;3.219702746156541502e-18;-3.292235626746699007e-01;3.046784287537296579e-18;-1.040956905363436076e-18
-3.003659999999973351e+01;1.474456000137798168e-17;-7.128166317046910061e-01;1.115459721118261479e-17;-9.642458747151188145e-18
-2.996999999999973241e+01;2.925246903301252722e-17;-1.020831933595109042e+00;1.528900399024642867e-17;-2.493899158974928746e-17
-2.990339999999973131e+01;4.406341799894168737e-17;-1.305702104654097084e+00;1.154462433141593538e-17;-4.252418670352129587e-17
-2.983679999999973020e+01;6.033431116700073843e-17;-1.625812977953823291e+00;-3.317717463655918542e-18;-6.024302328757930634e-17
-2.977019999999973265e+01;7.382875024579530167e-17;-1.948078067117869461e+00;-2.719812402921575711e-17;-6.863633448944819788e-17
-2.970359999999973510e+01;8.428683278620407437e-17;-2.282093960925017040e+00;-5.502390245350588018e-17;-6.384857351512715740e-17
-2.963699999999973400e+01;9.067146761052242942e-17;-2.627486178502178582e+00;-7.895059067741249605e-17;-4.458833110056582528e-17
-2.957039999999973645e+01;9.199850844470930208e-17;-2.985152792400594723e+00;-9.087504296963292238e-17;-1.433360112876797810e-17
-2.950379999999973535e+01;8.869312777496122445e-17;2.922074601172654607e+00;-8.656471543705853317e-17;1.931375043347817319e-17
-2.943719999999973425e+01;8.028183175118660257e-17;2.548151329134950238e+00;-6.655533598422889547e-17;4.489498592662924689e-17
-2.937059999999973670e+01;6.968506302871217364e-17;2.203528520483553077e+00;-4.120827901872230316e-17;5.619506873054538991e-17
-2.930399999999973915e+01;5.468219796121976232e-17;1.840646863967329461e+00;-1.457758420355757271e-17;5.270329033996089909e-17
-2.923739999999973804e+01;3.866508595591889630e-17;1.511671370554538818e+00;2.284739821560517567e-18;3.859752370199896955e-17
-2.917079999999974049e+01;2.142658482026702458e-17;1.156954737274100475e+00;8.616263549554247809e-18;1.961781179195886343e-17
-2.910419999999973939e+01;7.353886677488040155e-18;9.218508556609348314e-01;4.444296234223469275e-18;5.858999935808428494e-18
-2.903759999999973829e+01;6.410008771522661313e-18;-2.679492347885993109e+00;-5.737714841136380107e-18;-2.857768509309455674e-18
-2.897099999999974074e+01;1.809073454426982444e-17;-2.921876702020478334e+00;-1.765582239054178100e-17;-3.942919231341299758e-18
-2.890439999999973963e+01;2.599808239699321507e-17;3.048470904674790205e+00;-2.588544056443390495e-17;2.417489422108844275e-18
-2.883779999999974208e+01;3.144487442430411139e-17;2.783770136516538596e+00;-2.945320876275980486e-17;1.101311132866383808e-17
-2.877119999999974453e+01;3.566410332591411864e-17;2.491299811823213695e+00;-2.838529310033204904e-17;2.159174383068029637e-17
-2.870459999999974343e+01;3.568027532957834033e-17;2.231052224984247268e+00;-2.188339040944210632e-17;2.818154133085083732e-17
-2.863799999999974233e+01;3.404072502906635000e-17;1.956181131324277622e+00;-1.279644451536200897e-17;3.154396880973866498e-17
-2.857139999999974123e+01;3.104939823888919642e-17;1.654188780574924689e+00;-2.586285438944324915e-18;3.094149735590441627e-17
-2.850479999999974368e+01;2.855545497324439028e-17;1.395178318854088495e+00;4.989114092539777498e-18;2.811623639999864198e-17
-2.843819999999974613e+01;2.352763346108274836e-17;1.169337244062097270e+00;9.193701142192523427e-18;2.165699414939913537e-17
-2.837159999999974502e+01;1.858782801662148802e-17;8.259858781074357337e-01;1.259943321658938535e-17;1.366607599116157410e-17
-2.830499999999974747e+01;1.373552558764642910e-17;5.050936519204235475e-01;1.202035898468058891e-17;6.646475234911988426e-18
-2.823839999999974637e+01;1.005438316951270241e-17;1.423900780381746889e-01;9.952629285832871554e-18;1.426811556640256865e-18
-2.817179999999974527e+01;6.854357702316223023e-18;-2.011412067437334805e-01;6.716168483487377589e-18;-1.369416084582249331e-18
-2.810519999999974772e+01;4.035642157909537436e-18;-6.242111830559723407e-01;3.274618523846466010e-18;-2.358660880664776312e-18
-2.803859999999975017e+01;8.081450818645218691e-19;-2.201965613267828026e+00;-4.768776610930563153e-19;-6.524462964047164066e-19
-2.797199999999974906e+01;1.087380031480015798e-18;1.837336840727227250e+00;-2.864112193663274206e-19;1.048982338403547085e-18
-2.790539999999975151e+01;4.881535931654798254e-18;1.379244445062043800e+00;9.293596070339119669e-19;4.792252473821746764e-18
-2.783879999999975041e+01;7.633582511484898841e-18;1.020062427796814664e+00;3.994751094646103677e-18;6.504886290433665165e-18
-2.777219999999974931e+01;9.560858581554051176e-18;9.057267965820179345e-01;5.900138207724938803e-18;7.523189878384040229e-18
-2.770559999999975176e+01;1.247279866798644637e-17;6.540043039070220221e-01;9.899087456598157110e-18;7.588067879160381329e-18
-2.763899999999975421e+01;1.323299430396314467e-17;4.850907839096788021e-01;1.170633843803996593e-17;6.170395337641587151e-18
-2.757239999999975311e+01;1.358508469931896513e-17;2.856715995914667627e-01;1.303451668733445986e-17;3.828302628485605355e-18
-2.750579999999975556e+01;1.079587609064877145e-17;2.903008172215097993e-01;1.034415302231827616e-17;3.090216629219621705e-18
-2.743919999999975445e+01;8.981292696477052724e-18;2.524424968862268304e-01;8.696632858543309519e-18;2.243255541282995526e-18
-2.737259999999975335e+01;8.743734601522572876e-18;5.358311035632311592e-01;7.518252994163947816e-18;4.464164725635465076e-18
-2.730599999999975580e+01;8.906872086913930206e-18;8.682023399383798079e-01;5.755616362159147825e-18;6.797444421567006429e-18
-2.723939999999975470e+01;1.016854338251191532e-17;9.286419169066266743e-01;6.090165327333506500e-18;8.143043706610669148e-18
-2.717279999999975715e+01;1.219888731188704967e-17;8.350493830055258915e-01;8.187174336883494300e-18;9.043396929561103586e-18
-2.710619999999975960e+01;1.204349950010049670e-17;5.601344883847170220e-01;1.020305604565204845e-17;6.398712959510225970e-18
-2.703959999999975850e+01;7.906483690587133621e-18;3.315626079515476832e-01;7.475855763870430420e-18;2.573725888148463080e-18
-2.697299999999975739e+01;2.213321964608384928e-18;1.188180274971201572e-01;2.197716802757048051e-18;2.623642008682966614e-19
-2.690639999999975629e+01;8.526000226802449036e-18;2.685798990305613199e+00;-7.655597576347942875e-18;3.752932935245570233e-18
-2.683979999999975874e+01;1.943011395001362117e-17;2.680434044842175290e+00;-1.740039633333032887e-17;8.646128356295565964e-18
-2.677319999999976119e+01;3.453177932044216151e-17;2.227381834606453115e+00;-2.107874579969940085e-17;2.735196992078215625e-17
-2.670659999999976009e+01;4.969778850955334989e-17;1.836781512582671194e+00;-1.306355752227417975e-17;4.795011624180411008e-17
-2.663999999999976254e+01;6.558672808651887865e-17;1.520028102225290390e+00;3.328291580124455532e-18;6.550222420843919182e-17
-2.657339999999976143e+01;7.956794036923947909e-17;1.135128880677022334e+00;3.357891164573185163e-17;7.213538540335792235e-17
-2.650679999999976033e+01;8.967838054900331517e-17;7.703528283261785736e-01;6.435903575685135866e-17;6.245099242077889296e-17
-2.644019999999976278e+01;9.471601687354616990e-17;3.851493830680288721e-01;8.777734123336545423e-17;3.558457837871913762e-17
-2.637359999999976523e+01;9.438519484600950104e-17;1.948406952061095682e-02;9.436727973585881510e-17;1.838891343539791519e-18
-2.630699999999976413e+01;9.096269832898880293e-17;-3.620796901155449721e-01;8.506487518042786500e-17;-3.222079294227329668e-17
-2.624039999999976658e+01;8.264500251701011839e-17;-7.532514950138020637e-01;6.028693923891180400e-17;-5.653035820017742186e-17
-2.617379999999976548e+01;7.094063195692482921e-17;-1.126531182881889359e+00;3.048989168174612322e-17;-6.405419398980252052e-17
-2.610719999999976437e+01;5.255442958189167986e-17;-1.473694997119786354e+00;5.095089525095822892e-18;-5.230686505048137589e-17
-2.604059999999976682e+01;3.631089094758250363e-17;-1.753266225817605717e+00;-6.588938666873072988e-18;-3.570807595840770443e-17
-2.597399999999976927e+01;1.531293046502744734e-17;-2.087726289289012271e+00;-7.567857925410206292e-18;-1.331215106012441591e-17
-2.590739999999976817e+01;3.336899654112623133e-18;-2.808144396649151275e+00;-3.153101011067864961e-18;-1.092178243520604750e-18
-2.584079999999977062e+01;1.007805668211851088e-17;2.101587762652163405e-01;9.856317302811656997e-18;2.102435662342390155e-18
-2.577419999999976952e+01;1.678403739133407944e-17;-3.597305107601773966e-02;1.677317878328308642e-17;-6.036428229695114710e-19
-2.570759999999976841e+01;2.140086161135598537e-17;-4.455261971589529191e-01;1.931179584763824727e-17;-9.222332614233361639e-18
-2.564099999999976731e+01;2.419515325204356017e-17;-8.628996458747922871e-01;1.573258999510099586e-17;-1.838181310251853603e-17
-2.557439999999976976e+01;2.486232614947730885e-17;-1.290438376375630636e+00;6.879396721211767158e-18;-2.389161280272145668e-17
-2.550779999999977221e+01;2.650410342891282993e-17;-1.738413930137823193e+00;-4.421780749443202480e-18;-2.613264918783326183e-17
-2.544119999999977111e+01;2.669822276184791991e-17;-2.139418135046667668e+00;-1.437622499976780135e-17;-2.249709433232002244e-17
-2.537459999999977356e+01;2.709885232111761686e-17;-2.544333500169045248e+00;-2.240750202355253873e-17;-1.523980479488600521e-17
-2.530799999999977246e+01;2.847597446167529085e-17;-2.839379826208923596e+00;-2.718544943571909897e-17;-8.475403265918599019e-18
-2.524139999999977135e+01;2.735707649630266491e-17;-3.122389656944101866e+00;-2.735203262083338172e-17;-5.253055619563275887e-19
-2.517479999999977380e+01;2.513825949605843979e-17;2.928640581963432243e+00;-2.457041802473365855e-17;5.312875735514192989e-18
-2.510819999999977625e+01;2.145733817797156903e-17;2.697057406939044277e+00;-1.937191288379181454e-17;9.227478144467046138e-18
-2.504159999999977515e+01;1.734670265562417428e-17;2.462411468321704433e+00;-1.349724943253929071e-17;1.089643752693771658e-17
-2.497499999999977760e+01;1.182354399497821971e-17;2.254333268916403288e+00;-7.467032874304471541e-18;9.167312182708836207e-18
-2.490839999999977650e+01;6.152719764178059536e-18;2.124017701914853173e+00;-3.232828550545986131e-18;5.234957503101820549e-18
-2.484179999999977539e+01;3.281129905526246892e-19;2.042054724310990554e+00;-1.489658812118841022e-19;2.923479105520571741e-19
-2.477519999999977784e+01;4.638045304548557695e-18;-1.463071228399910773e+00;4.986680973846905045e-19;-4.611159764711656315e-18
-2.470859999999978029e+01;9.549711566021281291e-18;-1.766578061617443574e+00;-1.857737810336278445e-18;-9.367272880740028686e-18
-2.464199999999977919e+01;1.500024130536154343e-17;-1.781260088463707536e+00;-3.133752171862112118e-18;-1.466924798837432282e-17
-2.457539999999978164e+01;1.715310653558407864e-17;-2.042687696313049805e+00;-7.797317817182141361e-18;-1.527844555833318750e-17
-2.450879999999978054e+01;2.082504459460530459e-17;-2.208667404411090107e+00;-1.240103270353521553e-17;-1.673011865627825209e-17
-2.444219999999977944e+01;1.993098389135690345e-17;-2.378122688130688722e+00;-1.439896228873787500e-17;-1.378092899209022737e-17
-2.437559999999978189e+01;2.072397729314219044e-17;-2.549780211699260501e+00;-1.719947001410487078e-17;-1.156120521747540730e-17
-2.430899999999978434e+01;1.959851334526759710e-17;-2.771743902678998062e+00;-1.827330163719485343e-17;-7.084361130033102575e-18
-2.424239999999978323e+01;1.841811637722378209e-17;-2.915907472872707906e+00;-1.795105154974485815e-17;-4.121499623117975457e-18
-2.417579999999978568e+01;1.682305756520757466e-17;3.094853945329806955e+00;-1.680468586775482044e-17;7.860017356018584860e-19
-2.410919999999978458e+01;1.352267007537003163e-17;2.872437655530553968e+00;-1.303579906198762076e-17;3.595907226666283468e-18
-2.404259999999978348e+01;1.230106993629484656e-17;2.740296615728656793e+00;-1.132381782769364096e-17;4.804942391207679300e-18
-2.397599999999978237e+01;9.779720173334274227e-18;2.348924458888807631e+00;-6.864849653379446422e-18;6.965397756425503828e-18
-2.390939999999978838e+01;4.360071546488293885e-18;2.531983615584008973e+00;-3.574700250222962029e-18;2.496345731574997581e-18
-2.384279999999978727e+01;2.478423288222237610e-18;2.718322773935826664e+00;-2.259704251352880898e-18;1.017997392933815547e-18
-2.377619999999978617e+01;4.153456719871911567e-18;-2.415650362872216572e+00;-3.106263218740778825e-18;-2.757232587169119411e-18
-2.370959999999978862e+01;4.000662423415022548e-18;-1.894795044707153986e+00;-1.273649929974519540e-18;-3.792507835456752698e-18
-2.364299999999978752e+01;7.846170112882955554e-18;-2.118374587679095367e+00;-4.084881763868378647e-18;-6.698964577866739657e-18
-2.357639999999978642e+01;1.127794662038129149e-17;-2.275679928583610234e+00;-7.307491095721189959e-18;-8.590265063321696717e-18
-2.350979999999978887e+01;1.993194020346852358e-17;-2.621681132985944629e+00;-1.729819620998369018e-17;-9.902254700599798526e-18
-2.344319999999979132e+01;2.443228110336338806e-17;-2.960677317126616082e+00;-2.403353182069731868e-17;-4.396101470314019452e-18
-2.337659999999979021e+01;3.006171342136117694e-17;2.980192431944470144e+00;-2.967100839226316612e-17;4.830928980464899626e-18
-2.330999999999979266e+01;3.675095997271959893e-17;2.664307274741882114e+00;-3.264386410545086280e-17;1.688227458553186389e-17
-2.324339999999979156e+01;4.544279133821094550e-17;2.367159334034229179e+00;-3.248329953186980164e-17;3.177864906082395270e-17
-2.317679999999979046e+01;4.913469734415118034e-17;2.085270032897296844e+00;-2.417804223519200701e-17;4.277430019035505663e-17
-2.311019999999979291e+01;4.938487038072780832e-17;1.821132242065639728e+00;-1.223408518598812850e-17;4.784550743991825683e-17
-2.304359999999979536e+01;4.796832112463484124e-17;1.592953202388335487e+00;-1.062741163858092465e-18;4.795654713107200883e-17
-2.297699999999979426e+01;4.024186879696346991e-17;1.379279999456980210e+00;7.659947859626002965e-18;3.950611602093823998e-17
-2.291039999999979671e+01;3.263073396885220501e-17;1.158813752759898508e+00;1.306622049368547877e-17;2.990047961749774928e-17
-2.284379999999979560e+01;1.852221232418948745e-17;8.752122100718646713e-01;1.186966273223390657e-17;1.421912289859590694e-17
-2.277719999999979450e+01;7.523808926937283969e-18;7.758495645061198598e-01;5.370692856494634012e-18;5.269094704999965658e-18
-2.271059999999979340e+01;2.260509964858763246e-18;-2.735938416785655303e+00;-2.077056965100572173e-18;-8.920424120819409190e-19
-2.264399999999979940e+01;8.661814519320104383e-18;-2.923819436448327647e+00;-8.457230943667846664e-18;-1.871436756230794445e-18
-2.257739999999979830e+01;1.146659626901628195e-17;-3.014356707869337626e+00;-1.137390513569064531e-17;-1.455029883173562535e-18
-2.251079999999979719e+01;9.221098309753598040e-18;3.043867435893096829e+00;-9.177101591004749236e-18;8.997001870171717910e-19
-2.244419999999979964e+01;6.739290807093964711e-18;2.848100828286620700e+00;-6.451115635300421632e-18;1.949653210846398720e-18
-2.237759999999979854e+01;2.094092278256197037e-18;2.419889204915645742e+00;-1.571996146138050998e-18;1.383492170696800549e-18
-2.231099999999979744e+01;2.373132597921252583e-18;-3.503534569638837026e-01;2.228968244445112233e-18;-8.145298598404775428e-19
-2.224439999999980344e+01;4.478053617531348244e-18;-7.269527537530444672e-01;3.346015345526406832e-18;-2.976095682095486191e-18
-2.217779999999980234e+01;5.838977357980101373e-18;-4.068126770833035977e-01;5.362438906531225822e-18;-2.310390780955569389e-18
-2.211119999999980124e+01;3.922867317158443212e-18;-1.026075666188547508e+00;2.032748246316643877e-18;-3.355118858569169994e-18
-2.204459999999980369e+01;1.768943273647921743e-18;-1.106623904409566456e-01;1.758122937414127580e-18;-1.953561934583744837e-19
-2.197799999999980258e+01;3.254470046239420832e-18;5.725785953182425114e-01;2.735403830214154611e-18;1.763275692431376666e-18
-2.191139999999980148e+01;4.329824954925939249e-18;8.864350495495202376e-01;2.737221134356896686e-18;3.354847925305907585e-18
-2.184479999999980393e+01;4.645836636024209040e-18;7.387566110067447234e-01;3.434696711161106595e-18;3.128363238334675530e-18
-2.177819999999980638e+01;4.242531853116168796e-18;4.854180918771322517e-01;3.752434377715487395e-18;1.979472850443848646e-18
-2.171159999999980528e+01;1.690787411359928870e-18;-2.909125464748871792e-01;1.619744805187529347e-18;-4.849627165888339585e-19
-2.164499999999980773e+01;1.574963401862239992e-18;2.508850739599371771e+00;-1.270064801586321830e-18;9.313673372933888241e-19
-2.157839999999980662e+01;3.829317722996239188e-18;3.034868799363664937e+00;-3.807530486292567731e-18;4.079041794414298827e-19
-2.151179999999980552e+01;7.757262513627031470e-18;2.649824815281694779e+00;-6.838022948112093556e-18;3.662862796558937381e-18
-2.144519999999980797e+01;1.091389478457828413e-17;2.334312401313199725e+00;-7.546584538669433312e-18;7.884298394249200955e-18
-2.137859999999981042e+01;1.211070530317655197e-17;1.964216440831137112e+00;-4.642632578590484710e-18;1.118548817354874818e-17
-2.131199999999980932e+01;1.278905128025232298e-17;1.783784306635285866e+00;-2.703366305687403555e-18;1.250006573047508669e-17
-2.124539999999981177e+01;1.468395461339980099e-17;1.439184843146287252e+00;1.927002667031476522e-18;1.455696341307619546e-17
-2.117879999999981067e+01;1.364799902347738243e-17;1.170095470170144258e+00;5.323590065524846182e-18;1.256691156008844911e-17
-2.111219999999980956e+01;1.532836464491923838e-17;9.362074053102463767e-01;9.087367584427295614e-18;1.234416919331188157e-17
-2.104559999999980846e+01;1.487544088224764194e-17;5.064476336741406959e-01;1.300817411751656921e-17;7.215687601997229819e-18
-2.097899999999981446e+01;1.469118224337715127e-17;1.678497084338733958e-01;1.448471647369365210e-17;2.454348056985363692e-18
-2.091239999999981336e+01;1.265892315037580198e-17;-1.755275237968050295e-01;1.246441317191047389e-17;-2.210597115492791723e-18
-2.084579999999981226e+01;9.805762891508614719e-18;-5.341224953019786392e-01;8.439973933085149647e-18;-4.991976151117969310e-18
-2.077919999999981471e+01;7.759069019086300384e-18;-6.876961686914803140e-01;5.995513645369977738e-18;-4.925136360663248696e-18
-2.071259999999981360e+01;5.913872924141101442e-18;-1.074451296995083682e+00;2.816273843497594363e-18;-5.200239859979587486e-18
-2.064599999999981250e+01;1.319879902510044768e-18;-1.586539398150206281e+00;-2.077810517169622766e-20;-1.319716343535761344e-18
-2.057939999999981850e+01;3.105099422224314787e-18;7.162317806647610086e-01;2.342130202471009037e-18;2.038643798354898100e-18
-2.051279999999981740e+01;6.688774293098756163e-18;8.412863391038096772e-01;4.458097566033215093e-18;4.986488507531877365e-18
-2.044619999999981630e+01;1.226762453556281151e-17;6.000153004212210872e-01;1.012480145506247102e-17;6.926976774979657652e-18
-2.037959999999981875e+01;1.990782051672798781e-17;2.510106620134701649e-01;1.928394695051988269e-17;4.944765690686543310e-18
-2.031299999999981765e+01;2.691870054593376395e-17;8.341061328520345264e-02;2.682511367744359813e-17;2.242702671751898637e-18
-2.024639999999981654e+01;3.651921447585001141e-17;-2.196481558455777305e-01;3.564181010069780398e-17;-7.957034540513743116e-18
-2.017979999999981899e+01;4.263441892930194686e-17;-4.506267496002336892e-01;3.837840868633134818e-17;-1.856856009883767340e-17
-2.011319999999982144e+01;4.971622389127229787e-17;-6.588723546258049568e-01;3.930977839763200620e-17;-3.043754655579483571e-17
-2.004659999999982034e+01;5.503492933886496658e-17;-8.735375386998994740e-01;3.533895590313041035e-17;-4.219006569099489096e-17
-1.997999999999982279e+01;5.749577696677167104e-17;-1.078063710583746726e+00;2.719752665088849188e-17;-5.065628206932444940e-17
-1.991339999999982169e+01;5.534347632809301979e-17;-1.282020392206251636e+00;1.576066305448676832e-17;-5.305187906343307564e-17
-1.984679999999982059e+01;5.066190045525704261e-17;-1.463337361424998484e+00;5.433603941760836528e-18;-5.036967446730676169e-17
-1.978019999999981948e+01;4.191264661229381631e-17;-1.649129288082838318e+00;-3.279785166014028445e-18;-4.178412324450303617e-17
-1.971359999999982549e+01;2.819230642605530772e-17;-1.866863664341671836e+00;-8.225413123740267819e-18;-2.696569525460823048e-17
-1.964699999999982438e+01;1.644093480177940740e-17;-2.077670739204045880e+00;-7.981202926359727055e-18;-1.437375166769720478e-17
-1.958039999999982328e+01;3.955056229463084111e-18;-2.605050298903841099e+00;-3.399296674458486099e-18;-2.021695302767019392e-18
-1.951379999999982573e+01;9.196837145347497656e-18;6.142509581302234567e-01;7.515704829291547685e-18;5.300565478984973539e-18
-1.944719999999982463e+01;1.870640603707942486e-17;4.835060605756537067e-01;1.656209910595250096e-17;8.696349810621059805e-18
-1.938059999999982352e+01;2.513992125153888794e-17;3.087600314258885925e-01;2.395108204943785893e-17;7.639457388759502071e-18
-1.931399999999982953e+01;3.035230629542508873e-17;6.593655272171407289e-02;3.028634991347394477e-17;1.999876588671975879e-18
-1.924739999999982842e+01;3.262861509903990531e-17;-2.159954071468148107e-01;3.187044167673989784e-17;-6.992958645009683403e-18
-1.918079999999982732e+01;3.424053805287254750e-17;-4.939457778467108984e-01;3.014773262902347246e-17;-1.623356595080472119e-17
-1.911419999999982977e+01;3.171409581956929192e-17;-9.131245117968082026e-01;1.938606385664788919e-17;-2.509909165286251057e-17
-1.904759999999982867e+01;3.022861427240657162e-17;-1.254851912169836270e+00;9.392462086831941260e-18;-2.873239942603761793e-17
-1.898099999999982757e+01;2.753310144539036613e-17;-1.654349950359077948e+00;-2.297814627569831303e-18;-2.743705019019871215e-17
-1.891439999999983357e+01;2.437590792420444982e-17;-2.039451491994995092e+00;-1.101027741083492254e-17;-2.174761316709839467e-17
-1.884779999999983247e+01;1.854583391911664070e-17;-2.406026743388926636e+00;-1.375082974837782442e-17;-1.244438174384668836e-17
-1.878119999999983136e+01;1.700552455594044612e-17;-2.965436528740190703e+00;-1.674235709288239560e-17;-2.980158451677375747e-18
-1.871459999999983381e+01;1.213993651775518929e-17;2.753062501435023179e+00;-1.123510916845320965e-17;4.598954297235906649e-18
-1.864799999999983271e+01;7.831536024841452961e-18;2.561888514709266484e+00;-6.552056886746114267e-18;4.289930892360888668e-18
-1.858139999999983161e+01;4.187466229110783128e-18;1.872590998497772885e+00;-1.244658363877766043e-18;3.998211972516265127e-18
-1.851479999999983406e+01;3.688042260292772460e-19;1.802647162190459840e+00;-8.474355043412359829e-20;3.589360497315271826e-19
-1.844819999999983651e+01;3.144754302186783889e-18;-1.250775382997998841e+00;9.892970641875681826e-19;-2.985091445820738284e-18
-1.838159999999983540e+01;4.599275417631121975e-18;-2.240527884517773849e+00;-2.855117744420625372e-18;-3.605778283910480943e-18
-1.831499999999983785e+01;7.206979923216444883e-18;-2.581550196909543793e+00;-6.105988034700421379e-18;-3.828507507337578426e-18
-1.824839999999983675e+01;8.923331006143871761e-18;-2.892746726417110725e+00;-8.648468305619738548e-18;-2.197687924137418373e-18
-1.818179999999983565e+01;1.178938617644137606e-17;-3.124894381230324480e+00;-1.178774258380211696e-17;-1.968532328542962089e-19
-1.811519999999983455e+01;1.523546735347447793e-17;2.623196897852964504e+00;-1.323375821361585418e-17;7.548980661145023572e-18
-1.804859999999984055e+01;1.364213202857862386e-17;2.366686497184863569e+00;-9.747121822879573491e-18;9.544704419473423792e-18
-1.798199999999983945e+01;1.595787717407418665e-17;2.109779400514886216e+00;-8.190595882330024326e-18;1.369554610065609534e-17
-1.791539999999983834e+01;1.663471844205272537e-17;1.880460727716426472e+00;-5.069247746138067642e-18;1.584350292500503732e-17
-1.784879999999984079e+01;1.527160474145753164e-17;1.438325150337811609e+00;2.017135690047170277e-18;1.513780284543454137e-17
-1.778219999999983969e+01;1.445929133192026200e-17;1.428624660332723728e+00;2.048783298622666710e-18;1.431340605225147760e-17
-1.771559999999983859e+01;1.387862670961517335e-17;1.253684767117673626e+00;4.327681155599419033e-18;1.318663926708823415e-17
-1.764899999999984459e+01;9.239923923345400025e-18;9.956321886427641488e-01;5.026264764308498391e-18;7.753248134058493134e-18
-1.758239999999984349e+01;6.569705088059410837e-18;7.831290736528128127e-01;4.656012067739775619e-18;4.634930050080074862e-18
-1.751579999999984238e+01;4.211005957782142985e-18;5.679678266109607909e-01;3.549860596787974420e-18;2.265184522251737313e-18
-1.744919999999984483e+01;1.141442989376951327e-18;1.252155359776660148e+00;3.575869545029980289e-19;1.083985086598086767e-18
-1.738259999999984373e+01;2.642345232238686220e-18;-2.931912280838982365e+00;-2.584471250540015902e-18;-5.499969831432213959e-19
-1.731599999999984263e+01;5.243921629370641395e-18;-3.036720121297255215e+00;-5.215111074003752678e-18;-5.489358257434728232e-19
-1.724939999999984863e+01;6.752086477511799770e-18;-3.097824231174532095e+00;-6.745620108940332855e-18;-2.954338261904371315e-19
-1.718279999999984753e+01;9.503376222387644507e-18;2.899557894273569580e+00;-9.226374632517741907e-18;2.277755642002881291e-18
-1.711619999999984643e+01;8.899959419724872712e-18;2.818082429062585881e+00;-8.438277344634180802e-18;2.829267242199471275e-18
-1.704959999999984888e+01;9.885590561128920923e-18;3.006473352542366584e+00;-9.795486046451423334e-18;1.331673329332949960e-18
-1.698299999999984777e+01;9.618761085368088717e-18;2.893583496492087903e+00;-9.324456272601800296e-18;2.361160739494118116e-18
-1.691639999999984667e+01;9.085304543412458355e-18;-3.105208787928290359e+00;-9.079291708736409837e-18;-3.304855733936780016e-19
-1.684979999999984557e+01;1.038331488078656930e-17;3.119107787386294905e+00;-1.038069024922577723e-17;2.334477740152695600e-19
-1.678319999999985157e+01;1.186722932488886865e-17;-3.126793854513691961e+00;-1.186592986056487698e-17;-1.756143321517700921e-19
-1.671659999999985047e+01;1.214273513886688367e-17;3.072513452995131900e+00;-1.211377448094957492e-17;8.381434706346133600e-19
-1.664999999999984936e+01;1.124700310070881236e-17;2.866682812109120793e+00;-1.082467449009527664e-17;3.053113317719180502e-18
-1.658339999999985181e+01;9.697755271466935943e-18;2.675630792996499530e+00;-8.663875952562632113e-18;4.357030041653566788e-18
-1.651679999999985426e+01;7.521132554280318175e-18;2.256009642369876556e+00;-4.759659933196842338e-18;5.823493128645023050e-18
-1.645019999999985316e+01;4.349336561239803181e-18;2.141726208287140221e+00;-2.350445340968011520e-18;3.659526639069462859e-18
-1.638359999999985206e+01;3.712048402846886871e-19;2.571510154349786248e+00;-3.125011902020241693e-19;2.003398102552249352e-19
-1.631699999999985451e+01;4.081377368506490470e-18;-1.866141779762562569e+00;-1.187967991817651366e-18;-3.904660455734109282e-18
-1.625039999999985341e+01;7.445800851374986616e-18;-2.252707555615067303e+00;-4.692924424906870061e-18;-5.780692922171959859e-18
-1.618379999999985586e+01;1.099639379929148588e-17;-2.675446690582736320e+00;-9.823156686973669256e-18;-4.942293930176624862e-18
-1.611719999999985475e+01;1.608276379570742594e-17;-3.099949743017661685e+00;-1.606882099308981817e-17;-6.695395436817138843e-19
-1.605059999999985720e+01;2.020449498686208705e-17;2.732804496387989168e+00;-1.853970927689760747e-17;8.031238858498237191e-18
-1.598399999999985610e+01;2.282873110880938847e-17;2.264837579848262283e+00;-1.460236991555529145e-17;1.754769947564657935e-17
-1.591739999999985677e+01;2.502218421706301688e-17;1.843583936574249904e+00;-6.741402156311299232e-18;2.409695416353525508e-17
-1.585079999999985922e+01;2.511762663403488155e-17;1.371552597913987093e+00;4.971483563697753669e-18;2.462071320865140302e-17
-1.578419999999985812e+01;2.384095386939740478e-17;9.320508535414313567e-01;1.421370779721453060e-17;1.914057449655411900e-17
-1.571759999999985880e+01;2.333538835000565786e-17;4.411625430662481362e-01;2.110116210356385357e-17;9.964000568280825596e-18
-1.565099999999985947e+01;1.994495200141276526e-17;-1.012871270598787871e-01;1.984273098729500863e-17;-2.016714482642884625e-18
-1.558439999999986014e+01;1.513337666511009414e-17;-4.781853785897476339e-01;1.343588723840308675e-17;-6.963908629858358007e-18
-1.551779999999986082e+01;1.432064486745226143e-17;-9.258130692045848376e-01;8.609357737778835915e-18;-1.144376811905215544e-17
-1.545119999999986149e+01;1.160955214064237210e-17;-1.438139091659131896e+00;1.535577988753330919e-18;-1.150754974556921615e-17
-1.538459999999986216e+01;5.839292680685702224e-18;-1.926983347631606724e+00;-2.036179611462934365e-18;-5.472779147797968701e-18
-1.531799999999986284e+01;3.225433343199330830e-18;1.227661143850142134e+00;1.085168524729022127e-18;3.037405064254592712e-18
-1.525139999999986351e+01;8.335656363264808669e-18;2.969778301643800633e-01;7.970764983479322989e-18;2.439277061872422171e-18
-1.518479999999986418e+01;1.341865706764994897e-17;1.661986655325894680e-01;1.323375821361585418e-17;2.219910142944270526e-18
-1.511819999999986486e+01;1.867216303821705938e-17;-1.054279995442993119e-02;1.867112533647808746e-17;-1.968532328542962089e-19
-1.505159999999986553e+01;2.304147051655124010e-17;-2.721894766571327784e-01;2.219318920604664805e-17;-6.194490812787982387e-18
-1.498499999999986620e+01;2.684690542064578335e-17;-4.931875890995254252e-01;2.364751182377789412e-17;-1.271029170433883093e-17
-1.491839999999986510e+01;2.725000237614422658e-17;-7.126238297881922756e-01;2.061868613842312731e-17;-1.781663299911248419e-17
-1.485179999999986755e+01;2.783222396110619869e-17;-8.412705237399568103e-01;1.855062816921518695e-17;-2.074865983982324369e-17
-1.478519999999986823e+01;2.536876981848368135e-17;-9.721657790899711493e-01;1.429559826563612844e-17;-2.095734602307147985e-17
-1.471859999999986712e+01;2.402636570762835452e-17;-1.052494474977088146e+00;1.190279940027926925e-17;-2.087078377908724113e-17
-1.465199999999986957e+01;2.079648937104443016e-17;-1.426068068080205142e+00;2.999343207945613649e-18;-2.057906485924261990e-17
-1.458539999999987025e+01;1.894915941398888523e-17;-1.351098391762799666e+00;4.129681810852207648e-18;-1.849368461496735064e-17
-1.451879999999986914e+01;1.387125506991829964e-17;-1.387267892686736781e+00;2.531502377680393132e-18;-1.363829948807887914e-17
-1.445219999999986982e+01;9.322734989426526305e-18;-1.715919771651430059e+00;-1.348203386524304458e-18;-9.224734972433734618e-18
-1.438559999999987227e+01;6.448852508180505019e-18;-1.654014426327078402e+00;-5.360420452667063020e-19;-6.426535427271235442e-18
-1.431899999999987116e+01;1.965891501665617769e-18;-1.995925822585175036e+00;-8.108098413806070746e-19;-1.790898321357595247e-18
-1.425239999999987184e+01;1.473888001687102108e-18;1.465126419092564580e+00;1.554559249444053313e-19;1.465666843766645031e-18
-1.418579999999987251e+01;4.979391118641875629e-18;8.926798974650762553e-01;3.123707967627161558e-18;3.877729289854073910e-18
-1.411919999999987319e+01;7.145932615130459054e-18;9.580766648750977943e-01;4.109586574566512113e-18;5.845994451428081397e-18
-1.405259999999987386e+01;8.727510381732607462e-18;6.635781802863717216e-01;6.875474520940074930e-18;5.375619738704951766e-18
-1.398599999999987453e+01;1.138122201533372344e-17;5.043336247348502166e-01;9.964222059181412610e-18;5.499681201455184315e-18
-1.391939999999987521e+01;1.187939161640112472e-17;2.479846202335633798e-01;1.151598993821145394e-17;2.915805363674655817e-18
-1.385279999999987588e+01;1.543392246322937953e-17;4.847373021244875957e-02;1.541579345020396285e-17;7.478468436953300535e-19
-1.378619999999987655e+01;1.309182065709022152e-17;-1.937293872418777985e-01;1.284691301259320947e-17;-2.520435312456460778e-18
-1.371959999999987723e+01;1.521289634385099226e-17;-5.740245411213372728e-01;1.277460970037514018e-17;-8.260845124552103140e-18
-1.365299999999987790e+01;1.438753498472047739e-17;-8.957409427909471811e-01;8.991354090464470784e-18;-1.123195061226871064e-17
-1.358639999999987857e+01;1.473963588984716318e-17;-1.117150968391472432e+00;6.459573045413126852e-18;-1.324880304919062201e-17
-1.351979999999987925e+01;1.153485486957309730e-17;-1.524058128615527030e+00;5.389220739706731123e-19;-1.152225845311158244e-17
-1.345319999999987814e+01;1.166097177920601359e-17;-1.903741989218993069e+00;-3.811136048217747558e-18;-1.102059457821647098e-17
-1.338659999999988059e+01;1.169758052726634968e-17;-2.086495718685781764e+00;-5.768584682092789067e-18;-1.017628718921617722e-17
-1.331999999999988127e+01;8.052246226421366959e-18;-2.397968967142201979e+00;-5.926616744938108009e-18;-5.451044234780741602e-18
-1.325339999999988017e+01;3.905258751410159785e-18;-2.700377917346405088e+00;-3.531266147395221466e-18;-1.667694609851022861e-18
-1.318679999999988262e+01;3.229640101716281193e-18;4.535065477660901734e-01;2.903176266755623379e-18;1.414970936366126478e-18
-1.312019999999988329e+01;9.482026176279283611e-18;-2.920855669112735198e-01;9.080418934944247958e-18;-2.730350229100931976e-18
-1.305359999999988219e+01;1.643250450133840529e-17;-3.119609901457092715e-01;1.563936538760657804e-17;-5.043555735732513283e-18
-1.298699999999988464e+01;2.769948810269966819e-17;-6.633608236758595789e-01;2.182517999731504464e-17;-1.705646971786365161e-17
-1.292039999999988531e+01;3.507133346310839339e-17;-9.438249125114878124e-01;2.057617174950764552e-17;-2.840104904779592752e-17
-1.285379999999988421e+01;4.752968187455598305e-17;-1.224772024776472623e+00;1.612018806230638943e-17;-4.471252840012931488e-17
-1.278719999999988488e+01;5.624562617448604383e-17;-1.479646965986902041e+00;5.119656802661776102e-18;-5.601213777372712329e-17
-1.272059999999988555e+01;6.049341685057240333e-17;-1.713871840814947367e+00;-8.625627643382858373e-18;-5.987530400770275703e-17
-1.265399999999988623e+01;6.238552979584494763e-17;-1.944994683758456855e+00;-2.280356289219254200e-17;-5.806850994583964223e-17
-1.258739999999988690e+01;5.779292245136344867e-17;-2.141329280797840351e+00;-3.121284008050228756e-17;-4.863928966975462790e-17
-1.252079999999988758e+01;4.914317022105479833e-17;-2.355446610855756795e+00;-3.472347078688150316e-17;-3.477544760155005949e-17
-1.245419999999988825e+01;3.572312146168458376e-17;-2.492236707230986337e+00;-2.845251622070044444e-17;-2.160082701372907383e-17
-1.238759999999988892e+01;2.295286382837490342e-17;-2.592176590627885524e+00;-1.957488151984134736e-17;-1.198574033625351683e-17
-1.232099999999988960e+01;9.687357773382635322e-18;-2.439862902290311553e+00;-7.398493854119156967e-18;-6.253574123657450516e-18
-1.225439999999989027e+01;4.623649600655115018e-18;-1.896782642956705844e+00;-1.480692869121237664e-18;-4.380146602223688301e-18
-1.218779999999989094e+01;2.001348127243524358e-18;-1.358847042573829711e+00;4.210155257360031927e-19;-1.956563378352564111e-18
-1.212119999999989162e+01;2.944231500377992766e-18;2.372866819315199827e+00;-2.116305000219106813e-18;2.046888437083382475e-18
-1.205459999999989229e+01;1.555906675471214925e-17;2.004735472402234375e+00;-6.541780169135545067e-18;1.411699934463035255e-17
-1.198799999999989119e+01;2.971415596490948100e-17;1.761523466136904581e+00;-5.632998684608355394e-18;2.917533873884185355e-17
-1.192139999999989364e+01;4.188324812019918637e-17;1.632316731126227216e+00;-2.575049317542302293e-18;4.180401409087880358e-17
-1.185479999999989431e+01;5.056267371880700530e-17;1.447967648693822884e+00;6.194941851013970269e-18;5.018173640934610463e-17
-1.178819999999989321e+01;5.560701384418328738e-17;1.231399135714775106e+00;1.851261646494098455e-17;5.243494083422988003e-17
-1.172159999999989566e+01;5.362952513435421150e-17;1.010785977145015391e+00;2.848773381713964030e-17;4.543759443566668259e-17
-1.165499999999989633e+01;4.906584370347797383e-17;7.523162317232093832e-01;3.582336865716600996e-17;3.352824594855663850e-17
-1.158839999999989523e+01;3.933856993291535527e-17;5.303485600860328164e-01;3.393466242031257084e-17;1.989878817381344307e-17
-1.152179999999989768e+01;3.002800804339933980e-17;2.276968479865152106e-01;2.925295149510780328e-17;6.778354953772032673e-18
-1.145519999999989835e+01;2.201260160873939548e-17;-4.713479826585695309e-02;2.198815355586125156e-17;-1.037175389672522639e-18
-1.138859999999989725e+01;1.436209500067336920e-17;-3.796314846871974846e-01;1.333953196716550326e-17;-5.322279559111549905e-18
-1.132199999999989970e+01;8.154787007406984164e-18;-6.200049837472602077e-01;6.636981849836788884e-18;-4.738251055095199340e-18
-1.125539999999989860e+01;6.324575393856319904e-18;-9.092183544046347210e-01;3.885583051241917808e-18;-4.990240301275517251e-18
-1.118879999999989927e+01;3.168115280894720834e-18;-9.722901590033747876e-01;1.784944443439314308e-18;-2.617427700410032556e-18
-1.112219999999990172e+01;5.458946406948483383e-19;-2.436918504584710821e+00;-4.158749147833595622e-19;-3.536227000537308377e-19
-1.105559999999990062e+01;1.478152788191865368e-18;-4.879506855189107983e-01;1.305645655305401190e-18;-6.929827472755110684e-19
-1.098899999999990129e+01;2.023337297243671061e-18;1.880998969913621810e+00;-6.176269756971551470e-19;1.926766913071871944e-18
-1.092239999999990196e+01;1.215267322240824864e-18;1.820775858780587342e+00;-3.006378461789122870e-19;1.177493757924554668e-18
-1.085579999999990264e+01;2.348989331682272163e-18;1.627828212961547338e+00;-1.338946795075380494e-19;2.345170163369110704e-18
-1.078919999999990331e+01;4.794830651203746736e-18;1.842488597461264144e+00;-1.286750416087350629e-18;4.618947319511446038e-18
-1.072259999999990399e+01;6.763682906650588796e-18;1.990103483509011451e+00;-2.753682852664470736e-18;6.177753411124388912e-18
-1.065599999999990466e+01;8.417737858851377951e-18;1.883490005553118296e+00;-2.589488151352460710e-18;8.009548162933100223e-18
-1.058939999999990533e+01;1.163018114688885876e-17;1.645243458222884758e+00;-8.650340501560925757e-19;1.159796661495106970e-17
-1.052279999999990423e+01;1.458795146808954514e-17;1.358973698210709680e+00;3.067002130656555485e-18;1.426190120446373392e-17
-1.045619999999990668e+01;1.451068897961307794e-17;1.251009727083069123e+00;4.561638032218410180e-18;1.377503368874584393e-17
-1.038959999999990735e+01;1.485958630743381943e-17;9.821913550250566116e-01;8.250061579117527246e-18;1.235895582842027577e-17
-1.032299999999990625e+01;1.592619250047284108e-17;7.697921048433745694e-01;1.143588816392668954e-17;1.108440659053423812e-17
-1.025639999999990870e+01;1.207030513395907598e-17;4.568028851714268090e-01;1.083270378055947022e-17;5.323982985465993710e-18
-1.018979999999990937e+01;1.288228576450985146e-17;4.933800520628281450e-01;1.134590676628800248e-17;6.101121714012373124e-18
-1.012319999999990827e+01;4.751089677786364728e-18;2.185090517490516360e-01;4.638117001789251489e-18;1.029914464449171771e-18
-1.005659999999991072e+01;2.736334890637993738e-18;-7.160726477821857672e-02;2.729322471915608823e-18;-1.957740483805573911e-19
-9.989999999999911395e+00;4.971778680567398983e-18;2.626453748884987949e+00;-4.326562614566849709e-18;2.449375265404828754e-18
-9.923399999999910293e+00;1.314869670668610175e-17;2.519521999211948415e+00;-1.068559855286127453e-17;7.661997693259049008e-18
-9.856799999999912743e+00;2.142680648440424280e-17;2.363968351276588997e+00;-1.526836325103322386e-17;1.503280146062622108e-17
-9.790199999999911640e+00;2.869290496496591522e-17;2.239328066613138102e+00;-1.778485136817125684e-17;2.251625761845477351e-17
-9.723599999999912313e+00;3.367783406747275232e-17;1.942517021164668067e+00;-1.223243413768156556e-17;3.137776382318393880e-17
-9.656999999999914763e+00;4.076400694258358270e-17;1.821829364308703125e+00;-1.012597295133362460e-17;3.948631324653977493e-17
-9.590399999999913661e+00;4.605452086839679262e-17;1.639622232087829756e+00;-3.167242168526106907e-18;4.594548366775026135e-17
-9.523799999999914334e+00;4.892046505085683753e-17;1.489053573540676689e+00;3.994441638440904076e-18;4.875711575543814244e-17
-9.457199999999916784e+00;4.424648340213485656e-17;1.311062395254116941e+00;1.136353305327916376e-17;4.276238311883970484e-17
-9.390599999999915681e+00;3.951034527892031703e-17;1.202281089140578407e+00;1.423284128662446581e-17;3.685774834372359414e-17
-9.323999999999916355e+00;2.926075377002947401e-17;1.115756171206564229e+00;1.286005398635529244e-17;2.628327838490322938e-17
-9.257399999999917029e+00;1.988438929521931414e-17;1.205405890828092907e+00;7.104970334118045445e-18;1.857170789655962184e-17
-9.190799999999917702e+00;1.161254165161332767e-17;1.633784261585288888e+00;-7.309664433643213992e-19;1.158951300396741073e-17
-9.124199999999918376e+00;9.002788728667988623e-18;1.958229716780559126e+00;-3.401373180423031901e-18;8.335518303052922733e-18
-9.057599999999917273e+00;8.157503170827123368e-18;2.087700291353292048e+00;-4.031364337833243157e-18;7.091752925596105545e-18
-8.990999999999919723e+00;5.486235726186368514e-19;2.079955537970487267e+00;-2.674228740452599732e-19;4.790332252257767185e-19
-8.924399999999920396e+00;1.022905283179542504e-17;-9.402000436098308933e-01;6.031320275766184877e-18;-8.261761166167521516e-18
-8.857799999999919294e+00;2.457582890758959909e-17;-1.156885038993298975e+00;9.884236022290985407e-18;-2.250051654408764895e-17
-8.791199999999921744e+00;3.968537174175509954e-17;-1.254645893271859602e+00;1.233858265840005119e-17;-3.771853799212164147e-17
-8.724599999999922417e+00;5.397908138200634135e-17;-1.441086551225858159e+00;6.981997783473040917e-18;-5.352562875666983348e-17
-8.657999999999921314e+00;6.397186777332535590e-17;-1.632431954076952518e+00;-3.940450163171307334e-18;-6.385039325579277609e-17
-8.591399999999923764e+00;7.138217300251119226e-17;-1.811993828856428568e+00;-1.705074807781091873e-17;-6.931584676354653258e-17
-8.524799999999924438e+00;7.281578084069675906e-17;-2.017692369133188279e+00;-3.146868631399862637e-17;-6.566475250171538866e-17
-8.458199999999923335e+00;7.089113812901405352e-17;-2.223430295059875661e+00;-4.305085284103853957e-17;-5.632208745142702616e-17
-8.391599999999925785e+00;6.665881594200306325e-17;-2.451646750397237451e+00;-5.141264145609079174e-17;-4.242803367229380770e-17
-8.324999999999924682e+00;5.982643448678657385e-17;-2.685320176937750158e+00;-5.370625578254165270e-17;-2.635982460529617229e-17
-8.258399999999927132e+00;5.119710911406261270e-17;-2.934398536166475502e+00;-5.010210421556902331e-17;-1.053200526060891425e-17
-8.191799999999926030e+00;4.048366366592581178e-17;3.090974705256487987e+00;-4.043181158877061996e-17;2.048325039137030246e-18
-8.125199999999926703e+00;3.095802377874366319e-17;2.816814241726253165e+00;-2.933958343819757545e-17;9.878667924285148694e-18
-8.058599999999927377e+00;2.116292087472509555e-17;2.528345565877908374e+00;-1.730668854471353972e-17;1.217980917609780730e-17
-7.991999999999928050e+00;1.033203377466220035e-17;2.309566662502234635e+00;-6.957378018456418929e-18;7.638443102429961563e-18
-7.925399999999929612e+00;1.410153454689154441e-18;6.752675270448148248e-02;1.406939623377311494e-18;9.515073274897026491e-20
-7.858799999999929398e+00;9.296431182676043319e-18;-1.210899584774955962e+00;3.273994753516237255e-18;-8.700838527876473577e-18
-7.792199999999930071e+00;1.735371831837229057e-17;-1.592197906509067451e+00;-3.713686348979637912e-19;-1.734974422896268645e-17
-7.725599999999930745e+00;2.414668173555350896e-17;-1.863748327494890278e+00;-6.973071788914514439e-18;-2.311792613243580119e-17
-7.658999999999931418e+00;3.082293277859089696e-17;-2.136052195288041577e+00;-1.650974611233860305e-17;-2.602847418462430079e-17
-7.592399999999932092e+00;3.423035695858708612e-17;-2.365088048886895944e+00;-2.441882176091396881e-17;-2.398829884174794442e-17
-7.525799999999932766e+00;3.693589758711384939e-17;-2.648643293248915231e+00;-3.253834573296030789e-17;-1.747903279727189172e-17
-7.459199999999932551e+00;3.641529619178913855e-17;-2.879255575616667784e+00;-3.516940226426522857e-17;-9.443883793759238491e-18
-7.392599999999934113e+00;3.704264231810030370e-17;-3.124096004831260043e+00;-3.703697248036280206e-17;-6.480890336705422206e-19
-7.325999999999934786e+00;3.321297609497415349e-17;2.891308190154149305e+00;-3.217812635617040234e-17;8.226175617603621615e-18
-7.259399999999934572e+00;2.958598639228909609e-17;2.602206137753560355e+00;-2.538548444233143604e-17;1.519564972065572193e-17
-7.192799999999936134e+00;2.423149925904467551e-17;2.196872229304849711e+00;-1.419891832702210614e-17;1.963558694522876712e-17
-7.126199999999935919e+00;1.880088230806591696e-17;2.135512851350448216e+00;-1.006178802864324014e-17;1.588186378320874435e-17
-7.059599999999936593e+00;1.575602937010235946e-17;1.968893101670158297e+00;-6.108055637204171405e-18;1.452391537583259820e-17
-6.992999999999937266e+00;6.861980139378190274e-18;1.541609191044627014e+00;2.002531107841485348e-19;6.859057524532215128e-18
-6.926399999999937940e+00;6.283648765069533517e-18;1.605873469482061111e+00;-2.203672476455465997e-19;6.279783442040417773e-18
-6.859799999999938613e+00;3.076671557449576595e-18;2.307966073623763936e+00;-2.068123732303365982e-18;2.277887639964446878e-18
-6.793199999999939287e+00;4.873301709219853624e-18;-2.603621455924275629e+00;-4.184947822167874647e-18;-2.497054519792771497e-18
-6.726599999999939072e+00;8.218180916516502029e-18;3.097838252541321502e+00;-8.210315533047025258e-18;3.594668613415519185e-19
-6.659999999999940634e+00;1.121949585143711821e-17;2.691201323946240453e+00;-1.010065203033791028e-17;4.884047063905644798e-18
-6.593399999999941308e+00;1.557019025689318476e-17;2.388658876609575099e+00;-1.136134901947926581e-17;1.064662261439885109e-17
-6.526799999999941093e+00;2.070423573072578947e-17;1.933346699104384836e+00;-7.342963630704605637e-18;1.935836414348102822e-17
-6.460199999999942655e+00;2.217646025503262016e-17;1.707752048775069031e+00;-3.027707319772554205e-18;2.196880465179744550e-17
-6.393599999999942440e+00;2.382158568860217156e-17;1.359713847736196524e+00;4.991062317247567893e-18;2.329285816864832575e-17
-6.326999999999943114e+00;2.646958023822864428e-17;1.080798150252576084e+00;1.245722712229501936e-17;2.335500311307155294e-17
-6.260399999999943788e+00;2.659219036126993375e-17;8.578445078118877021e-01;1.739313998773307660e-17;2.011524967722593659e-17
-6.193799999999944461e+00;2.474489629418209543e-17;5.988355953884546556e-01;2.043909943400227309e-17;1.394822952696129176e-17
-6.127199999999945135e+00;2.171287785516519884e-17;4.239742097147166655e-01;1.979044588367044918e-17;8.932374627098587833e-18
-6.060599999999945808e+00;1.655442835651083999e-17;1.402633170068653123e-01;1.639185092132591338e-17;2.314372827328597526e-18
-5.993999999999945594e+00;9.965090294278015333e-18;4.709909045411457551e-02;9.954039436286818078e-18;4.691731812036139210e-19
-5.927399999999947156e+00;5.326790940064791849e-18;-1.367419463375590949e-01;5.277067364640981122e-18;-7.261279144871420272e-19
-5.860799999999947829e+00;1.219473604076751889e-18;1.099670443881202581e-01;1.212107636236212353e-18;1.338317944951979590e-19
-5.794199999999947615e+00;1.396299083939058492e-18;3.020302568938757481e+00;-1.386040992374043492e-18;1.689422956746783463e-19
-5.727599999999949176e+00;3.744356775826241972e-18;2.621799246191993671e+00;-3.249808921087279329e-18;1.859825164120924019e-18
-5.660999999999949850e+00;6.552086194765350082e-18;-3.132654467832455936e+00;-6.551824469609380577e-18;-5.856298372213306304e-20
-5.594399999999949635e+00;1.188315334558250122e-17;3.018018947157480092e+00;-1.179253813062684191e-17;1.464710849396748642e-18
-5.527799999999950309e+00;1.675218580844285390e-17;2.883124363140156188e+00;-1.619572203764728900e-17;4.281859063521375316e-18
-5.461199999999950982e+00;2.337921013576604724e-17;2.608934181945175013e+00;-2.014025616643124270e-17;1.187255440597490081e-17
-5.394599999999951656e+00;2.808708473789135480e-17;2.333630520478958026e+00;-1.940741723270436189e-17;2.030360769492011153e-17
-5.327999999999952330e+00;3.184497684580497970e-17;2.088517054485480973e+00;-1.576010619407088526e-17;2.767167510400235741e-17
-5.261399999999952115e+00;3.572861172292277271e-17;1.731111423084385814e+00;-5.703332220090284436e-18;3.527046494213896984e-17
-5.194799999999953677e+00;3.482442568933423471e-17;1.427090780203016607e+00;4.987256140377254529e-18;3.446545953243959612e-17
-5.128199999999954350e+00;3.435336947131879201e-17;1.051695594134290035e+00;1.704269064085159096e-17;2.982785090738465039e-17
-5.061599999999954136e+00;3.105630133071393046e-17;6.719645849086410827e-01;2.430466683610930180e-17;1.933331379587660888e-17
-4.994999999999955698e+00;2.629505081343407741e-17;3.246713399315238613e-01;2.492128216765763699e-17;8.388050572157373134e-18
-4.928399999999956371e+00;1.995230287663368056e-17;-2.133061653088883652e-02;1.994776394770208740e-17;-4.255626483626506545e-19
-4.861799999999956157e+00;1.337577514869079504e-17;-3.711172796134341589e-01;1.246518900240435993e-17;-4.850816834582774376e-18
-4.795199999999956830e+00;5.780021007088969695e-18;-8.613213228168100644e-01;3.765311130484824752e-18;-4.385324951817923785e-18
-4.728599999999958392e+00;4.380961460306094997e-18;2.266692084620754777e+00;-2.808516862555861128e-18;3.362299265298479484e-18
-4.661999999999958177e+00;9.296738144118914625e-18;1.859125644296994784e+00;-2.643535909532976467e-18;8.912971334820126472e-18
-4.595399999999958851e+00;1.474297216470366209e-17;1.657876306837385405e+00;-1.282195821789727541e-18;1.468711006712389166e-17
-4.528799999999958636e+00;1.544291027807620643e-17;1.553852526481150464e+00;2.616490680203424916e-19;1.544069356026198194e-17
-4.462199999999960198e+00;1.665232648874116352e-17;1.306761816863146963e+00;4.345880188197989816e-18;1.607523881245497273e-17
-4.395599999999960872e+00;1.539501906590093167e-17;9.714629231731531922e-01;8.684209900732019474e-18;1.271184921400034324e-17
-4.328999999999960657e+00;2.003165992586322398e-17;5.032336520800916313e-01;1.754828859108260224e-17;9.660484817518983583e-18
-4.262399999999962219e+00;5.942406698841705386e-17;-5.870657216130088264e-03;5.942304297752867250e-17;-3.488563238027424528e-19
-4.195799999999962893e+00;2.775070211233018299e-16;-2.770528560567493415e-01;2.669244915967763874e-16;-7.590429868282276320e-17
-4.129199999999963566e+00;1.335440781505114579e-15;-4.886873353828604660e-01;1.179127267381140347e-15;-6.269457458387258269e-16
-4.062599999999963352e+00;5.985542190718624902e-15;-6.852798281033078975e-01;4.634258019670413177e-15;-3.788187947289993893e-15
-3.995999999999964025e+00;2.452228107406380786e-14;-8.798005626945465396e-01;1.562816855394455258e-14;-1.889715895908394689e-14
-3.929399999999964699e+00;9.020536669605621860e-14;-1.074468886790029165e+00;4.295573591106979013e-14;-7.932094889188100515e-14
-3.862799999999965372e+00;2.875883241739142323e-13;-1.269213339649401417e+00;8.542296994658318522e-14;-2.746087405867947047e-13
-3.796199999999966046e+00;7.230387426199508197e-13;-1.463988224554985340e+00;7.707964693185115702e-14;-7.189184594641457246e-13
-3.729599999999966276e+00;8.968406193504023602e-13;-1.658764197281591413e+00;-7.879144838136818055e-14;-8.933728248490546582e-13
-3.662999999999967393e+00;4.282684367379619392e-12;1.288052784124174011e+00;1.194831686823026414e-12;4.112634512178466854e-12
-3.596399999999968067e+00;4.341225144042557278e-11;1.093274171092815106e+00;1.995139925603054527e-11;3.855600138568826897e-11
-3.529799999999968296e+00;2.446253902064618518e-10;8.984954779612911446e-01;1.523497078303424472e-10;1.913926541371769104e-10
-3.463199999999968970e+00;1.105528115406058398e-09;7.037167483336136398e-01;8.429016366464115014e-10;7.153385526392882678e-10
-3.396599999999969643e+00;4.354091625582599339e-09;5.089380078521383854e-01;3.802264745729030672e-09;2.121531684268391601e-09
-3.329999999999970317e+00;1.543031318860336404e-08;3.141592648074920668e-01;1.467509990912589605e-08;4.768228995713192182e-09
-3.263399999999970547e+00;4.994684711686310885e-08;1.193805206603535951e-01;4.959135565648861868e-08;5.948527638580046214e-09
-3.196799999999971220e+00;1.487583068292663114e-07;-7.539822373366543429e-02;1.483356696419697938e-07;-1.120548805624017541e-08
-3.130199999999971894e+00;4.088550206857398850e-07;-2.701769682273506556e-01;3.940232644205664816e-07;-1.091242183719873185e-07
-3.063599999999972567e+00;1.036590341471544472e-06;-4.649557127365002707e-01;9.265473870799481504e-07;-4.647897110817039829e-07
-2.996999999999972797e+00;2.415079802304007504e-06;-6.597344572564767251e-01;1.908287411073924564e-06;-1.480219445971962208e-06
-2.930399999999973915e+00;5.125665332392261731e-06;-8.545132017769753174e-01;3.365438846003369591e-06;-3.866040154149899941e-06
-2.863799999999974588e+00;9.735126291417361033e-06;-1.049291946299542699e+00;4.849894916978348166e-06;-8.441042779426789847e-06
-2.797199999999974818e+00;1.591091123109150007e-05;-1.244070690821828196e+00;5.106505285824509229e-06;-1.506919705788997867e-05
-2.730599999999975491e+00;2.004378871302352579e-05;-1.438849435344170535e+00;2.637048215809165495e-06;-1.986956070676518317e-05
-2.663999999999976165e+00;1.014083821688493777e-05;-1.633628179866831065e+00;-6.367485001023233195e-07;-1.012082758911797281e-05
-2.597399999999976838e+00;4.338214246265281184e-05;1.313185729200487817e+00;1.105249991691184258e-05;4.195059630370666533e-05
-2.530799999999977068e+00;2.016449063728080612e-04;1.118406984677964733e+00;8.814216784040587759e-05;1.813604877433126013e-04
-2.464199999999978186e+00;5.743004573063689071e-04;9.236282401553977950e-01;3.462627115155269566e-04;4.581737114634790923e-04
-2.397599999999978415e+00;1.333631237949767364e-03;7.288494956328335217e-01;9.948104132097182299e-04;8.882142312555788314e-04
-2.330999999999979089e+00;2.714339972028535428e-03;5.340707511102669169e-01;2.336346489501666627e-03;1.381711462189233811e-03
-2.264399999999979318e+00;4.983649244113815685e-03;3.392920065877010893e-01;4.699534071408950804e-03;1.658655871488302945e-03
-2.197799999999980436e+00;8.368191553788784445e-03;1.445132620651345401e-01;8.280962517521786928e-03;1.205109814208303208e-03
-2.131199999999981110e+00;1.293621709113787661e-02;-5.026548245743246018e-02;1.291987808759779456e-02;-6.499714075696498517e-04
-2.064599999999981783e+00;1.845667288391780042e-02;-2.450442269799992800e-01;1.790530924740642293e-02;-4.477574644680830211e-03
-1.997999999999982013e+00;2.428441222188338841e-02;-4.398229715025663844e-01;2.197319313159657589e-02;-1.033979983190759858e-02
-1.931399999999982686e+00;2.933908298651784208e-02;-6.346017160251334888e-01;2.362699488857591609e-02;-1.739387544582829057e-02
-1.864799999999983138e+00;3.223715263137321568e-02;-8.293804605477008707e-01;2.177080681237145501e-02;-2.377532293191522011e-02
-1.798199999999984033e+00;3.159244221849440148e-02;-1.024159205070268142e+00;1.642229936091619061e-02;-2.698871039952371181e-02
-1.731599999999984485e+00;2.642870407600529312e-02;-1.218937949592835412e+00;9.108465828468846961e-03;-2.480951933006107779e-02
-1.664999999999985159e+00;1.657706387031364012e-02;-1.413716694115402905e+00;2.593224118490320730e-03;-1.637297270600968080e-02
-1.598399999999985610e+00;2.900509481324122819e-03;-1.608495438637970398e+00;-1.093207321869724461e-04;-2.898448589981411899e-03
-1.531799999999986284e+00;1.277524826734087460e-02;1.338318470429255891e+00;2.943282123963721422e-03;1.243157506637640811e-02
-1.465199999999986957e+00;2.804411834964848360e-02;1.143539725906688398e+00;1.162079783457991601e-02;2.552311955261177268e-02
-1.398599999999987409e+00;4.050975233603981013e-02;9.487609813841211270e-01;2.360464701994213765e-02;3.292203932612953327e-02
-1.331999999999988082e+00;4.838791125778903190e-02;7.539822368615537451e-01;3.527326925337942454e-02;3.312380461345381527e-02
-1.265399999999988534e+00;5.091617049557014413e-02;5.592034923389864742e-01;4.316051431904102675e-02;2.701159790996865082e-02
-1.198799999999989208e+00;4.844366223579470165e-02;3.644247478164190368e-01;4.526231570549533317e-02;1.726589666920988475e-02
-1.132199999999989659e+00;4.220044910967704621e-02;1.696460032938515161e-01;4.159464457781351238e-02;7.124847191611311144e-03
-1.065599999999990555e+00;3.386196985888507288e-02;-2.513274122871598029e-02;3.385127588591507058e-02;-8.509545344531188171e-04
-9.989999999999910063e-01;2.507904375821888923e-02;-2.199114857512833032e-01;2.447505917704114603e-02;-5.470823896543543056e-03
-9.323999999999915689e-01;1.712347922101080736e-02;-4.146902302738509905e-01;1.567211320158785892e-02;-6.899159979954401674e-03
-8.657999999999922425e-01;1.072607773151051241e-02;-6.094689747964183724e-01;8.794870060740816661e-03;-6.139951475141357078e-03
-7.991999999999928050e-01;6.099756227432707664e-03;-8.042477193189865314e-01;4.231116071810944387e-03;-4.393709460235989059e-03
-7.325999999999934786e-01;3.082413998875740361e-03;-9.990264638415544685e-01;1.667959722645050678e-03;-2.592139352754588809e-03
-6.659999999999940412e-01;1.317509149605257130e-03;-1.193805208364123516e+00;4.850074663564031205e-04;-1.224989027245595432e-03
-5.993999999999946038e-01;4.081569902480666648e-04;-1.388583952886691453e+00;7.396039909765381333e-05;-4.014000349447868635e-04
-5.327999999999952774e-01;1.387921299683324342e-05;-1.583362697409326003e+00;-1.744067440687272532e-07;-1.387811715252065899e-05
-4.661999999999957844e-01;1.105022132636489349e-04;1.363451211657961348e+00;2.274827389730151326e-05;1.081353557855075487e-04
-3.995999999999964025e-01;1.168744838964417350e-04;1.168672467135357884e+00;4.574159532226082248e-05;1.075516222259531899e-04
-3.329999999999970206e-01;8.588041800799197387e-05;9.738937226127691860e-01;4.827195544528981285e-05;7.103002544498620858e-05
-2.663999999999976387e-01;5.284351104856033779e-05;7.791149780901145405e-01;3.760004342005945785e-05;3.713049144233027652e-05
-1.997999999999982013e-01;2.885805633893445744e-05;5.843362335675290620e-01;2.406988242830184605e-05;1.591942761373163964e-05
-1.331999999999988193e-01;1.453605583847401969e-05;3.895574890448608718e-01;1.344697393344677214e-05;5.520490138786381504e-06
-6.659999999999940967e-02;7.431465898001725070e-06;1.947787445222735336e-01;7.290940723233425723e-06;1.438356271394201453e-06
0.000000000000000000e+00;5.336131387609355575e-06;-0.000000000000000000e+00;5.336131387609355575e-06;-0.000000000000000000e+00
6.659999999999940967e-02;7.431465898001725070e-06;-1.947787445222735336e-01;7.290940723233425723e-06;-1.438356271394201453e-06
1.331999999999988193e-01;1.453605583847401969e-05;-3.895574890448608718e-01;1.344697393344677214e-05;-5.520490138786381504e-06
1.997999999999982013e-01;2.885805633893445744e-05;-5.843362335675290620e-01;2.406988242830184605e-05;-1.591942761373163964e-05
2.663999999999976387e-01;5.284351104856033779e-05;-7.791149780901145405e-01;3.760004342005945785e-05;-3.713049144233027652e-05
3.329999999999970206e-01;8.588041800799197387e-05;-9.738937226127691860e-01;4.827195544528981285e-05;-7.103002544498620858e-05
3.995999999999964025e-01;1.168744838964417350e-04;-1.168672467135357884e+00;4.574159532226082248e-05;-1.075516222259531899e-04
4.661999999999957844e-01;1.105022132636489349e-04;-1.363451211657961348e+00;2.274827389730151326e-05;-1.081353557855075487e-04
5.327999999999952774e-01;1.387921299683324342e-05;1.583362697409326003e+00;-1.744067440687272532e-07;1.387811715252065899e-05
5.993999999999946038e-01;4.081569902480666648e-04;1.388583952886691453e+00;7.396039909765381333e-05;4.014000349447868635e-04
6.659999999999940412e-01;1.317509149605257130e-03;1.193805208364123516e+00;4.850074663564031205e-04;1.224989027245595432e-03
7.325999999999934786e-01;3.082413998875740361e-03;9.990264638415544685e-01;1.667959722645050678e-03;2.592139352754588809e-03
7.991999999999928050e-01;6.099756227432707664e-03;8.042477193189865314e-01;4.231116071810944387e-03;4.393709460235989059e-03
8.657999999999922425e-01;1.072607773151051241e-02;6.094689747964183724e-01;8.794870060740816661e-03;6.139951475141357078e-03
9.323999999999915689e-01;1.712347922101080736e-02;4.146902302738509905e-01;1.567211320158785892e-02;6.899159979954401674e-03
9.989999999999910063e-01;2.507904375821888923e-02;2.199114857512833032e-01;2.447505917704114603e-02;5.470823896543543056e-03
1.065599999999990555e+00;3.386196985888507288e-02;2.513274122871598029e-02;3.385127588591507058e-02;8.509545344531188171e-04
1.132199999999989659e+00;4.220044910967704621e-02;-1.696460032938515161e-01;4.159464457781351238e-02;-7.124847191611311144e-03
1.198799999999989208e+00;4.844366223579470165e-02;-3.644247478164190368e-01;4.526231570549533317e-02;-1.726589666920988475e-02
1.265399999999988534e+00;5.091617049557014413e-02;-5.592034923389864742e-01;4.316051431904102675e-02;-2.701159790996865082e-02
1.331999999999988082e+00;4.838791125778903190e-02;-7.539822368615537451e-01;3.527326925337942454e-02;-3.312380461345381527e-02
1.398599999999987409e+00;4.050975233603981013e-02;-9.487609813841211270e-01;2.360464701994213765e-02;-3.292203932612953327e-02
1.465199999999986957e+00;2.804411834964848360e-02;-1.143539725906688398e+00;1.162079783457991601e-02;-2.552311955261177268e-02
1.531799999999986284e+00;1.277524826734087460e-02;-1.338318470429255891e+00;2.943282123963721422e-03;-1.243157506637640811e-02
1.598399999999985610e+00;2.900509481324122819e-03;1.608495438637970398e+00;-1.093207321869724461e-04;2.898448589981411899e-03
1.664999999999985159e+00;1.657706387031364012e-02;1.413716694115402905e+00;2.593224118490320730e-03;1.637297270600968080e-02
1.731599999999984485e+00;2.642870407600529312e-02;1.218937949592835412e+00;9.108465828468846961e-03;2.480951933006107779e-02
1.798199999999984033e+00;3.159244221849440148e-02;1.024159205070268142e+00;1.642229936091619061e-02;2.698871039952371181e-02
1.864799999999983138e+00;3.223715263137321568e-02;8.293804605477008707e-01;2.177080681237145501e-02;2.377532293191522011e-02
1.931399999999982686e+00;2.933908298651784208e-02;6.346017160251334888e-01;2.362699488857591609e-02;1.739387544582829057e-02
1.997999999999982013e+00;2.428441222188338841e-02;4.398229715025663844e-01;2.197319313159657589e-02;1.033979983190759858e-02
2.064599999999981783e+00;1.845667288391780042e-02;2.450442269799992800e-01;1.790530924740642293e-02;4.477574644680830211e-03
2.131199999999981110e+00;1.293621709113787661e-02;5.026548245743246018e-02;1.291987808759779456e-02;6.499714075696498517e-04
2.197799999999980436e+00;8.368191553788784445e-03;-1.445132620651345401e-01;8.280962517521786928e-03;-1.205109814208303208e-03
2.264399999999979318e+00;4.983649244113815685e-03;-3.392920065877010893e-01;4.699534071408950804e-03;-1.658655871488302945e-03
2.330999999999979089e+00;2.714339972028535428e-03;-5.340707511102669169e-01;2.336346489501666627e-03;-1.381711462189233811e-03
2.397599999999978415e+00;1.333631237949767364e-03;-7.288494956328335217e-01;9.948104132097182299e-04;-8.882142312555788314e-04
2.464199999999978186e+00;5.743004573063689071e-04;-9.236282401553977950e-01;3.462627115155269566e-04;-4.581737114634790923e-04
2.530799999999977068e+00;2.016449063728080612e-04;-1.118406984677964733e+00;8.814216784040587759e-05;-1.813604877433126013e-04
2.597399999999976838e+00;4.338214246265281184e-05;-1.313185729200487817e+00;1.105249991691184258e-05;-4.195059630370666533e-05
2.663999999999976165e+00;1.014083821688493777e-05;1.633628179866831065e+00;-6.367485001023233195e-07;1.012082758911797281e-05
2.730599999999975491e+00;2.004378871302352579e-05;1.438849435344170535e+00;2.637048215809165495e-06;1.986956070676518317e-05
2.797199999999974818e+00;1.591091123109150007e-05;1.244070690821828196e+00;5.106505285824509229e-06;1.506919705788997867e-05
2.863799999999974588e+00;9.735126291417361033e-06;1.049291946299542699e+00;4.849894916978348166e-06;8.441042779426789847e-06
2.930399999999973915e+00;5.125665332392261731e-06;8.545132017769753174e-01;3.365438846003369591e-06;3.866040154149899941e-06
2.996999999999972797e+00;2.415079802304007504e-06;6.597344572564767251e-01;1.908287411073924564e-06;1.480219445971962208e-06
3.063599999999972567e+00;1.036590341471544472e-06;4.649557127365002707e-01;9.265473870799481504e-07;4.647897110817039829e-07
3.130199999999971894e+00;4.088550206857398850e-07;2.701769682273506556e-01;3.940232644205664816e-07;1.091242183719873185e-07
3.196799999999971220e+00;1.487583068292663114e-07;7.539822373366543429e-02;1.483356696419697938e-07;1.120548805624017541e-08
3.263399999999970547e+00;4.994684711686310885e-08;-1.193805206603535951e-01;4.959135565648861868e-08;-5.948527638580046214e-09
3.329999999999970317e+00;1.543031318860336404e-08;-3.141592648074920668e-01;1.467509990912589605e-08;-4.768228995713192182e-09
3.396599999999969643e+00;4.354091625582599339e-09;-5.089380078521383854e-01;3.802264745729030672e-09;-2.121531684268391601e-09
3.463199999999968970e+00;1.105528115406058398e-09;-7.037167483336136398e-01;8.429016366464115014e-10;-7.153385526392882678e-10
3.529799999999968296e+00;2.446253902064618518e-10;-8.984954779612911446e-01;1.523497078303424472e-10;-1.913926541371769104e-10
3.596399999999968067e+00;4.341225144042557278e-11;-1.093274171092815106e+00;1.995139925603054527e-11;-3.855600138568826897e-11
3.662999999999967393e+00;4.282684367379619392e-12;-1.288052784124174011e+00;1.194831686823026414e-12;-4.112634512178466854e-12
3.729599999999966276e+00;8.968406193504023602e-13;1.658764197281591413e+00;-7.879144838136818055e-14;8.933728248490546582e-13
3.796199999999966046e+00;7.230387426199508197e-13;1.463988224554985340e+00;7.707964693185115702e-14;7.189184594641457246e-13
3.862799999999965372e+00;2.875883241739142323e-13;1.269213339649401417e+00;8.542296994658318522e-14;2.746087405867947047e-13
3.929399999999964699e+00;9.020536669605621860e-14;1.074468886790029165e+00;4.295573591106979013e-14;7.932094889188100515e-14
3.995999999999964025e+00;2.452228107406380786e-14;8.798005626945465396e-01;1.562816855394455258e-14;1.889715895908394689e-14
4.062599999999963352e+00;5.985542190718624902e-15;6.852798281033078975e-01;4.634258019670413177e-15;3.788187947289993893e-15
4.129199999999963566e+00;1.335440781505114579e-15;4.886873353828604660e-01;1.179127267381140347e-15;6.269457458387258269e-16
4.195799999999962893e+00;2.775070211233018299e-16;2.770528560567493415e-01;2.669244915967763874e-16;7.590429868282276320e-17
4.262399999999962219e+00;5.942406698841705386e-17;5.870657216130088264e-03;5.942304297752867250e-17;3.488563238027424528e-19
4.328999999999960657e+00;2.003165992586322398e-17;-5.032336520800916313e-01;1.754828859108260224e-17;-9.660484817518983583e-18
4.395599999999960872e+00;1.539501906590093167e-17;-9.714629231731531922e-01;8.684209900732019474e-18;-1.271184921400034324e-17
4.462199999999960198e+00;1.665232648874116352e-17;-1.306761816863146963e+00;4.345880188197989816e-18;-1.607523881245497273e-17
4.528799999999958636e+00;1.544291027807620643e-17;-1.553852526481150464e+00;2.616490680203424916e-19;-1.544069356026198194e-17
4.595399999999958851e+00;1.474297216470366209e-17;-1.657876306837385405e+00;-1.282195821789727541e-18;-1.468711006712389166e-17
4.661999999999958177e+00;9.296738144118914625e-18;-1.859125644296994784e+00;-2.643535909532976467e-18;-8.912971334820126472e-18
4.728599999999958392e+00;4.380961460306094997e-18;-2.266692084620754777e+00;-2.808516862555861128e-18;-3.362299265298479484e-18
4.795199999999956830e+00;5.780021007088969695e-18;8.613213228168100644e-01;3.765311130484824752e-18;4.385324951817923785e-18
4.861799999999956157e+00;1.337577514869079504e-17;3.711172796134341589e-01;1.246518900240435993e-17;4.850816834582774376e-18
4.928399999999956371e+00;1.995230287663368056e-17;2.133061653088883652e-02;1.994776394770208740e-17;4.255626483626506545e-19
4.994999999999955698e+00;2.629505081343407741e-17;-3.246713399315238613e-01;2.492128216765763699e-17;-8.388050572157373134e-18
5.061599999999954136e+00;3.105630133071393046e-17;-6.719645849086410827e-01;2.430466683610930180e-17;-1.933331379587660888e-17
5.128199999999954350e+00;3.435336947131879201e-17;-1.051695594134290035e+00;1.704269064085159096e-17;-2.982785090738465039e-17
5.194799999999953677e+00;3.482442568933423471e-17;-1.427090780203016607e+00;4.987256140377254529e-18;-3.446545953243959612e-17
5.261399999999952115e+00;3.572861172292277271e-17;-1.731111423084385814e+00;-5.703332220090284436e-18;-3.527046494213896984e-17
5.327999999999952330e+00;3.184497684580497970e-17;-2.088517054485480973e+00;-1.576010619407088526e-17;-2.767167510400235741e-17
5.394599999999951656e+00;2.808708473789135480e-17;-2.333630520478958026e+00;-1.940741723270436189e-17;-2.030360769492011153e-17
5.461199999999950982e+00;2.337921013576604724e-17;-2.608934181945175013e+00;-2.014025616643124270e-17;-1.187255440597490081e-17
5.527799999999950309e+00;1.675218580844285390e-17;-2.883124363140156188e+00;-1.619572203764728900e-17;-4.281859063521375316e-18
5.594399999999949635e+00;1.188315334558250122e-17;-3.018018947157480092e+00;-1.179253813062684191e-17;-1.464710849396748642e-18
5.660999999999949850e+00;6.552086194765350082e-18;3.132654467832455936e+00;-6.551824469609380577e-18;5.856298372213306304e-20
5.727599999999949176e+00;3.744356775826241972e-18;-2.621799246191993671e+00;-3.249808921087279329e-18;-1.859825164120924019e-18
5.794199999999947615e+00;1.396299083939058492e-18;-3.020302568938757481e+00;-1.386040992374043492e-18;-1.689422956746783463e-19
5.860799999999947829e+00;1.219473604076751889e-18;-1.099670443881202581e-01;1.212107636236212353e-18;-1.338317944951979590e-19
5.927399999999947156e+00;5.326790940064791849e-18;1.367419463375590949e-01;5.277067364640981122e-18;7.261279144871420272e-19
5.993999999999945594e+00;9.965090294278015333e-18;-4.709909045411457551e-02;9.954039436286818078e-18;-4.691731812036139210e-19
6.060599999999945808e+00;1.655442835651083999e-17;-1.402633170068653123e-01;1.639185092132591338e-17;-2.314372827328597526e-18
6.127199999999945135e+00;2.171287785516519884e-17;-4.239742097147166655e-01;1.979044588367044918e-17;-8.932374627098587833e-18
6.193799999999944461e+00;2.474489629418209543e-17;-5.988355953884546556e-01;2.043909943400227309e-17;-1.394822952696129176e-17
6.260399999999943788e+00;2.659219036126993375e-17;-8.578445078118877021e-01;1.739313998773307660e-17;-2.011524967722593659e-17
6.326999999999943114e+00;2.646958023822864428e-17;-1.080798150252576084e+00;1.245722712229501936e-17;-2.335500311307155294e-17
6.393599999999942440e+00;2.382158568860217156e-17;-1.359713847736196524e+00;4.991062317247567893e-18;-2.329285816864832575e-17
6.460199999999942655e+00;2.217646025503262016e-17;-1.707752048775069031e+00;-3.027707319772554205e-18;-2.196880465179744550e-17
6.526799999999941093e+00;2.070423573072578947e-17;-1.933346699104384836e+00;-7.342963630704605637e-18;-1.935836414348102822e-17
6.593399999999941308e+00;1.557019025689318476e-17;-2.388658876609575099e+00;-1.136134901947926581e-17;-1.064662261439885109e-17
6.659999999999940634e+00;1.121949585143711821e-17;-2.691201323946240453e+00;-1.010065203033791028e-17;-4.884047063905644798e-18
6.726599999999939072e+00;8.218180916516502029e-18;-3.097838252541321502e+00;-8.210315533047025258e-18;-3.594668613415519185e-19
6.793199999999939287e+00;4.873301709219853624e-18;2.603621455924275629e+00;-4.184947822167874647e-18;2.497054519792771497e-18
6.859799999999938613e+00;3.076671557449576595e-18;-2.307966073623763936e+00;-2.068123732303365982e-18;-2.277887639964446878e-18
6.926399999999937940e+00;6.283648765069533517e-18;-1.605873469482061111e+00;-2.203672476455465997e-19;-6.279783442040417773e-18
6.992999999999937266e+00;6.861980139378190274e-18;-1.541609191044627014e+00;2.002531107841485348e-19;-6.859057524532215128e-18
7.059599999999936593e+00;1.575602937010235946e-17;-1.968893101670158297e+00;-6.108055637204171405e-18;-1.452391537583259820e-17
7.126199999999935919e+00;1.880088230806591696e-17;-2.135512851350448216e+00;-1.006178802864324014e-17;-1.588186378320874435e-17
7.192799999999936134e+00;2.423149925904467551e-17;-2.196872229304849711e+00;-1.419891832702210614e-17;-1.963558694522876712e-17
7.259399999999934572e+00;2.958598639228909609e-17;-2.602206137753560355e+00;-2.538548444233143604e-17;-1.519564972065572193e-17
7.325999999999934786e+00;3.321297609497415349e-17;-2.891308190154149305e+00;-3.217812635617040234e-17;-8.226175617603621615e-18
7.392599999999934113e+00;3.704264231810030370e-17;3.124096004831260043e+00;-3.703697248036280206e-17;6.480890336705422206e-19
7.459199999999932551e+00;3.641529619178913855e-17;2.879255575616667784e+00;-3.516940226426522857e-17;9.443883793759238491e-18
7.525799999999932766e+00;3.693589758711384939e-17;2.648643293248915231e+00;-3.253834573296030789e-17;1.747903279727189172e-17
7.592399999999932092e+00;3.423035695858708612e-17;2.365088048886895944e+00;-2.441882176091396881e-17;2.398829884174794442e-17
7.658999999999931418e+00;3.082293277859089696e-17;2.136052195288041577e+00;-1.650974611233860305e-17;2.602847418462430079e-17
7.725599999999930745e+00;2.414668173555350896e-17;1.863748327494890278e+00;-6.973071788914514439e-18;2.311792613243580119e-17
7.792199999999930071e+00;1.735371831837229057e-17;1.592197906509067451e+00;-3.713686348979637912e-19;1.734974422896268645e-17
7.858799999999929398e+00;9.296431182676043319e-18;1.210899584774955962e+00;3.273994753516237255e-18;8.700838527876473577e-18
7.925399999999929612e+00;1.410153454689154441e-18;-6.752675270448148248e-02;1.406939623377311494e-18;-9.515073274897026491e-20
7.991999999999928050e+00;1.033203377466220035e-17;-2.309566662502234635e+00;-6.957378018456418929e-18;-7.638443102429961563e-18
8.058599999999927377e+00;2.116292087472509555e-17;-2.528345565877908374e+00;-1.730668854471353972e-17;-1.217980917609780730e-17
8.125199999999926703e+00;3.095802377874366319e-17;-2.816814241726253165e+00;-2.933958343819757545e-17;-9.878667924285148694e-18
8.191799999999926030e+00;4.048366366592581178e-17;-3.090974705256487987e+00;-4.043181158877061996e-17;-2.048325039137030246e-18
8.258399999999927132e+00;5.119710911406261270e-17;2.934398536166475502e+00;-5.010210421556902331e-17;1.053200526060891425e-17
8.324999999999924682e+00;5.982643448678657385e-17;2.685320176937750158e+00;-5.370625578254165270e-17;2.635982460529617229e-17
8.391599999999925785e+00;6.665881594200306325e-17;2.451646750397237451e+00;-5.141264145609079174e-17;4.242803367229380770e-17
8.458199999999923335e+00;7.089113812901405352e-17;2.223430295059875661e+00;-4.305085284103853957e-17;5.632208745142702616e-17
8.524799999999924438e+00;7.281578084069675906e-17;2.017692369133188279e+00;-3.146868631399862637e-17;6.566475250171538866e-17
8.591399999999923764e+00;7.138217300251119226e-17;1.811993828856428568e+00;-1.705074807781091873e-17;6.931584676354653258e-17
8.657999999999921314e+00;6.397186777332535590e-17;1.632431954076952518e+00;-3.940450163171307334e-18;6.385039325579277609e-17
8.724599999999922417e+00;5.397908138200634135e-17;1.441086551225858159e+00;6.981997783473040917e-18;5.352562875666983348e-17
8.791199999999921744e+00;3.968537174175509954e-17;1.254645893271859602e+00;1.233858265840005119e-17;3.771853799212164147e-17
8.857799999999919294e+00;2.457582890758959909e-17;1.156885038993298975e+00;9.884236022290985407e-18;2.250051654408764895e-17
8.924399999999920396e+00;1.022905283179542504e-17;9.402000436098308933e-01;6.031320275766184877e-18;8.261761166167521516e-18
8.990999999999919723e+00;5.486235726186368514e-19;-2.079955537970487267e+00;-2.674228740452599732e-19;-4.790332252257767185e-19
9.057599999999917273e+00;8.157503170827123368e-18;-2.087700291353292048e+00;-4.031364337833243157e-18;-7.091752925596105545e-18
9.124199999999918376e+00;9.002788728667988623e-18;-1.958229716780559126e+00;-3.401373180423031901e-18;-8.335518303052922733e-18
9.190799999999917702e+00;1.161254165161332767e-17;-1.633784261585288888e+00;-7.309664433643213992e-19;-1.158951300396741073e-17
9.257399999999917029e+00;1.988438929521931414e-17;-1.205405890828092907e+00;7.104970334118045445e-18;-1.857170789655962184e-17
9.323999999999916355e+00;2.926075377002947401e-17;-1.115756171206564229e+00;1.286005398635529244e-17;-2.628327838490322938e-17
9.390599999999915681e+00;3.951034527892031703e-17;-1.202281089140578407e+00;1.423284128662446581e-17;-3.685774834372359414e-17
9.457199999999916784e+00;4.424648340213485656e-17;-1.311062395254116941e+00;1.136353305327916376e-17;-4.276238311883970484e-17
9.523799999999914334e+00;4.892046505085683753e-17;-1.489053573540676689e+00;3.994441638440904076e-18;-4.875711575543814244e-17
9.590399999999913661e+00;4.605452086839679262e-17;-1.639622232087829756e+00;-3.167242168526106907e-18;-4.594548366775026135e-17
9.656999999999914763e+00;4.076400694258358270e-17;-1.821829364308703125e+00;-1.012597295133362460e-17;-3.948631324653977493e-17
9.723599999999912313e+00;3.367783406747275232e-17;-1.942517021164668067e+00;-1.223243413768156556e-17;-3.137776382318393880e-17
9.790199999999911640e+00;2.869290496496591522e-17;-2.239328066613138102e+00;-1.778485136817125684e-17;-2.251625761845477351e-17
9.856799999999912743e+00;2.142680648440424280e-17;-2.363968351276588997e+00;-1.526836325103322386e-17;-1.503280146062622108e-17
9.923399999999910293e+00;1.314869670668610175e-17;-2.519521999211948415e+00;-1.068559855286127453e-17;-7.661997693259049008e-18
9.989999999999911395e+00;4.971778680567398983e-18;-2.626453748884987949e+00;-4.326562614566849709e-18;-2.449375265404828754e-18
1.005659999999991072e+01;2.736334890637993738e-18;7.160726477821857672e-02;2.729322471915608823e-18;1.957740483805573911e-19
1.012319999999990827e+01;4.751089677786364728e-18;-2.185090517490516360e-01;4.638117001789251489e-18;-1.029914464449171771e-18
1.018979999999990937e+01;1.288228576450985146e-17;-4.933800520628281450e-01;1.134590676628800248e-17;-6.101121714012373124e-18
1.025639999999990870e+01;1.207030513395907598e-17;-4.568028851714268090e-01;1.083270378055947022e-17;-5.323982985465993710e-18
1.032299999999990625e+01;1.592619250047284108e-17;-7.697921048433745694e-01;1.143588816392668954e-17;-1.108440659053423812e-17
1.038959999999990735e+01;1.485958630743381943e-17;-9.821913550250566116e-01;8.250061579117527246e-18;-1.235895582842027577e-17
1.045619999999990668e+01;1.451068897961307794e-17;-1.251009727083069123e+00;4.561638032218410180e-18;-1.377503368874584393e-17
1.052279999999990423e+01;1.458795146808954514e-17;-1.358973698210709680e+00;3.067002130656555485e-18;-1.426190120446373392e-17
1.058939999999990533e+01;1.163018114688885876e-17;-1.645243458222884758e+00;-8.650340501560925757e-19;-1.159796661495106970e-17
1.065599999999990466e+01;8.417737858851377951e-18;-1.883490005553118296e+00;-2.589488151352460710e-18;-8.009548162933100223e-18
1.072259999999990399e+01;6.763682906650588796e-18;-1.990103483509011451e+00;-2.753682852664470736e-18;-6.177753411124388912e-18
1.078919999999990331e+01;4.794830651203746736e-18;-1.842488597461264144e+00;-1.286750416087350629e-18;-4.618947319511446038e-18
1.085579999999990264e+01;2.348989331682272163e-18;-1.627828212961547338e+00;-1.338946795075380494e-19;-2.345170163369110704e-18
1.092239999999990196e+01;1.215267322240824864e-18;-1.820775858780587342e+00;-3.006378461789122870e-19;-1.177493757924554668e-18
1.098899999999990129e+01;2.023337297243671061e-18;-1.880998969913621810e+00;-6.176269756971551470e-19;-1.926766913071871944e-18
1.105559999999990062e+01;1.478152788191865368e-18;4.879506855189107983e-01;1.305645655305401190e-18;6.929827472755110684e-19
1.112219999999990172e+01;5.458946406948483383e-19;2.436918504584710821e+00;-4.158749147833595622e-19;3.536227000537308377e-19
1.118879999999989927e+01;3.168115280894720834e-18;9.722901590033747876e-01;1.784944443439314308e-18;2.617427700410032556e-18
1.125539999999989860e+01;6.324575393856319904e-18;9.092183544046347210e-01;3.885583051241917808e-18;4.990240301275517251e-18
1.132199999999989970e+01;8.154787007406984164e-18;6.200049837472602077e-01;6.636981849836788884e-18;4.738251055095199340e-18
1.138859999999989725e+01;1.436209500067336920e-17;3.796314846871974846e-01;1.333953196716550326e-17;5.322279559111549905e-18
1.145519999999989835e+01;2.201260160873939548e-17;4.713479826585695309e-02;2.198815355586125156e-17;1.037175389672522639e-18
1.152179999999989768e+01;3.002800804339933980e-17;-2.276968479865152106e-01;2.925295149510780328e-17;-6.778354953772032673e-18
1.158839999999989523e+01;3.933856993291535527e-17;-5.303485600860328164e-01;3.393466242031257084e-17;-1.989878817381344307e-17
1.165499999999989633e+01;4.906584370347797383e-17;-7.523162317232093832e-01;3.582336865716600996e-17;-3.352824594855663850e-17
1.172159999999989566e+01;5.362952513435421150e-17;-1.010785977145015391e+00;2.848773381713964030e-17;-4.543759443566668259e-17
1.178819999999989321e+01;5.560701384418328738e-17;-1.231399135714775106e+00;1.851261646494098455e-17;-5.243494083422988003e-17
1.185479999999989431e+01;5.056267371880700530e-17;-1.447967648693822884e+00;6.194941851013970269e-18;-5.018173640934610463e-17
1.192139999999989364e+01;4.188324812019918637e-17;-1.632316731126227216e+00;-2.575049317542302293e-18;-4.180401409087880358e-17
1.198799999999989119e+01;2.971415596490948100e-17;-1.761523466136904581e+00;-5.632998684608355394e-18;-2.917533873884185355e-17
1.205459999999989229e+01;1.555906675471214925e-17;-2.004735472402234375e+00;-6.541780169135545067e-18;-1.411699934463035255e-17
1.212119999999989162e+01;2.944231500377992766e-18;-2.372866819315199827e+00;-2.116305000219106813e-18;-2.046888437083382475e-18
1.218779999999989094e+01;2.001348127243524358e-18;1.358847042573829711e+00;4.210155257360031927e-19;1.956563378352564111e-18
1.225439999999989027e+01;4.623649600655115018e-18;1.896782642956705844e+00;-1.480692869121237664e-18;4.380146602223688301e-18
1.232099999999988960e+01;9.687357773382635322e-18;2.439862902290311553e+00;-7.398493854119156967e-18;6.253574123657450516e-18
1.238759999999988892e+01;2.295286382837490342e-17;2.592176590627885524e+00;-1.957488151984134736e-17;1.198574033625351683e-17
1.245419999999988825e+01;3.572312146168458376e-17;2.492236707230986337e+00;-2.845251622070044444e-17;2.160082701372907383e-17
1.252079999999988758e+01;4.914317022105479833e-17;2.355446610855756795e+00;-3.472347078688150316e-17;3.477544760155005949e-17
1.258739999999988690e+01;5.779292245136344867e-17;2.141329280797840351e+00;-3.121284008050228756e-17;4.863928966975462790e-17
1.265399999999988623e+01;6.238552979584494763e-17;1.944994683758456855e+00;-2.280356289219254200e-17;5.806850994583964223e-17
1.272059999999988555e+01;6.049341685057240333e-17;1.713871840814947367e+00;-8.625627643382858373e-18;5.987530400770275703e-17
1.278719999999988488e+01;5.624562617448604383e-17;1.479646965986902041e+00;5.119656802661776102e-18;5.601213777372712329e-17
1.285379999999988421e+01;4.752968187455598305e-17;1.224772024776472623e+00;1.612018806230638943e-17;4.471252840012931488e-17
1.292039999999988531e+01;3.507133346310839339e-17;9.438249125114878124e-01;2.057617174950764552e-17;2.840104904779592752e-17
1.298699999999988464e+01;2.769948810269966819e-17;6.633608236758595789e-01;2.182517999731504464e-17;1.705646971786365161e-17
1.305359999999988219e+01;1.643250450133840529e-17;3.119609901457092715e-01;1.563936538760657804e-17;5.043555735732513283e-18
1.312019999999988329e+01;9.482026176279283611e-18;2.920855669112735198e-01;9.080418934944247958e-18;2.730350229100931976e-18
1.318679999999988262e+01;3.229640101716281193e-18;-4.535065477660901734e-01;2.903176266755623379e-18;-1.414970936366126478e-18
1.325339999999988017e+01;3.905258751410159785e-18;2.700377917346405088e+00;-3.531266147395221466e-18;1.667694609851022861e-18
1.331999999999988127e+01;8.052246226421366959e-18;2.397968967142201979e+00;-5.926616744938108009e-18;5.451044234780741602e-18
1.338659999999988059e+01;1.169758052726634968e-17;2.086495718685781764e+00;-5.768584682092789067e-18;1.017628718921617722e-17
1.345319999999987814e+01;1.166097177920601359e-17;1.903741989218993069e+00;-3.811136048217747558e-18;1.102059457821647098e-17
1.351979999999987925e+01;1.153485486957309730e-17;1.524058128615527030e+00;5.389220739706731123e-19;1.152225845311158244e-17
1.358639999999987857e+01;1.473963588984716318e-17;1.117150968391472432e+00;6.459573045413126852e-18;1.324880304919062201e-17
1.365299999999987790e+01;1.438753498472047739e-17;8.957409427909471811e-01;8.991354090464470784e-18;1.123195061226871064e-17
1.371959999999987723e+01;1.521289634385099226e-17;5.740245411213372728e-01;1.277460970037514018e-17;8.260845124552103140e-18
1.378619999999987655e+01;1.309182065709022152e-17;1.937293872418777985e-01;1.284691301259320947e-17;2.520435312456460778e-18
1.385279999999987588e+01;1.543392246322937953e-17;-4.847373021244875957e-02;1.541579345020396285e-17;-7.478468436953300535e-19
1.391939999999987521e+01;1.187939161640112472e-17;-2.479846202335633798e-01;1.151598993821145394e-17;-2.915805363674655817e-18
1.398599999999987453e+01;1.138122201533372344e-17;-5.043336247348502166e-01;9.964222059181412610e-18;-5.499681201455184315e-18
1.405259999999987386e+01;8.727510381732607462e-18;-6.635781802863717216e-01;6.875474520940074930e-18;-5.375619738704951766e-18
1.411919999999987319e+01;7.145932615130459054e-18;-9.580766648750977943e-01;4.109586574566512113e-18;-5.845994451428081397e-18
1.418579999999987251e+01;4.979391118641875629e-18;-8.926798974650762553e-01;3.123707967627161558e-18;-3.877729289854073910e-18
1.425239999999987184e+01;1.473888001687102108e-18;-1.465126419092564580e+00;1.554559249444053313e-19;-1.465666843766645031e-18
1.431899999999987116e+01;1.965891501665617769e-18;1.995925822585175036e+00;-8.108098413806070746e-19;1.790898321357595247e-18
1.438559999999987227e+01;6.448852508180505019e-18;1.654014426327078402e+00;-5.360420452667063020e-19;6.426535427271235442e-18
1.445219999999986982e+01;9.322734989426526305e-18;1.715919771651430059e+00;-1.348203386524304458e-18;9.224734972433734618e-18
1.451879999999986914e+01;1.387125506991829964e-17;1.387267892686736781e+00;2.531502377680393132e-18;1.363829948807887914e-17
1.458539999999987025e+01;1.894915941398888523e-17;1.351098391762799666e+00;4.129681810852207648e-18;1.849368461496735064e-17
1.465199999999986957e+01;2.079648937104443016e-17;1.426068068080205142e+00;2.999343207945613649e-18;2.057906485924261990e-17
1.471859999999986712e+01;2.402636570762835452e-17;1.052494474977088146e+00;1.190279940027926925e-17;2.087078377908724113e-17
1.478519999999986823e+01;2.536876981848368135e-17;9.721657790899711493e-01;1.429559826563612844e-17;2.095734602307147985e-17
1.485179999999986755e+01;2.783222396110619869e-17;8.412705237399568103e-01;1.855062816921518695e-17;2.074865983982324369e-17
1.491839999999986510e+01;2.725000237614422658e-17;7.126238297881922756e-01;2.061868613842312731e-17;1.781663299911248419e-17
1.498499999999986620e+01;2.684690542064578335e-17;4.931875890995254252e-01;2.364751182377789412e-17;1.271029170433883093e-17
1.505159999999986553e+01;2.304147051655124010e-17;2.721894766571327784e-01;2.219318920604664805e-17;6.194490812787982387e-18
1.511819999999986486e+01;1.867216303821705938e-17;1.054279995442993119e-02;1.867112533647808746e-17;1.968532328542962089e-19
1.518479999999986418e+01;1.341865706764994897e-17;-1.661986655325894680e-01;1.323375821361585418e-17;-2.219910142944270526e-18
1.525139999999986351e+01;8.335656363264808669e-18;-2.969778301643800633e-01;7.970764983479322989e-18;-2.439277061872422171e-18
1.531799999999986284e+01;3.225433343199330830e-18;-1.227661143850142134e+00;1.085168524729022127e-18;-3.037405064254592712e-18
1.538459999999986216e+01;5.839292680685702224e-18;1.926983347631606724e+00;-2.036179611462934365e-18;5.472779147797968701e-18
1.545119999999986149e+01;1.160955214064237210e-17;1.438139091659131896e+00;1.535577988753330919e-18;1.150754974556921615e-17
1.551779999999986082e+01;1.432064486745226143e-17;9.258130692045848376e-01;8.609357737778835915e-18;1.144376811905215544e-17
1.558439999999986014e+01;1.513337666511009414e-17;4.781853785897476339e-01;1.343588723840308675e-17;6.963908629858358007e-18
1.565099999999985947e+01;1.994495200141276526e-17;1.012871270598787871e-01;1.984273098729500863e-17;2.016714482642884625e-18
1.571759999999985880e+01;2.333538835000565786e-17;-4.411625430662481362e-01;2.110116210356385357e-17;-9.964000568280825596e-18
1.578419999999985812e+01;2.384095386939740478e-17;-9.320508535414313567e-01;1.421370779721453060e-17;-1.914057449655411900e-17
1.585079999999985922e+01;2.511762663403488155e-17;-1.371552597913987093e+00;4.971483563697753669e-18;-2.462071320865140302e-17
1.591739999999985677e+01;2.502218421706301688e-17;-1.843583936574249904e+00;-6.741402156311299232e-18;-2.409695416353525508e-17
1.598399999999985610e+01;2.282873110880938847e-17;-2.264837579848262283e+00;-1.460236991555529145e-17;-1.754769947564657935e-17
1.605059999999985720e+01;2.020449498686208705e-17;-2.732804496387989168e+00;-1.853970927689760747e-17;-8.031238858498237191e-18
1.611719999999985475e+01;1.608276379570742594e-17;3.099949743017661685e+00;-1.606882099308981817e-17;6.695395436817138843e-19
1.618379999999985586e+01;1.099639379929148588e-17;2.675446690582736320e+00;-9.823156686973669256e-18;4.942293930176624862e-18
1.625039999999985341e+01;7.445800851374986616e-18;2.252707555615067303e+00;-4.692924424906870061e-18;5.780692922171959859e-18
1.631699999999985451e+01;4.081377368506490470e-18;1.866141779762562569e+00;-1.187967991817651366e-18;3.904660455734109282e-18
1.638359999999985206e+01;3.712048402846886871e-19;-2.571510154349786248e+00;-3.125011902020241693e-19;-2.003398102552249352e-19
1.645019999999985316e+01;4.349336561239803181e-18;-2.141726208287140221e+00;-2.350445340968011520e-18;-3.659526639069462859e-18
1.651679999999985426e+01;7.521132554280318175e-18;-2.256009642369876556e+00;-4.759659933196842338e-18;-5.823493128645023050e-18
1.658339999999985181e+01;9.697755271466935943e-18;-2.675630792996499530e+00;-8.663875952562632113e-18;-4.357030041653566788e-18
1.664999999999984936e+01;1.124700310070881236e-17;-2.866682812109120793e+00;-1.082467449009527664e-17;-3.053113317719180502e-18
1.671659999999985047e+01;1.214273513886688367e-17;-3.072513452995131900e+00;-1.211377448094957492e-17;-8.381434706346133600e-19
1.678319999999985157e+01;1.186722932488886865e-17;3.126793854513691961e+00;-1.186592986056487698e-17;1.756143321517700921e-19
1.684979999999984557e+01;1.038331488078656930e-17;-3.119107787386294905e+00;-1.038069024922577723e-17;-2.334477740152695600e-19
1.691639999999984667e+01;9.085304543412458355e-18;3.105208787928290359e+00;-9.079291708736409837e-18;3.304855733936780016e-19
1.698299999999984777e+01;9.618761085368088717e-18;-2.893583496492087903e+00;-9.324456272601800296e-18;-2.361160739494118116e-18
1.704959999999984888e+01;9.885590561128920923e-18;-3.006473352542366584e+00;-9.795486046451423334e-18;-1.331673329332949960e-18
1.711619999999984643e+01;8.899959419724872712e-18;-2.818082429062585881e+00;-8.438277344634180802e-18;-2.829267242199471275e-18
1.718279999999984753e+01;9.503376222387644507e-18;-2.899557894273569580e+00;-9.226374632517741907e-18;-2.277755642002881291e-18
1.724939999999984863e+01;6.752086477511799770e-18;3.097824231174532095e+00;-6.745620108940332855e-18;2.954338261904371315e-19
1.731599999999984263e+01;5.243921629370641395e-18;3.036720121297255215e+00;-5.215111074003752678e-18;5.489358257434728232e-19
1.738259999999984373e+01;2.642345232238686220e-18;2.931912280838982365e+00;-2.584471250540015902e-18;5.499969831432213959e-19
1.744919999999984483e+01;1.141442989376951327e-18;-1.252155359776660148e+00;3.575869545029980289e-19;-1.083985086598086767e-18
1.751579999999984238e+01;4.211005957782142985e-18;-5.679678266109607909e-01;3.549860596787974420e-18;-2.265184522251737313e-18
1.758239999999984349e+01;6.569705088059410837e-18;-7.831290736528128127e-01;4.656012067739775619e-18;-4.634930050080074862e-18
1.764899999999984459e+01;9.239923923345400025e-18;-9.956321886427641488e-01;5.026264764308498391e-18;-7.753248134058493134e-18
1.771559999999983859e+01;1.387862670961517335e-17;-1.253684767117673626e+00;4.327681155599419033e-18;-1.318663926708823415e-17
1.778219999999983969e+01;1.445929133192026200e-17;-1.428624660332723728e+00;2.048783298622666710e-18;-1.431340605225147760e-17
1.784879999999984079e+01;1.527160474145753164e-17;-1.438325150337811609e+00;2.017135690047170277e-18;-1.513780284543454137e-17
1.791539999999983834e+01;1.663471844205272537e-17;-1.880460727716426472e+00;-5.069247746138067642e-18;-1.584350292500503732e-17
1.798199999999983945e+01;1.595787717407418665e-17;-2.109779400514886216e+00;-8.190595882330024326e-18;-1.369554610065609534e-17
1.804859999999984055e+01;1.364213202857862386e-17;-2.366686497184863569e+00;-9.747121822879573491e-18;-9.544704419473423792e-18
1.811519999999983455e+01;1.523546735347447793e-17;-2.623196897852964504e+00;-1.323375821361585418e-17;-7.548980661145023572e-18
1.818179999999983565e+01;1.178938617644137606e-17;3.124894381230324480e+00;-1.178774258380211696e-17;1.968532328542962089e-19
1.824839999999983675e+01;8.923331006143871761e-18;2.892746726417110725e+00;-8.648468305619738548e-18;2.197687924137418373e-18
1.831499999999983785e+01;7.206979923216444883e-18;2.581550196909543793e+00;-6.105988034700421379e-18;3.828507507337578426e-18
1.838159999999983540e+01;4.599275417631121975e-18;2.240527884517773849e+00;-2.855117744420625372e-18;3.605778283910480943e-18
1.844819999999983651e+01;3.144754302186783889e-18;1.250775382997998841e+00;9.892970641875681826e-19;2.985091445820738284e-18
1.851479999999983406e+01;3.688042260292772460e-19;-1.802647162190459840e+00;-8.474355043412359829e-20;-3.589360497315271826e-19
1.858139999999983161e+01;4.187466229110783128e-18;-1.872590998497772885e+00;-1.244658363877766043e-18;-3.998211972516265127e-18
1.864799999999983271e+01;7.831536024841452961e-18;-2.561888514709266484e+00;-6.552056886746114267e-18;-4.289930892360888668e-18
1.871459999999983381e+01;1.213993651775518929e-17;-2.753062501435023179e+00;-1.123510916845320965e-17;-4.598954297235906649e-18
1.878119999999983136e+01;1.700552455594044612e-17;2.965436528740190703e+00;-1.674235709288239560e-17;2.980158451677375747e-18
1.884779999999983247e+01;1.854583391911664070e-17;2.406026743388926636e+00;-1.375082974837782442e-17;1.244438174384668836e-17
1.891439999999983357e+01;2.437590792420444982e-17;2.039451491994995092e+00;-1.101027741083492254e-17;2.174761316709839467e-17
1.898099999999982757e+01;2.753310144539036613e-17;1.654349950359077948e+00;-2.297814627569831303e-18;2.743705019019871215e-17
1.904759999999982867e+01;3.022861427240657162e-17;1.254851912169836270e+00;9.392462086831941260e-18;2.873239942603761793e-17
1.911419999999982977e+01;3.171409581956929192e-17;9.131245117968082026e-01;1.938606385664788919e-17;2.509909165286251057e-17
1.918079999999982732e+01;3.424053805287254750e-17;4.939457778467108984e-01;3.014773262902347246e-17;1.623356595080472119e-17
1.924739999999982842e+01;3.262861509903990531e-17;2.159954071468148107e-01;3.187044167673989784e-17;6.992958645009683403e-18
1.931399999999982953e+01;3.035230629542508873e-17;-6.593655272171407289e-02;3.028634991347394477e-17;-1.999876588671975879e-18
1.938059999999982352e+01;2.513992125153888794e-17;-3.087600314258885925e-01;2.395108204943785893e-17;-7.639457388759502071e-18
1.944719999999982463e+01;1.870640603707942486e-17;-4.835060605756537067e-01;1.656209910595250096e-17;-8.696349810621059805e-18
1.951379999999982573e+01;9.196837145347497656e-18;-6.142509581302234567e-01;7.515704829291547685e-18;-5.300565478984973539e-18
1.958039999999982328e+01;3.955056229463084111e-18;2.605050298903841099e+00;-3.399296674458486099e-18;2.021695302767019392e-18
1.964699999999982438e+01;1.644093480177940740e-17;2.077670739204045880e+00;-7.981202926359727055e-18;1.437375166769720478e-17
1.971359999999982549e+01;2.819230642605530772e-17;1.866863664341671836e+00;-8.225413123740267819e-18;2.696569525460823048e-17
1.978019999999981948e+01;4.191264661229381631e-17;1.649129288082838318e+00;-3.279785166014028445e-18;4.178412324450303617e-17
1.984679999999982059e+01;5.066190045525704261e-17;1.463337361424998484e+00;5.433603941760836528e-18;5.036967446730676169e-17
1.991339999999982169e+01;5.534347632809301979e-17;1.282020392206251636e+00;1.576066305448676832e-17;5.305187906343307564e-17
1.997999999999982279e+01;5.749577696677167104e-17;1.078063710583746726e+00;2.719752665088849188e-17;5.065628206932444940e-17
2.004659999999982034e+01;5.503492933886496658e-17;8.735375386998994740e-01;3.533895590313041035e-17;4.219006569099489096e-17
2.011319999999982144e+01;4.971622389127229787e-17;6.588723546258049568e-01;3.930977839763200620e-17;3.043754655579483571e-17
2.017979999999981899e+01;4.263441892930194686e-17;4.506267496002336892e-01;3.837840868633134818e-17;1.856856009883767340e-17
2.024639999999981654e+01;3.651921447585001141e-17;2.196481558455777305e-01;3.564181010069780398e-17;7.957034540513743116e-18
2.031299999999981765e+01;2.691870054593376395e-17;-8.341061328520345264e-02;2.682511367744359813e-17;-2.242702671751898637e-18
2.037959999999981875e+01;1.990782051672798781e-17;-2.510106620134701649e-01;1.928394695051988269e-17;-4.944765690686543310e-18
2.044619999999981630e+01;1.226762453556281151e-17;-6.000153004212210872e-01;1.012480145506247102e-17;-6.926976774979657652e-18
2.051279999999981740e+01;6.688774293098756163e-18;-8.412863391038096772e-01;4.458097566033215093e-18;-4.986488507531877365e-18
2.057939999999981850e+01;3.105099422224314787e-18;-7.162317806647610086e-01;2.342130202471009037e-18;-2.038643798354898100e-18
2.064599999999981250e+01;1.319879902510044768e-18;1.586539398150206281e+00;-2.077810517169622766e-20;1.319716343535761344e-18
2.071259999999981360e+01;5.913872924141101442e-18;1.074451296995083682e+00;2.816273843497594363e-18;5.200239859979587486e-18
2.077919999999981471e+01;7.759069019086300384e-18;6.876961686914803140e-01;5.995513645369977738e-18;4.925136360663248696e-18
2.084579999999981226e+01;9.805762891508614719e-18;5.341224953019786392e-01;8.439973933085149647e-18;4.991976151117969310e-18
2.091239999999981336e+01;1.265892315037580198e-17;1.755275237968050295e-01;1.246441317191047389e-17;2.210597115492791723e-18
2.097899999999981446e+01;1.469118224337715127e-17;-1.678497084338733958e-01;1.448471647369365210e-17;-2.454348056985363692e-18
2.104559999999980846e+01;1.487544088224764194e-17;-5.064476336741406959e-01;1.300817411751656921e-17;-7.215687601997229819e-18
2.111219999999980956e+01;1.532836464491923838e-17;-9.362074053102463767e-01;9.087367584427295614e-18;-1.234416919331188157e-17
2.117879999999981067e+01;1.364799902347738243e-17;-1.170095470170144258e+00;5.323590065524846182e-18;-1.256691156008844911e-17
2.124539999999981177e+01;1.468395461339980099e-17;-1.439184843146287252e+00;1.927002667031476522e-18;-1.455696341307619546e-17
2.131199999999980932e+01;1.278905128025232298e-17;-1.783784306635285866e+00;-2.703366305687403555e-18;-1.250006573047508669e-17
2.137859999999981042e+01;1.211070530317655197e-17;-1.964216440831137112e+00;-4.642632578590484710e-18;-1.118548817354874818e-17
2.144519999999980797e+01;1.091389478457828413e-17;-2.334312401313199725e+00;-7.546584538669433312e-18;-7.884298394249200955e-18
2.151179999999980552e+01;7.757262513627031470e-18;-2.649824815281694779e+00;-6.838022948112093556e-18;-3.662862796558937381e-18
2.157839999999980662e+01;3.829317722996239188e-18;-3.034868799363664937e+00;-3.807530486292567731e-18;-4.079041794414298827e-19
2.164499999999980773e+01;1.574963401862239992e-18;-2.508850739599371771e+00;-1.270064801586321830e-18;-9.313673372933888241e-19
2.171159999999980528e+01;1.690787411359928870e-18;2.909125464748871792e-01;1.619744805187529347e-18;4.849627165888339585e-19
2.177819999999980638e+01;4.242531853116168796e-18;-4.854180918771322517e-01;3.752434377715487395e-18;-1.979472850443848646e-18
2.184479999999980393e+01;4.645836636024209040e-18;-7.387566110067447234e-01;3.434696711161106595e-18;-3.128363238334675530e-18
2.191139999999980148e+01;4.329824954925939249e-18;-8.864350495495202376e-01;2.737221134356896686e-18;-3.354847925305907585e-18
2.197799999999980258e+01;3.254470046239420832e-18;-5.725785953182425114e-01;2.735403830214154611e-18;-1.763275692431376666e-18
2.204459999999980369e+01;1.768943273647921743e-18;1.106623904409566456e-01;1.758122937414127580e-18;1.953561934583744837e-19
2.211119999999980124e+01;3.922867317158443212e-18;1.026075666188547508e+00;2.032748246316643877e-18;3.355118858569169994e-18
2.217779999999980234e+01;5.838977357980101373e-18;4.068126770833035977e-01;5.362438906531225822e-18;2.310390780955569389e-18
2.224439999999980344e+01;4.478053617531348244e-18;7.269527537530444672e-01;3.346015345526406832e-18;2.976095682095486191e-18
2.231099999999979744e+01;2.373132597921252583e-18;3.503534569638837026e-01;2.228968244445112233e-18;8.145298598404775428e-19
2.237759999999979854e+01;2.094092278256197037e-18;-2.419889204915645742e+00;-1.571996146138050998e-18;-1.383492170696800549e-18
2.244419999999979964e+01;6.739290807093964711e-18;-2.848100828286620700e+00;-6.451115635300421632e-18;-1.949653210846398720e-18
2.251079999999979719e+01;9.221098309753598040e-18;-3.043867435893096829e+00;-9.177101591004749236e-18;-8.997001870171717910e-19
2.257739999999979830e+01;1.146659626901628195e-17;3.014356707869337626e+00;-1.137390513569064531e-17;1.455029883173562535e-18
2.264399999999979940e+01;8.661814519320104383e-18;2.923819436448327647e+00;-8.457230943667846664e-18;1.871436756230794445e-18
2.271059999999979340e+01;2.260509964858763246e-18;2.735938416785655303e+00;-2.077056965100572173e-18;8.920424120819409190e-19
2.277719999999979450e+01;7.523808926937283969e-18;-7.758495645061198598e-01;5.370692856494634012e-18;-5.269094704999965658e-18
2.284379999999979560e+01;1.852221232418948745e-17;-8.752122100718646713e-01;1.186966273223390657e-17;-1.421912289859590694e-17
2.291039999999979671e+01;3.263073396885220501e-17;-1.158813752759898508e+00;1.306622049368547877e-17;-2.990047961749774928e-17
2.297699999999979426e+01;4.024186879696346991e-17;-1.379279999456980210e+00;7.659947859626002965e-18;-3.950611602093823998e-17
2.304359999999979536e+01;4.796832112463484124e-17;-1.592953202388335487e+00;-1.062741163858092465e-18;-4.795654713107200883e-17
2.311019999999979291e+01;4.938487038072780832e-17;-1.821132242065639728e+00;-1.223408518598812850e-17;-4.784550743991825683e-17
2.317679999999979046e+01;4.913469734415118034e-17;-2.085270032897296844e+00;-2.417804223519200701e-17;-4.277430019035505663e-17
2.324339999999979156e+01;4.544279133821094550e-17;-2.367159334034229179e+00;-3.248329953186980164e-17;-3.177864906082395270e-17
2.330999999999979266e+01;3.675095997271959893e-17;-2.664307274741882114e+00;-3.264386410545086280e-17;-1.688227458553186389e-17
2.337659999999979021e+01;3.006171342136117694e-17;-2.980192431944470144e+00;-2.967100839226316612e-17;-4.830928980464899626e-18
2.344319999999979132e+01;2.443228110336338806e-17;2.960677317126616082e+00;-2.403353182069731868e-17;4.396101470314019452e-18
2.350979999999978887e+01;1.993194020346852358e-17;2.621681132985944629e+00;-1.729819620998369018e-17;9.902254700599798526e-18
2.357639999999978642e+01;1.127794662038129149e-17;2.275679928583610234e+00;-7.307491095721189959e-18;8.590265063321696717e-18
2.364299999999978752e+01;7.846170112882955554e-18;2.118374587679095367e+00;-4.084881763868378647e-18;6.698964577866739657e-18
2.370959999999978862e+01;4.000662423415022548e-18;1.894795044707153986e+00;-1.273649929974519540e-18;3.792507835456752698e-18
2.377619999999978617e+01;4.153456719871911567e-18;2.415650362872216572e+00;-3.106263218740778825e-18;2.757232587169119411e-18
2.384279999999978727e+01;2.478423288222237610e-18;-2.718322773935826664e+00;-2.259704251352880898e-18;-1.017997392933815547e-18
2.390939999999978838e+01;4.360071546488293885e-18;-2.531983615584008973e+00;-3.574700250222962029e-18;-2.496345731574997581e-18
2.397599999999978237e+01;9.779720173334274227e-18;-2.348924458888807631e+00;-6.864849653379446422e-18;-6.965397756425503828e-18
2.404259999999978348e+01;1.230106993629484656e-17;-2.740296615728656793e+00;-1.132381782769364096e-17;-4.804942391207679300e-18
2.410919999999978458e+01;1.352267007537003163e-17;-2.872437655530553968e+00;-1.303579906198762076e-17;-3.595907226666283468e-18
2.417579999999978568e+01;1.682305756520757466e-17;-3.094853945329806955e+00;-1.680468586775482044e-17;-7.860017356018584860e-19
2.424239999999978323e+01;1.841811637722378209e-17;2.915907472872707906e+00;-1.795105154974485815e-17;4.121499623117975457e-18
2.430899999999978434e+01;1.959851334526759710e-17;2.771743902678998062e+00;-1.827330163719485343e-17;7.084361130033102575e-18
2.437559999999978189e+01;2.072397729314219044e-17;2.549780211699260501e+00;-1.719947001410487078e-17;1.156120521747540730e-17
2.444219999999977944e+01;1.993098389135690345e-17;2.378122688130688722e+00;-1.439896228873787500e-17;1.378092899209022737e-17
2.450879999999978054e+01;2.082504459460530459e-17;2.208667404411090107e+00;-1.240103270353521553e-17;1.673011865627825209e-17
2.457539999999978164e+01;1.715310653558407864e-17;2.042687696313049805e+00;-7.797317817182141361e-18;1.527844555833318750e-17
2.464199999999977919e+01;1.500024130536154343e-17;1.781260088463707536e+00;-3.133752171862112118e-18;1.466924798837432282e-17
2.470859999999978029e+01;9.549711566021281291e-18;1.766578061617443574e+00;-1.857737810336278445e-18;9.367272880740028686e-18
2.477519999999977784e+01;4.638045304548557695e-18;1.463071228399910773e+00;4.986680973846905045e-19;4.611159764711656315e-18
2.484179999999977539e+01;3.281129905526246892e-19;-2.042054724310990554e+00;-1.489658812118841022e-19;-2.923479105520571741e-19
2.490839999999977650e+01;6.152719764178059536e-18;-2.124017701914853173e+00;-3.232828550545986131e-18;-5.234957503101820549e-18
2.497499999999977760e+01;1.182354399497821971e-17;-2.254333268916403288e+00;-7.467032874304471541e-18;-9.167312182708836207e-18
2.504159999999977515e+01;1.734670265562417428e-17;-2.462411468321704433e+00;-1.349724943253929071e-17;-1.089643752693771658e-17
2.510819999999977625e+01;2.145733817797156903e-17;-2.697057406939044277e+00;-1.937191288379181454e-17;-9.227478144467046138e-18
2.517479999999977380e+01;2.513825949605843979e-17;-2.928640581963432243e+00;-2.457041802473365855e-17;-5.312875735514192989e-18
2.524139999999977135e+01;2.735707649630266491e-17;3.122389656944101866e+00;-2.735203262083338172e-17;5.253055619563275887e-19
2.530799999999977246e+01;2.847597446167529085e-17;2.839379826208923596e+00;-2.718544943571909897e-17;8.475403265918599019e-18
2.537459999999977356e+01;2.709885232111761686e-17;2.544333500169045248e+00;-2.240750202355253873e-17;1.523980479488600521e-17
2.544119999999977111e+01;2.669822276184791991e-17;2.139418135046667668e+00;-1.437622499976780135e-17;2.249709433232002244e-17
2.550779999999977221e+01;2.650410342891282993e-17;1.738413930137823193e+00;-4.421780749443202480e-18;2.613264918783326183e-17
2.557439999999976976e+01;2.486232614947730885e-17;1.290438376375630636e+00;6.879396721211767158e-18;2.389161280272145668e-17
2.564099999999976731e+01;2.419515325204356017e-17;8.628996458747922871e-01;1.573258999510099586e-17;1.838181310251853603e-17
2.570759999999976841e+01;2.140086161135598537e-17;4.455261971589529191e-01;1.931179584763824727e-17;9.222332614233361639e-18
2.577419999999976952e+01;1.678403739133407944e-17;3.597305107601773966e-02;1.677317878328308642e-17;6.036428229695114710e-19
2.584079999999977062e+01;1.007805668211851088e-17;-2.101587762652163405e-01;9.856317302811656997e-18;-2.102435662342390155e-18
2.590739999999976817e+01;3.336899654112623133e-18;2.808144396649151275e+00;-3.153101011067864961e-18;1.092178243520604750e-18
2.597399999999976927e+01;1.531293046502744734e-17;2.087726289289012271e+00;-7.567857925410206292e-18;1.331215106012441591e-17
2.604059999999976682e+01;3.631089094758250363e-17;1.753266225817605717e+00;-6.588938666873072988e-18;3.570807595840770443e-17
2.610719999999976437e+01;5.255442958189167986e-17;1.473694997119786354e+00;5.095089525095822892e-18;5.230686505048137589e-17
2.617379999999976548e+01;7.094063195692482921e-17;1.126531182881889359e+00;3.048989168174612322e-17;6.405419398980252052e-17
2.624039999999976658e+01;8.264500251701011839e-17;7.532514950138020637e-01;6.028693923891180400e-17;5.653035820017742186e-17
2.630699999999976413e+01;9.096269832898880293e-17;3.620796901155449721e-01;8.506487518042786500e-17;3.222079294227329668e-17
2.637359999999976523e+01;9.438519484600950104e-17;-1.948406952061095682e-02;9.436727973585881510e-17;-1.838891343539791519e-18
2.644019999999976278e+01;9.471601687354616990e-17;-3.851493830680288721e-01;8.777734123336545423e-17;-3.558457837871913762e-17
2.650679999999976033e+01;8.967838054900331517e-17;-7.703528283261785736e-01;6.435903575685135866e-17;-6.245099242077889296e-17
2.657339999999976143e+01;7.956794036923947909e-17;-1.135128880677022334e+00;3.357891164573185163e-17;-7.213538540335792235e-17
2.663999999999976254e+01;6.558672808651887865e-17;-1.520028102225290390e+00;3.328291580124455532e-18;-6.550222420843919182e-17
2.670659999999976009e+01;4.969778850955334989e-17;-1.836781512582671194e+00;-1.306355752227417975e-17;-4.795011624180411008e-17
2.677319999999976119e+01;3.453177932044216151e-17;-2.227381834606453115e+00;-2.107874579969940085e-17;-2.735196992078215625e-17
2.683979999999975874e+01;1.943011395001362117e-17;-2.680434044842175290e+00;-1.740039633333032887e-17;-8.646128356295565964e-18
2.690639999999975629e+01;8.526000226802449036e-18;-2.685798990305613199e+00;-7.655597576347942875e-18;-3.752932935245570233e-18
2.697299999999975739e+01;2.213321964608384928e-18;-1.188180274971201572e-01;2.197716802757048051e-18;-2.623642008682966614e-19
2.703959999999975850e+01;7.906483690587133621e-18;-3.315626079515476832e-01;7.475855763870430420e-18;-2.573725888148463080e-18
2.710619999999975960e+01;1.204349950010049670e-17;-5.601344883847170220e-01;1.020305604565204845e-17;-6.398712959510225970e-18
2.717279999999975715e+01;1.219888731188704967e-17;-8.350493830055258915e-01;8.187174336883494300e-18;-9.043396929561103586e-18
2.723939999999975470e+01;1.016854338251191532e-17;-9.286419169066266743e-01;6.090165327333506500e-18;-8.143043706610669148e-18
2.730599999999975580e+01;8.906872086913930206e-18;-8.682023399383798079e-01;5.755616362159147825e-18;-6.797444421567006429e-18
2.737259999999975335e+01;8.743734601522572876e-18;-5.358311035632311592e-01;7.518252994163947816e-18;-4.464164725635465076e-18
2.743919999999975445e+01;8.981292696477052724e-18;-2.524424968862268304e-01;8.696632858543309519e-18;-2.243255541282995526e-18
2.750579999999975556e+01;1.079587609064877145e-17;-2.903008172215097993e-01;1.034415302231827616e-17;-3.090216629219621705e-18
2.757239999999975311e+01;1.358508469931896513e-17;-2.856715995914667627e-01;1.303451668733445986e-17;-3.828302628485605355e-18
2.763899999999975421e+01;1.323299430396314467e-17;-4.850907839096788021e-01;1.170633843803996593e-17;-6.170395337641587151e-18
2.770559999999975176e+01;1.247279866798644637e-17;-6.540043039070220221e-01;9.899087456598157110e-18;-7.588067879160381329e-18
2.777219999999974931e+01;9.560858581554051176e-18;-9.057267965820179345e-01;5.900138207724938803e-18;-7.523189878384040229e-18
2.783879999999975041e+01;7.633582511484898841e-18;-1.020062427796814664e+00;3.994751094646103677e-18;-6.504886290433665165e-18
2.790539999999975151e+01;4.881535931654798254e-18;-1.379244445062043800e+00;9.293596070339119669e-19;-4.792252473821746764e-18
2.797199999999974906e+01;1.087380031480015798e-18;-1.837336840727227250e+00;-2.864112193663274206e-19;-1.048982338403547085e-18
2.803859999999975017e+01;8.081450818645218691e-19;2.201965613267828026e+00;-4.768776610930563153e-19;6.524462964047164066e-19
2.810519999999974772e+01;4.035642157909537436e-18;6.242111830559723407e-01;3.274618523846466010e-18;2.358660880664776312e-18
2.817179999999974527e+01;6.854357702316223023e-18;2.011412067437334805e-01;6.716168483487377589e-18;1.369416084582249331e-18
2.823839999999974637e+01;1.005438316951270241e-17;-1.423900780381746889e-01;9.952629285832871554e-18;-1.426811556640256865e-18
2.830499999999974747e+01;1.373552558764642910e-17;-5.050936519204235475e-01;1.202035898468058891e-17;-6.646475234911988426e-18
2.837159999999974502e+01;1.858782801662148802e-17;-8.259858781074357337e-01;1.259943321658938535e-17;-1.366607599116157410e-17
2.843819999999974613e+01;2.352763346108274836e-17;-1.169337244062097270e+00;9.193701142192523427e-18;-2.165699414939913537e-17
2.850479999999974368e+01;2.855545497324439028e-17;-1.395178318854088495e+00;4.989114092539777498e-18;-2.811623639999864198e-17
2.857139999999974123e+01;3.104939823888919642e-17;-1.654188780574924689e+00;-2.586285438944324915e-18;-3.094149735590441627e-17
2.863799999999974233e+01;3.404072502906635000e-17;-1.956181131324277622e+00;-1.279644451536200897e-17;-3.154396880973866498e-17
2.870459999999974343e+01;3.568027532957834033e-17;-2.231052224984247268e+00;-2.188339040944210632e-17;-2.818154133085083732e-17
2.877119999999974453e+01;3.566410332591411864e-17;-2.491299811823213695e+00;-2.838529310033204904e-17;-2.159174383068029637e-17
2.883779999999974208e+01;3.144487442430411139e-17;-2.783770136516538596e+00;-2.945320876275980486e-17;-1.101311132866383808e-17
2.890439999999973963e+01;2.599808239699321507e-17;-3.048470904674790205e+00;-2.588544056443390495e-17;-2.417489422108844275e-18
2.897099999999974074e+01;1.809073454426982444e-17;2.921876702020478334e+00;-1.765582239054178100e-17;3.942919231341299758e-18
2.903759999999973829e+01;6.410008771522661313e-18;2.679492347885993109e+00;-5.737714841136380107e-18;2.857768509309455674e-18
2.910419999999973939e+01;7.353886677488040155e-18;-9.218508556609348314e-01;4.444296234223469275e-18;-5.858999935808428494e-18
2.917079999999974049e+01;2.142658482026702458e-17;-1.156954737274100475e+00;8.616263549554247809e-18;-1.961781179195886343e-17
2.923739999999973804e+01;3.866508595591889630e-17;-1.511671370554538818e+00;2.284739821560517567e-18;-3.859752370199896955e-17
2.930399999999973915e+01;5.468219796121976232e-17;-1.840646863967329461e+00;-1.457758420355757271e-17;-5.270329033996089909e-17
2.937059999999973670e+01;6.968506302871217364e-17;-2.203528520483553077e+00;-4.120827901872230316e-17;-5.619506873054538991e-17
2.943719999999973425e+01;8.028183175118660257e-17;-2.548151329134950238e+00;-6.655533598422889547e-17;-4.489498592662924689e-17
2.950379999999973535e+01;8.869312777496122445e-17;-2.922074601172654607e+00;-8.656471543705853317e-17;-1.931375043347817319e-17
2.957039999999973645e+01;9.199850844470930208e-17;2.985152792400594723e+00;-9.087504296963292238e-17;1.433360112876797810e-17
2.963699999999973400e+01;9.067146761052242942e-17;2.627486178502178582e+00;-7.895059067741249605e-17;4.458833110056582528e-17
2.970359999999973510e+01;8.428683278620407437e-17;2.282093960925017040e+00;-5.502390245350588018e-17;6.384857351512715740e-17
2.977019999999973265e+01;7.382875024579530167e-17;1.948078067117869461e+00;-2.719812402921575711e-17;6.863633448944819788e-17
2.983679999999973020e+01;6.033431116700073843e-17;1.625812977953823291e+00;-3.317717463655918542e-18;6.024302328757930634e-17
2.990339999999973131e+01;4.406341799894168737e-17;1.305702104654097084e+00;1.154462433141593538e-17;4.252418670352129587e-17
2.996999999999973241e+01;2.925246903301252722e-17;1.020831933595109042e+00;1.528900399024642867e-17;2.493899158974928746e-17
3.003659999999973351e+01;1.474456000137798168e-17;7.128166317046910061e-01;1.115459721118261479e-17;9.642458747151188145e-18
3.010319999999973106e+01;3.219702746156541502e-18;3.292235626746699007e-01;3.046784287537296579e-18;1.040956905363436076e-18
3.016979999999972861e+01;4.415333450042607268e-18;-2.864852137503762997e+00;-4.247334905657651815e-18;-1.206364652270308589e-18
3.023639999999972972e+01;8.797316143450540799e-18;3.095169062516445191e+00;-8.787838078755383327e-18;4.082563280494167262e-19
3.030299999999972727e+01;1.103577270071444514e-17;2.609447676133753280e+00;-9.509754095304856849e-18;5.599362119801387988e-18
3.036959999999972837e+01;1.110701449417557277e-17;2.057338298320698478e+00;-5.193328406205566085e-18;9.818101193159733669e-18
3.043619999999972947e+01;1.384324554015040444e-17;1.408717225602836631e+00;2.233890156189133250e-18;1.366181473505534379e-17
3.050279999999972702e+01;1.628879032486901944e-17;9.385842450278858440e-01;9.625546887326308488e-18;1.314053033052431405e-17
3.056939999999972457e+01;2.166753328705918697e-17;4.549022852932790295e-01;1.946403108132876990e-17;9.520162436160718086e-18
3.063599999999972567e+01;2.334137579768612285e-17;1.585180298659689957e-01;2.304872872421759501e-17;3.684552662974738460e-18
3.070259999999972322e+01;2.693096970634397525e-17;-1.295761803833755665e-01;2.670520055092495810e-17;-3.479855292809475426e-18
3.076919999999972433e+01;2.666293977407289511e-17;-3.886252785552598565e-01;2.467470672229410446e-17;-1.010302952408892425e-17
3.083579999999972543e+01;2.534872821625622389e-17;-6.299233186221945280e-01;2.048361480433413787e-17;-1.493249968120835641e-17
3.090239999999972298e+01;2.217390834026071573e-17;-8.420749870294831352e-01;1.476596622751458278e-17;-1.654232306691483174e-17
3.096899999999972408e+01;1.900395703982448045e-17;-1.044403962568476452e+00;9.547918011776347024e-18;-1.643130076445231598e-17
3.103559999999972163e+01;1.229293159325309604e-17;-1.277609430237014454e+00;3.552713678800501003e-18;-1.176836406102665900e-17
3.110219999999971918e+01;6.830353356367180636e-18;-1.701199634684030126e+00;-8.881784197001252508e-19;-6.772360450213454749e-18
3.116879999999972028e+01;1.256073966947020220e-18;-7.853981633974482790e-01;8.881784197001252508e-19;-8.881784197001252508e-19
3.123539999999972139e+01;5.617333549722721732e-18;1.249045772398254428e+00;1.776356839400250502e-18;5.329070518200751505e-18
3.130199999999971894e+01;8.881784197001252508e-18;9.272952180016121870e-01;5.329070518200751505e-18;7.105427357601002007e-18
3.136859999999972004e+01;1.137423353269335466e-17;6.747409422235526311e-01;8.881784197001252508e-18;7.105427357601002007e-18
3.143519999999971759e+01;1.749508591650102928e-17;4.182243295792290594e-01;1.598721155460225606e-17;7.105427357601002007e-18
3.150179999999971514e+01;2.025358414490941566e-17;2.662520491509253739e-01;1.953992523340275398e-17;5.329070518200751505e-18
3.156839999999971624e+01;2.316085955983257774e-17;-7.677189126977802813e-02;2.309263891220325806e-17;-1.776356839400250502e-18
3.163499999999971735e+01;2.323842923758743957e-17;-4.764674194737066881e-01;2.065014825802791150e-17;-1.065814103640150301e-17
3.170159999999971845e+01;2.120832937295772458e-17;-6.264870439119039069e-01;1.718070130607429732e-17;-1.243449787580175351e-17
3.176819999999971600e+01;2.070141750608674269e-17;-9.530406012286639639e-01;1.199040866595169050e-17;-1.687538997430237900e-17
3.183479999999971355e+01;1.986027322597818408e-17;-1.107148717794090409e+00;8.881784197001252508e-18;-1.776356839400250502e-17
3.190139999999971465e+01;1.811535637441176498e-17;-1.373400766945015894e+00;3.552713678800501003e-18;-1.776356839400250502e-17
3.196799999999971220e+01;1.123466709944544346e-17;-1.892546881191538910e+00;-3.552713678800501003e-18;-1.065814103640150301e-17
3.203459999999971330e+01;7.944109290391274248e-18;-2.034443935795702707e+00;-3.552713678800501003e-18;-7.105427357601002007e-18
3.210119999999971441e+01;7.944109290391274248e-18;-2.677945044588986967e+00;-7.105427357601002007e-18;-3.552713678800501003e-18
3.216779999999971551e+01;4.440892098500626254e-19;-1.570796326794896558e+00;0.000000000000000000e+00;-4.440892098500626254e-19
3.223439999999970951e+01;3.568292035180541450e-18;-3.048115872431203854e+00;-3.552713678800501003e-18;-3.330669073875469691e-19
3.230099999999971061e+01;4.189529226675415949e-18;-5.585993153435624414e-01;3.552713678800501003e-18;-2.220446049250313127e-18
3.236759999999971171e+01;5.617333549722721732e-18;-1.249045772398254428e+00;1.776356839400250502e-18;-5.329070518200751505e-18
3.243419999999971282e+01;1.012679207245470783e-17;-1.304544277643971295e+00;2.664535259100375752e-18;-9.769962616701376989e-18
3.250079999999970681e+01;1.290917759688581796e-17;-1.639652816095941157e+00;-8.881784197001252508e-19;-1.287858708565181652e-17
3.256739999999970792e+01;1.472375079645296569e-17;-1.973707917648412469e+00;-5.773159728050814516e-18;-1.354472090042690950e-17
3.263399999999970902e+01;1.458224691739221114e-17;-2.176220609998377409e+00;-8.298917109073044807e-18;-1.199040866595169050e-17
3.270059999999970302e+01;1.288074035547320861e-17;-2.386672854133390587e+00;-9.381384558082573395e-18;-8.826273045769994632e-18
3.276719999999970412e+01;9.439369912156021064e-18;-2.643216695478553202e+00;-8.291165063539773413e-18;-4.512015761015675216e-18
3.283379999999970522e+01;5.092326783481330555e-18;-2.681296646908130743e+00;-4.562322741819002473e-18;-2.262079412673756534e-18
3.290039999999970632e+01;3.759228625188018606e-18;-9.638507768777541118e-01;2.144118216307333547e-18;-3.087807787238716674e-18
3.296699999999970743e+01;7.604743604922767113e-18;-5.837004663543433614e-01;6.345618475123160210e-18;-4.191091917959965811e-18
3.303359999999970853e+01;1.300315253845910571e-17;-7.629448700661205507e-01;9.398731792842341096e-18;-8.985867605559860256e-18
3.310019999999970253e+01;1.323063166730391528e-17;-1.008833670786820180e+00;7.049916206369744130e-18;-1.119590531395431253e-17
3.316679999999970363e+01;1.213221130337261125e-17;-1.213577839632095534e+00;4.242266260501281762e-18;-1.136634189546903412e-17
3.323339999999970473e+01;7.078937767107604097e-18;-1.327704706197176954e+00;1.703932134278218886e-18;-6.870806007475138687e-18
