Частота;Амплитуда;Фаза;Действительная часть;Мнимая часть
-3.329999999999969873e+01;3.447242491461111038e-17;-0.000000000000000000e+00;3.447242491461111038e-17;-0.000000000000000000e+00
-3.323339999999970473e+01;3.034718208295264473e-17;-2.092124087314258252e-01;2.968545548265311264e-17;-6.302792489309983216e-18
-3.316679999999970363e+01;2.563679425741473238e-17;-4.205276260447295966e-01;2.340315441440310392e-17;-1.046602041143707102e-17
-3.310019999999970253e+01;1.825923628633829086e-17;-6.679008803436148334e-01;1.433575480547233269e-17;-1.130866233989280567e-17
-3.303359999999970853e+01;1.159750972394101342e-17;-7.400085024256638500e-01;8.564329800897497106e-18;-7.820133429703446394e-18
-3.296699999999970743e+01;4.266439449025455221e-18;-8.931343870368982918e-01;2.674943599956236604e-18;-3.323730179971562649e-18
-3.290039999999970632e+01;1.465364980691084231e-18;-3.078989506486181638e-01;1.396452398161329796e-18;-4.440892098500626254e-19
-3.283379999999970522e+01;1.361935826311283123e-18;7.393358737620018273e-01;1.006356456501045219e-18;9.176687187917309976e-19
-3.276719999999970412e+01;1.591065827409787909e-18;-2.116451381321888370e+00;-8.257283745649602363e-19;-1.360023205165816814e-18
-3.270059999999970302e+01;5.327046289697442500e-18;-2.556480215405366074e+00;-4.440892098500626254e-18;-2.942091015256664749e-18
-3.263399999999970902e+01;8.882478059288707434e-18;-2.823794647779901190e+00;-8.437694987151189498e-18;-2.775557561562891505e-18
-3.256739999999970792e+01;1.383107983911940891e-17;-3.045118878407206520e+00;-1.376676550535194100e-17;-1.332267629550187876e-18
-3.250079999999970681e+01;1.561906639142038896e-17;2.882821761626095380e+00;-1.509903313490213003e-17;3.996802888650564014e-18
-3.243419999999971282e+01;1.729669038588217101e-17;2.632000388780867617e+00;-1.509903313490213003e-17;8.437694987151189498e-18
-3.236759999999971171e+01;1.727387152319501534e-17;2.374374305265323226e+00;-1.243449787580175351e-17;1.199040866595169050e-17
-3.230099999999971061e+01;1.432144669219779164e-17;1.695151321341658024e+00;-1.776356839400250502e-18;1.421085471520200401e-17
-3.223439999999970951e+01;1.344057838396888503e-17;1.438244794498222623e+00;1.776356839400250502e-18;1.332267629550187799e-17
-3.216779999999971551e+01;1.387379042922037520e-17;6.947382761967031417e-01;1.065814103640150301e-17;8.881784197001252508e-18
-3.210119999999971441e+01;1.137423353269335466e-17;6.747409422235526311e-01;8.881784197001252508e-18;7.105427357601002007e-18
-3.203459999999971330e+01;7.324106877635579381e-18;2.449786631268641435e-01;7.105427357601002007e-18;1.776356839400250502e-18
-3.196799999999971220e+01;5.617333549722721732e-18;-3.217505543966421855e-01;5.329070518200751505e-18;-1.776356839400250502e-18
-3.190139999999971465e+01;2.598965467441788449e-18;-3.487710035839070022e-01;2.442490654175344247e-18;-8.881784197001252508e-19
-3.183479999999971355e+01;4.440892098500626254e-19;3.141592653589793116e+00;-4.440892098500626254e-19;0.000000000000000000e+00
-3.176819999999971600e+01;5.024295867788080879e-18;2.356194490192344837e+00;-3.552713678800501003e-18;3.552713678800501003e-18
-3.170159999999971845e+01;1.080515682314281415e-17;1.735945004209523468e+00;-1.776356839400250502e-18;1.065814103640150301e-17
-3.163499999999971735e+01;1.123466709944544346e-17;1.892546881191538910e+00;-3.552713678800501003e-18;1.065814103640150301e-17
-3.156839999999971624e+01;1.776356839400250502e-17;9.272952180016121870e-01;1.065814103640150301e-17;1.421085471520200401e-17
-3.150179999999971514e+01;2.139016888732267370e-17;8.441539861131710509e-01;1.421085471520200401e-17;1.598721155460225606e-17
-3.143519999999971759e+01;2.956446994256587489e-17;5.713374798336268157e-01;2.486899575160350702e-17;1.598721155460225606e-17
-3.136859999999972004e+01;2.568913099005010530e-17;2.533642108061387455e-01;2.486899575160350702e-17;6.439293542825908261e-18
-3.130199999999971894e+01;2.664905307745879235e-17;-1.666512371394075070e-02;2.664535259100375598e-17;-4.440892098500626254e-19
-3.123539999999972139e+01;2.684077535566156410e-17;-2.851177351725961429e-01;2.575717417130363304e-17;-7.549516567451065017e-18
-3.116879999999972028e+01;2.241660983792563921e-17;-5.880026035475675039e-01;1.865174681370263104e-17;-1.243449787580175351e-17
-3.110219999999971918e+01;1.742873352589527303e-17;-7.763893981070313366e-01;1.243449787580175351e-17;-1.221245327087672201e-17
-3.103559999999972163e+01;1.251354824525685405e-17;-1.091277034802300427e+00;5.773159728050814516e-18;-1.110223024625156602e-17
-3.096899999999972408e+01;4.564083509149711648e-18;-1.497755761491777360e+00;3.330669073875469691e-19;-4.551914400963142007e-18
-3.090239999999972298e+01;1.335996415014889391e-18;1.645526693240707772e+00;-9.974659986866641226e-20;1.332267629550187876e-18
-3.083579999999972543e+01;9.166404912397196647e-18;1.430290985241467805e+00;1.283695372222837234e-18;9.076073226310655075e-18
-3.076919999999972433e+01;1.395211249951044012e-17;1.113376395288612875e+00;6.161737786669618879e-18;1.251776460264864033e-17
-3.070259999999972322e+01;1.730513397456466620e-17;8.711294530684478010e-01;1.114386360967500943e-17;1.323940956865499272e-17
-3.063599999999972567e+01;1.918809810680617811e-17;5.342176447820993213e-01;1.651456749129920280e-17;9.769962616701376989e-18
-3.056939999999972457e+01;1.889936445364221233e-17;2.016438061822180827e-01;1.851643838257643804e-17;3.785166624581392975e-18
-3.050279999999972702e+01;1.705170995709089220e-17;-2.832325424144531145e-01;1.637232016626910642e-17;-4.765285388508288891e-18
-3.043619999999972947e+01;1.645542364621617880e-17;-9.261804059522432686e-01;9.887923813067800746e-18;-1.315332391615964246e-17
-3.036959999999972837e+01;1.822380177806859889e-17;-1.426559844728881421e+00;2.619432448724978728e-18;-1.803456472701525813e-17
-3.030299999999972727e+01;2.105035833679889009e-17;-1.976071911037995843e+00;-8.299567630376536134e-18;-1.934514831311573523e-17
-3.023639999999972972e+01;2.373838960735262440e-17;-2.412559246506632782e+00;-1.770453358571066937e-17;-1.581330552613557969e-17
-3.016979999999972861e+01;2.270583222397862168e-17;-2.787485008591485958e+00;-2.129707814182285766e-17;-7.873327098791015839e-18
-3.010319999999973106e+01;1.991784086188883086e-17;-3.113418795973192488e+00;-1.990993632981774633e-17;-5.610881767884046589e-19
-3.003659999999973351e+01;1.050447318067244558e-17;2.957693753366459344e+00;-1.032734883599380683e-17;1.920891153387935267e-18
-2.996999999999973241e+01;5.286694384890778096e-19;6.583702257457469953e-01;4.181724632750857854e-19;3.234550450229581818e-19
-2.990339999999973131e+01;1.691481528363051877e-17;-8.818689258861490687e-01;1.075291009347774364e-17;-1.305702495214453825e-17
-2.983679999999973020e+01;3.184305989587352900e-17;-1.183683063741699737e+00;1.202129216218796264e-17;-2.948675971149606143e-17
-2.977019999999973265e+01;5.220942081805479375e-17;-1.545271848409984994e+00;1.332473537965709536e-18;-5.219241454873834386e-17
-2.970359999999973510e+01;6.793717030083139602e-17;-1.895335304641538876e+00;-2.166325212604722729e-17;-6.439070286778579429e-17
-2.963699999999973400e+01;8.153975860921125097e-17;-2.271689360704181926e+00;-5.258502785742862051e-17;-6.231811196820627238e-17
-2.957039999999973645e+01;8.877806387378885544e-17;-2.650781918773482460e+00;-7.829790362172406089e-17;-4.184474774236002991e-17
-2.950379999999973535e+01;9.304661916574189552e-17;-3.045804264932933325e+00;-9.262007476765040098e-17;-8.899162219526817774e-18
-2.943719999999973425e+01;8.988656681257299342e-17;2.852678187661173315e+00;-8.616110315309005730e-17;2.560974808141857269e-17
-2.937059999999973670e+01;8.135751686933949958e-17;2.483276116452107107e+00;-6.435568911629503742e-17;4.977339479593135183e-17
-2.930399999999973915e+01;6.928322806393404239e-17;2.095901439398339505e+00;-3.473195647620715104e-17;5.994878556146030069e-17
-2.923739999999973804e+01;5.246919742653130862e-17;1.735226938438910960e+00;-8.588716993404152713e-18;5.176147813762209576e-17
-2.917079999999974049e+01;3.650682427010945408e-17;1.381369685589872498e+00;6.874082528346202416e-18;3.585380325268350276e-17
-2.910419999999973939e+01;1.954489147309236302e-17;1.069800554465904607e+00;9.387395214832313750e-18;1.714291672311050720e-17
-2.903759999999973829e+01;2.911280890466332144e-18;8.527811114058451158e-01;1.915306083602185942e-18;2.192523438714144469e-18
-2.897099999999974074e+01;1.026479352557517597e-17;-2.823944538146602401e+00;-9.751272761842140019e-18;-3.206035814966143345e-18
-2.890439999999973963e+01;2.199228187197902005e-17;-3.100320328790696855e+00;-2.197355365149443087e-17;-9.074149334635830683e-19
-2.883779999999974208e+01;2.886672812741210111e-17;2.849657599280927656e+00;-2.764534074033446336e-17;8.308015896273213345e-18
-2.877119999999974453e+01;3.324840921527441530e-17;2.596208011925489778e+00;-2.842499008637148342e-17;1.724751152879821154e-17
-2.870459999999974343e+01;3.599403467888641043e-17;2.302095852828864420e+00;-2.403816416141190625e-17;2.679061769004010161e-17
-2.863799999999974233e+01;3.453749324288650878e-17;1.993543489323032381e+00;-1.416960461831273669e-17;3.149699580060170597e-17
-2.857139999999974123e+01;3.148509931669490439e-17;1.698664821630780253e+00;-4.014990268766022136e-18;3.122805360767551826e-17
-2.850479999999974368e+01;2.765028743669218736e-17;1.402564816716845630e+00;4.629738930262163317e-18;2.725993236912580452e-17
-2.843819999999974613e+01;2.311661543464426998e-17;1.045280408155141672e+00;1.159666684413463137e-17;1.999738050994135367e-17
-2.837159999999974502e+01;1.879111589912365062e-17;8.068230800361281263e-01;1.299961791212490285e-17;1.356893403599041124e-17
-2.830499999999974747e+01;1.293210058883844875e-17;4.079504231908173684e-01;1.187083908738868090e-17;5.130536521764641239e-18
-2.823839999999974637e+01;8.900994991391219480e-18;4.358119590879208638e-02;8.892543407469463699e-18;3.877932220178479770e-19
-2.817179999999974527e+01;5.315296519252978461e-18;-6.035392602461369105e-01;4.376253890263079120e-18;-3.016749736975226483e-18
-2.810519999999974772e+01;1.474523277857077642e-18;-1.625403307811158271e+00;-8.047925357511941089e-20;-1.472325367127243270e-18
-2.803859999999975017e+01;1.143727811544658175e-18;2.691550379802706505e+00;-1.029845362409648699e-18;4.975257143345181213e-19
-2.797199999999974906e+01;4.124908166638423189e-18;1.611867657574025614e+00;-1.693678418967176662e-19;4.121429596308980064e-18
-2.790539999999975151e+01;7.034475528596245784e-18;1.252663609277965717e+00;2.200338380031269823e-18;6.681493618629056554e-18
-2.783879999999975041e+01;1.055671698158983654e-17;1.103961028361980290e+00;4.751182168679378791e-18;9.427117344629288372e-18
-2.777219999999974931e+01;1.165626978398751501e-17;6.873536409938383329e-01;9.009455174076122605e-18;7.395832795798816841e-18
-2.770559999999975176e+01;1.437195302159144970e-17;3.679707410022754477e-01;1.340988351851966777e-17;5.169918536550279947e-18
-2.763899999999975421e+01;1.471248242022287508e-17;1.927438895411561492e-01;1.444004154210763325e-17;2.818215610554470040e-18
-2.757239999999975311e+01;1.351991079007266001e-17;-3.962169602480754976e-02;1.350929986770101988e-17;-5.355416473593044573e-19
-2.750579999999975556e+01;1.038709761577522909e-17;-6.115508234512043173e-02;1.036768008640857842e-17;-6.348279337981487925e-19
-2.743919999999975445e+01;7.831101174655863779e-18;-8.240073899752106690e-02;7.804530088685472783e-18;-6.445585330282822763e-19
-2.737259999999975335e+01;6.103934120628529631e-18;6.794303570989439212e-02;6.089850877970114608e-18;4.144008120887439727e-19
-2.730599999999975580e+01;6.575290351952822235e-18;4.536332501916036652e-01;5.910270904103430180e-18;2.881517144247504236e-18
-2.723939999999975470e+01;4.938583653427327405e-18;5.256031822124845876e-01;4.271980849416915718e-18;2.477859585229708034e-18
-2.717279999999975715e+01;4.139200374604437010e-18;9.818339655352795181e-02;4.119265493559889793e-18;4.057481172997704298e-19
-2.710619999999975960e+01;9.806935162541684962e-19;2.795613744822899260e+00;-9.225814805192226424e-19;3.325705708957484785e-19
-2.703959999999975850e+01;9.115062066795923742e-18;3.090160656467666911e+00;-9.103008913653821626e-18;4.685991885194073985e-19
-2.697299999999975739e+01;2.066394291461582384e-17;2.739487205648605705e+00;-1.901576726047168282e-17;8.086972998228375064e-18
-2.690639999999975629e+01;3.359159286026671475e-17;2.389410485793362682e+00;-2.452857028353935670e-17;2.295091176261614014e-17
-2.683979999999975874e+01;4.655145913747898147e-17;2.037027325921491272e+00;-2.092594015952287546e-17;4.158296978654174300e-17
-2.677319999999976119e+01;6.131726888613978059e-17;1.685074667306282636e+00;-6.991993810842612753e-18;6.091731680076120176e-17
-2.670659999999976009e+01;7.238814852712729897e-17;1.254351057376172474e+00;2.252648995384528586e-17;6.879390450864632886e-17
-2.663999999999976254e+01;8.095490046360297271e-17;8.651010709966815426e-01;5.250436830597103222e-17;6.161969829415598234e-17
-2.657339999999976143e+01;8.557970093121362351e-17;4.862776724284453844e-01;7.565917924472869894e-17;3.999467223881176023e-17
-2.650679999999976033e+01;8.238213751060717584e-17;1.068603663247069263e-01;8.191221844459363815e-17;8.786640444547734664e-18
-2.644019999999976278e+01;7.509555133112378306e-17;-2.904768516162531400e-01;7.194960417267747903e-17;-2.150805172767812724e-17
-2.637359999999976523e+01;6.193040257618353100e-17;-6.816935627891745897e-01;4.808937276282291847e-17;-3.902290340974675010e-17
-2.630699999999976413e+01;4.360549620135680768e-17;-1.062214458371113945e+00;2.123322063351519085e-17;-3.808660710138155938e-17
-2.624039999999976658e+01;2.357509815070754765e-17;-1.501378967070626347e+00;1.635207049108112857e-18;-2.351831947061782594e-17
-2.617379999999976548e+01;4.367151442568080292e-18;-2.173812801895844249e+00;-2.476740436225899391e-18;-3.596910971081714803e-18
-2.610719999999976437e+01;1.756794435372878328e-17;1.018158634497770443e+00;9.222013153246765417e-18;1.495283057541462878e-17
-2.604059999999976682e+01;3.247611214979118244e-17;5.596178592209509750e-01;2.752214225357417073e-17;1.724034646229134120e-17
-2.597399999999976927e+01;4.249278801812529552e-17;1.502199149596195882e-01;4.201424232778354569e-17;6.359282599131352664e-18
-2.590739999999976817e+01;4.926843743953487924e-17;-2.128941769922719773e-01;4.815612854209607520e-17;-1.040990929693830786e-17
-2.584079999999977062e+01;4.973443850488735677e-17;-5.664081070063324841e-01;4.196760225367877508e-17;-2.668772628894111251e-17
-2.577419999999976952e+01;4.583361354139849089e-17;-9.735783442778256358e-01;2.577426642786739876e-17;-3.789996464863225965e-17
-2.570759999999976841e+01;4.122119832562143007e-17;-1.386894090258754764e+00;7.538013008434116457e-18;-4.052610950097348170e-17
-2.564099999999976731e+01;3.436920024539790173e-17;-1.833877978239384143e+00;-8.937964978222315922e-18;-3.318666460427034830e-17
-2.557439999999976976e+01;2.901864917218106112e-17;-2.266029999511165904e+00;-1.858832796700736263e-17;-2.228353794102490668e-17
-2.550779999999977221e+01;2.402847962949105350e-17;-2.782171463163614078e+00;-2.249307339553643735e-17;-8.451596448475130833e-18
-2.544119999999977111e+01;1.936993161784403534e-17;3.119177367607295803e+00;-1.936506565850067193e-17;4.341461987763750503e-19
-2.537459999999977356e+01;1.496439240991007712e-17;2.743242491318611975e+00;-1.379271366382552152e-17;5.804661056900311552e-18
-2.530799999999977246e+01;9.541028127422827440e-18;2.432613638407785661e+00;-7.241897889657417759e-18;6.211773714813586992e-18
-2.524139999999977135e+01;2.207491096168898741e-18;2.339745114063330966e+00;-1.535045549839592632e-18;1.586395946661056570e-18
-2.517479999999977380e+01;2.432625053647931644e-18;-1.572802254438224523e+00;-4.879666568540114336e-21;-2.432620159517260315e-18
-2.510819999999977625e+01;1.097077510528220079e-17;-1.600312592507340703e+00;-3.237692964618896671e-19;-1.096599652805654628e-17
-2.504159999999977515e+01;1.584591145959338536e-17;-1.865740887137878223e+00;-4.606197372826580861e-18;-1.516165742087053042e-17
-2.497499999999977760e+01;2.157476939416240466e-17;-2.062038046540359382e+00;-1.017727471030939585e-17;-1.902350529955464726e-17
-2.490839999999977650e+01;2.495049863526098260e-17;-2.329691044249716736e+00;-1.716893402385660511e-17;-1.810400747438586544e-17
-2.484179999999977539e+01;2.889101645936692747e-17;-2.521766330165510439e+00;-2.351669098866327106e-17;-1.678261234132321393e-17
-2.477519999999977784e+01;2.852313246424794472e-17;-2.747095903596983746e+00;-2.633227357471643016e-17;-1.096268461460629018e-17
-2.470859999999978029e+01;2.700975410360668967e-17;-2.939151239740303012e+00;-2.645817774384977192e-17;-5.430621254713957211e-18
-2.464199999999977919e+01;2.441970973360834150e-17;3.139912379049931257e+00;-2.441967526125812335e-17;4.103179722853232493e-20
-2.457539999999978164e+01;2.136789604005918624e-17;2.930452338067190965e+00;-2.089336995971058643e-17;4.478177408884148780e-18
-2.450879999999978054e+01;1.796041840851136944e-17;2.689349923383889340e+00;-1.615484548148922927e-17;7.848413653599116990e-18
-2.444219999999977944e+01;1.169715727162879198e-17;2.523685072415509101e+00;-9.534264496877605130e-18;6.776524827726786976e-18
-2.437559999999978189e+01;8.584147030934577008e-18;2.224714861475863170e+00;-5.221747226945332199e-18;6.813291139133248621e-18
-2.430899999999978434e+01;4.542773487362901320e-18;2.274657255093693653e+00;-2.939927997730610741e-18;3.463179799786171194e-18
-2.424239999999978323e+01;1.608086792647800253e-18;-4.988389359378094245e-01;1.412123107299485716e-18;-7.693188302122431411e-19
-2.417579999999978568e+01;5.568896183795450561e-18;-1.461943152609867624e+00;6.049956057662626298e-19;-5.535935785654945808e-18
-2.410919999999978458e+01;9.685685205813360672e-18;-1.681132694155312191e+00;-1.066516261771358574e-18;-9.626787676555927761e-18
-2.404259999999978348e+01;1.149790120514371345e-17;-2.063020069698444647e+00;-5.433756387354704086e-18;-1.013291782489758477e-17
-2.397599999999978237e+01;1.340873986742788262e-17;-2.324011365572867582e+00;-9.171412353250052808e-18;-9.781589864587568905e-18
-2.390939999999978838e+01;1.547409165091013913e-17;-2.548138825213182468e+00;-1.282824095742894951e-17;-8.653539527783375435e-18
-2.384279999999978727e+01;1.706466724262540085e-17;-2.756090610833213717e+00;-1.581228737411422015e-17;-6.416730951190055976e-18
-2.377619999999978617e+01;1.887177841559197298e-17;-3.099254697340270592e+00;-1.885486708658539957e-17;-7.987538509463924553e-19
-2.370959999999978862e+01;1.929998121627402468e-17;2.927795967727933935e+00;-1.886056717252921281e-17;4.094909141732409294e-18
-2.364299999999978752e+01;1.773095768423671472e-17;2.650443386487485675e+00;-1.563500602063398564e-17;8.362622025114607708e-18
-2.357639999999978642e+01;1.667565016514099964e-17;2.358300457339012723e+00;-1.181627158452896521e-17;1.176660674412213232e-17
-2.350979999999978887e+01;1.370457921160820432e-17;1.987272907911264319e+00;-5.544060531190772539e-18;1.253311151285810741e-17
-2.344319999999979132e+01;1.178650825938442092e-17;1.619311642163183462e+00;-5.716018704046112202e-19;1.177263981655291924e-17
-2.337659999999979021e+01;8.543811046632980822e-18;1.016373002514275870e+00;4.497915774267282923e-18;7.263983816623306934e-18
-2.330999999999979266e+01;1.601186416994688378e-18;1.611112253965287788e+00;-6.453582918176647288e-20;1.599885329865896917e-18
-2.324339999999979156e+01;6.212602933117132708e-18;-2.366927371883597697e+00;-4.439869002881827792e-18;-4.345572280128904734e-18
-2.317679999999979046e+01;2.017858482352066461e-17;-2.658456382938561013e+00;-1.786899038216379004e-17;-9.374138264510320080e-18
-2.311019999999979291e+01;3.567691357449827090e-17;-3.112377638277954439e+00;-3.566168922914133877e-17;-1.042153312312342295e-18
-2.304359999999979536e+01;4.684171345006159921e-17;2.916783071519660986e+00;-4.566301540597581868e-17;1.044198941635629870e-17
-2.297699999999979426e+01;5.749243713636064069e-17;2.640176938913110227e+00;-5.041528789425187352e-17;2.763474397236350299e-17
-2.291039999999979671e+01;6.024822263421562827e-17;2.429173221054294007e+00;-4.559480597421840823e-17;3.938225487139340484e-17
-2.284379999999979560e+01;6.068925817491555988e-17;2.176276458746864151e+00;-3.454171127351065845e-17;4.990046332569450126e-17
-2.277719999999979450e+01;5.183946918038544930e-17;1.955882666396826730e+00;-1.947293438588550452e-17;4.804305768065903088e-17
-2.271059999999979340e+01;4.261418013576264424e-17;1.710412652352251373e+00;-5.930324983244239298e-18;4.219952125600877232e-17
-2.264399999999979940e+01;2.943990803352581113e-17;1.521478015703587872e+00;1.451338028666018796e-18;2.940411200748979297e-17
-2.257739999999979830e+01;1.766093550029834210e-17;1.237444344404127428e+00;5.778875665982977130e-18;1.668871591174132472e-17
-2.251079999999979719e+01;8.644345452946734661e-18;1.086745318099256341e+00;4.022806948363054418e-18;7.651256927203715054e-18
-2.244419999999979964e+01;2.131094430504514081e-18;6.190997185360539445e-01;1.735565908293395847e-18;1.236678798110923806e-18
-2.237759999999979854e+01;7.972966998190890412e-19;1.267230422220249952e+00;2.383318835682413758e-19;7.608416003461066731e-19
-2.231099999999979744e+01;5.470813962287618599e-19;2.816755372886464492e+00;-5.184705007721875812e-19;1.746035335514393428e-19
-2.224439999999980344e+01;1.809724308024903656e-18;6.615411853536141695e-01;1.427956390417074353e-18;1.111774535651566219e-18
-2.217779999999980234e+01;3.577116224653717481e-18;2.494129051942505990e-02;3.576003677609710819e-18;8.920864533602641605e-20
-2.211119999999980124e+01;3.577786239058717754e-18;2.139631833431138719e-01;3.496202234242628207e-18;7.596869813777123629e-19
-2.204459999999980369e+01;2.227553254334002291e-18;6.887977144783271610e-01;1.719695073772244160e-18;1.415853931073922276e-18
-2.197799999999980258e+01;3.246451830320775520e-18;1.698310094551866545e+00;-4.128463815072057748e-19;3.220094307915456362e-18
-2.191139999999980148e+01;7.154819459174815323e-18;1.730454060903838354e+00;-1.137475365982672739e-18;7.063822710485391984e-18
-2.184479999999980393e+01;8.974635610594156233e-18;1.714362251781724300e+00;-1.284030337525370569e-18;8.882305468472655195e-18
-2.177819999999980638e+01;1.182333468621546252e-17;1.336148301781755032e+00;2.748933240600503538e-18;1.149933081274676999e-17
-2.171159999999980528e+01;1.107210945245041726e-17;1.120527645188677424e+00;4.818664542867385698e-18;9.968554546691035440e-18
-2.164499999999980773e+01;1.111859184778584589e-17;7.778802448461015207e-01;7.920915073531667433e-18;7.802703959240583610e-18
-2.157839999999980662e+01;8.224794964565166704e-18;6.337661529670725047e-01;6.627564241276114559e-18;4.870589742207270777e-18
-2.151179999999980552e+01;6.404872104667048958e-18;2.743559971695869182e-01;6.165329087562559326e-18;1.735253272348774980e-18
-2.144519999999980797e+01;2.140121188523671668e-18;1.763325241111655950e-01;2.106935744798107719e-18;3.754203895102365319e-19
-2.137859999999981042e+01;9.633265531236308107e-19;2.892621564364540099e+00;-9.336237905091104100e-19;2.373703135365842074e-19
-2.131199999999980932e+01;5.256904136929862423e-18;2.466635525480419755e+00;-4.104242432611264568e-18;3.284849335848369519e-18
-2.124539999999981177e+01;8.269183591346064010e-18;2.009380011175734282e+00;-3.511571859428180320e-18;7.486538608960692885e-18
-2.117879999999981067e+01;8.826420108821256203e-18;1.900132758890643814e+00;-2.854598369737024370e-18;8.352063223234062214e-18
-2.111219999999980956e+01;1.295992922520461787e-17;1.626341103120528375e+00;-7.194862742998205443e-19;1.293994223416035690e-17
-2.104559999999980846e+01;1.462405501215722580e-17;1.252694619507193297e+00;4.573878939905396906e-18;1.389037855645736998e-17
-2.097899999999981446e+01;1.515128719583314106e-17;8.110716507502980788e-01;1.043502261230855796e-17;1.098507199663371943e-17
-2.091239999999981336e+01;1.642193512423689073e-17;5.790153894405699608e-01;1.374518982544232734e-17;8.986084235483328345e-18
-2.084579999999981226e+01;1.589528930688916788e-17;1.419029033918969840e-01;1.573552045299841385e-17;2.248025405322118411e-18
-2.077919999999981471e+01;1.508659986482932898e-17;-2.581639772202807270e-01;1.458663529771477955e-17;-3.851696531780445878e-18
-2.071259999999981360e+01;1.219130523883887248e-17;-5.760626780530527791e-01;1.022379812251995826e-17;-6.640924286309664272e-18
-2.064599999999981250e+01;1.078249750002684581e-17;-1.072619036843778906e+00;5.152148642154707203e-18;-9.471938381726764063e-18
-2.057939999999981850e+01;7.055564250592166990e-18;-1.446139730087167452e+00;8.772465403161521843e-19;-7.000816052556841339e-18
-2.051279999999981740e+01;4.363348330423823537e-18;-1.679166747043006502e+00;-4.719328834189871459e-19;-4.337751491978326840e-18
-2.044619999999981630e+01;1.354759464001776111e-18;3.887302858526532900e-01;1.253682275818017777e-18;5.134724497011846790e-19
-2.037959999999981875e+01;7.139409199627462192e-18;8.156273664319542149e-01;4.893434652909713882e-18;5.198601832938123606e-18
-2.031299999999981765e+01;1.630418723394016664e-17;4.963417933008782423e-01;1.433676949710222511e-17;7.764248949276206647e-18
-2.024639999999981654e+01;2.459740375221388640e-17;2.076413832062613818e-01;2.406904834314105697e-17;5.070816818320738445e-18
-2.017979999999981899e+01;3.548269282393426889e-17;-3.544853908356621064e-02;3.546040140156571564e-17;-1.257546212873644318e-18
-2.011319999999982144e+01;4.635089973233406105e-17;-3.098139526883070816e-01;4.414414770658222835e-17;-1.413152961488376663e-17
-2.004659999999982034e+01;5.293493257865962323e-17;-5.348231584736078403e-01;4.554303384814912353e-17;-2.698034757028869490e-17
-1.997999999999982279e+01;6.138024466311822368e-17;-7.814041066135912761e-01;4.357539218283757464e-17;-4.322868990631281165e-17
-1.991339999999982169e+01;6.168401047795920280e-17;-9.933868867441497663e-01;3.367053748653616181e-17;-5.168376973492494485e-17
-1.984679999999982059e+01;6.019832897924155138e-17;-1.205960029923720089e+00;2.147854530273800315e-17;-5.623620634049940045e-17
-1.978019999999981948e+01;5.493716152783443034e-17;-1.411605892757501701e+00;8.708580001497235428e-18;-5.424253267587064200e-17
-1.971359999999982549e+01;4.187557963284865001e-17;-1.642602393486192858e+00;-3.004337327049299729e-18;-4.176766843878584281e-17
-1.964699999999982438e+01;3.021716705698324004e-17;-1.825085610029087757e+00;-7.601358339649372864e-18;-2.924545325929957520e-17
-1.958039999999982328e+01;1.447090667217303069e-17;-2.108412440417484213e+00;-7.410404465519353969e-18;-1.242952314339342491e-17
-1.951379999999982573e+01;2.355864677917777189e-18;-2.046448164434126582e+00;-1.078792899175073467e-18;-2.094350558371275131e-18
-1.944719999999982463e+01;1.026863084156926771e-17;5.939585165213480122e-01;8.509941025611777227e-18;5.746797638775629852e-18
-1.938059999999982352e+01;1.934880199658536513e-17;4.016179001845340824e-01;1.780921296100852269e-17;7.563601814777920923e-18
-1.931399999999982953e+01;2.659020655165060882e-17;1.213719565457590799e-01;2.639459467595074733e-17;3.219387574013959157e-18
-1.924739999999982842e+01;2.991282603890634833e-17;-1.620657887906464256e-01;2.952085014203125474e-17;-4.826651896046245130e-18
-1.918079999999982732e+01;3.132366650843628897e-17;-5.104635335405168783e-01;2.733046684417189600e-17;-1.530417151012604955e-17
-1.911419999999982977e+01;3.129629813308128753e-17;-8.673869144231075579e-01;2.024312164447492676e-17;-2.386785082326638535e-17
-1.904759999999982867e+01;2.866236123697848890e-17;-1.260313184312971346e+00;8.756887734597086571e-18;-2.729190115918475654e-17
-1.898099999999982757e+01;2.688998956187418717e-17;-1.635269099742793220e+00;-1.732471370885869609e-18;-2.683412159148802243e-17
-1.891439999999983357e+01;2.298970737110480776e-17;-2.111938732898834825e+00;-1.184235478148343064e-17;-1.970495567715155729e-17
-1.884779999999983247e+01;2.025534855557536999e-17;-2.536509020529072345e+00;-1.665910312446261665e-17;-1.152186739189308405e-17
-1.878119999999983136e+01;1.412764159055622065e-17;-2.957225728113257901e+00;-1.388821346260393953e-17;-2.589938942979271987e-18
-1.871459999999983381e+01;1.191616393558691137e-17;2.872723789111554460e+00;-1.148803986839046152e-17;3.165423024187035862e-18
-1.864799999999983271e+01;5.993912335814379217e-18;2.360017897514181229e+00;-4.254509925228350368e-18;4.222100233954808318e-18
-1.858139999999983161e+01;2.679935507953017051e-18;2.280161252896480487e-02;2.679238870766083427e-18;6.110155614612599152e-20
-1.851479999999983406e+01;3.116448693802179971e-18;-1.369924031529007769e+00;6.218068157269702347e-19;-3.053785969090957721e-18
-1.844819999999983651e+01;4.963827800320901403e-18;-1.692418318270023869e+00;-6.022233840498114478e-19;-4.927160787608035157e-18
-1.838159999999983540e+01;4.174536014328279919e-18;3.118929019835529726e+00;-4.173463955262352253e-18;9.460205626604053011e-20
-1.831499999999983785e+01;1.102976000175529325e-17;-2.888984389390377050e+00;-1.067971768289617926e-17;-2.756671164639621246e-18
-1.824839999999983675e+01;7.871462507331009843e-18;-3.091695750026480560e+00;-7.861665746188125200e-18;-3.925986494247133039e-19
-1.818179999999983565e+01;1.200273777916010599e-17;2.569713735016130762e+00;-1.009292893878067839e-17;6.496037225262861081e-18
-1.811519999999983455e+01;1.418055846042579054e-17;2.470253314203767925e+00;-1.110322486353867416e-17;8.820806985715651607e-18
-1.804859999999984055e+01;1.555854227809449136e-17;2.195869450606257267e+00;-9.104183266171718423e-18;1.261673828194960339e-17
-1.798199999999983945e+01;1.649596376932150801e-17;1.688904373943252324e+00;-1.943779572144084636e-18;1.638104214186885038e-17
-1.791539999999983834e+01;1.444331078014836076e-17;1.576412493616503596e+00;-8.111561638032360066e-20;1.444308300013293889e-17
-1.784879999999984079e+01;1.174926250215604791e-17;1.228066041049134194e+00;3.948455224725954422e-18;1.106593288805352072e-17
-1.778219999999983969e+01;7.053292474148332355e-18;8.157352108500255383e-01;4.833855335252848252e-18;5.136416778623508047e-18
-1.771559999999983859e+01;6.201972594190101622e-18;4.997274520297229627e-01;5.443553185611260241e-18;2.971900532404575680e-18
-1.764899999999984459e+01;2.496387866698428050e-18;2.306558042468027092e-01;2.430275220519212784e-18;5.707142310556317505e-19
-1.758239999999984349e+01;2.400750279513638013e-18;2.891207832763275754e+00;-2.325888028715943425e-18;5.948502185093950128e-19
-1.751579999999984238e+01;4.422443231703452648e-18;3.122580324802056495e+00;-4.421643968496264017e-18;8.407587942025421735e-20
-1.744919999999984483e+01;7.731172099888049113e-18;3.094141842071846504e+00;-7.722470058491516560e-18;3.667127401515041891e-19
-1.738259999999984373e+01;1.124902224595466227e-17;2.960980111577573126e+00;-1.106604390748171933e-17;2.020686449617951535e-18
-1.731599999999984263e+01;1.289924944087775133e-17;2.669672465378847281e+00;-1.148932301353426365e-17;5.863965623079399281e-18
-1.724939999999984863e+01;1.350139979949703530e-17;2.520519233356786071e+00;-1.098007134840912797e-17;7.856578754757285223e-18
-1.718279999999984753e+01;1.351317203378518506e-17;2.380423027724949847e+00;-9.783938363750788350e-18;9.320963925957422015e-18
-1.711619999999984643e+01;1.177670029978106913e-17;2.317657576629897243e+00;-8.000369656539830541e-18;8.642034211317396394e-18
-1.704959999999984888e+01;1.097753139454295217e-17;2.250702496119731943e+00;-6.901794208855870808e-18;8.536476569216348238e-18
-1.698299999999984777e+01;7.305596434438061396e-18;2.404742216222476525e+00;-5.410441468580092964e-18;4.909059215159559643e-18
-1.691639999999984667e+01;5.385655667943637161e-18;2.329926723329730276e+00;-3.706897597196867504e-18;3.906942177400315231e-18
-1.684979999999984557e+01;7.158986319889035960e-18;2.323121390881764725e+00;-4.892008392967288765e-18;5.226790507710823962e-18
-1.678319999999985157e+01;4.199571271426175698e-18;2.452878136296416045e+00;-3.242336261606919661e-18;2.669017502838250027e-18
-1.671659999999985047e+01;3.645733998772159712e-18;2.786400399628913505e+00;-3.418165991493465258e-18;1.267879191563904642e-18
-1.664999999999984936e+01;1.241267076623636601e-19;4.636476090008060935e-01;1.110223024625156564e-19;5.551115123125782818e-20
-1.658339999999985181e+01;2.921547493144828524e-18;-1.627716905769023947e+00;-1.662063907436122858e-19;-2.916815933578396771e-18
-1.651679999999985426e+01;8.477407911256728848e-18;-1.630567288205220899e+00;-5.064011699789604293e-19;-8.462269361635926816e-18
-1.645019999999985316e+01;1.106694882485614809e-17;-1.899084320601177378e+00;-3.568237999371599822e-18;-1.047592639683123471e-17
-1.638359999999985206e+01;1.602045415408258587e-17;-2.249281161268468665e+00;-1.005466373772714365e-17;-1.247231688277269688e-17
-1.631699999999985451e+01;1.866016163965442940e-17;-2.586388143697254449e+00;-1.585726834689556472e-17;-9.836090330643301430e-18
-1.625039999999985341e+01;2.068947669543669074e-17;-3.126914410462415361e+00;-2.068724795307926830e-17;-3.036742643614617775e-19
-1.618379999999985586e+01;2.194544374713005794e-17;2.746617867553489134e+00;-2.025578210212563931e-17;8.444275735056040595e-18
-1.611719999999985475e+01;2.322594646236417212e-17;2.221471595180802172e+00;-1.406850943093030920e-17;1.848030387911496390e-17
-1.605059999999985720e+01;2.136096601712275003e-17;1.751612980515583562e+00;-3.841406030336712678e-18;2.101272159656539113e-17
-1.598399999999985610e+01;1.920390216326491680e-17;1.262498058355425501e+00;5.827185587945964886e-18;1.829846349888115202e-17
-1.591739999999985677e+01;1.664661415874992924e-17;8.256203362348473185e-01;1.128808851240675084e-17;1.223473827616939153e-17
-1.585079999999985922e+01;1.265011255598609426e-17;2.783065666025883456e-01;1.216336215699214204e-17;3.475337209101942615e-18
-1.578419999999985812e+01;7.160091759833408413e-18;-1.438099879467756304e-01;7.086179227596639770e-18;-1.026147145204902334e-18
-1.571759999999985880e+01;1.010858286546782233e-18;-9.960423454433887658e-01;5.495311893156930199e-19;-8.484397135033085198e-19
-1.565099999999985947e+01;4.226005218566575195e-18;2.183493671800662117e+00;-2.430275220519212784e-18;3.457294095081038912e-18
-1.558439999999986014e+01;8.301760455718122029e-18;1.584586931430558732e+00;-1.144826674105082305e-19;8.300971050605327955e-18
-1.551779999999986082e+01;1.542046903395552564e-17;9.171466480582739500e-01;9.376999379949156532e-18;1.224184413622450928e-17
-1.545119999999986149e+01;1.886217795811987029e-17;7.489207943083889818e-01;1.381511316927655059e-17;1.284228972745377122e-17
-1.538459999999986216e+01;2.672747711282593673e-17;8.688856267132226072e-03;2.672646820738408143e-17;2.322282849309333821e-19
-1.531799999999986284e+01;2.897219692701327683e-17;-2.973305488139767472e-01;2.770095374344771807e-17;-8.487953609734655102e-18
-1.525139999999986351e+01;3.042033198538877493e-17;-7.088204448799264590e-01;2.309299337644868939e-17;-1.980177403710496557e-17
-1.518479999999986418e+01;3.183617206318990777e-17;-1.048680441687417364e+00;1.587718386942684844e-17;-2.759450822198948445e-17
-1.511819999999986486e+01;3.110883758683172698e-17;-1.431486286676971087e+00;4.319769210729864644e-18;-3.080745640214239868e-17
-1.505159999999986553e+01;2.567214337307438219e-17;-1.749876246856014728e+00;-4.572832129613628312e-18;-2.526159440102822129e-17
-1.498499999999986620e+01;2.052025090235826784e-17;-1.569744845963924051e+00;2.157664649467572166e-20;-2.052023955864212742e-17
-1.491839999999986510e+01;1.553446574483873212e-17;-2.001420473902486563e+00;-6.484677081139150757e-18;-1.411625265893596218e-17
-1.485179999999986755e+01;1.068643686584351882e-17;-2.225025117723153034e+00;-6.503203973551190751e-18;-8.479874466408535390e-18
-1.478519999999986823e+01;3.990705070358065546e-18;-1.727247562112795398e+00;-6.218068157269702347e-19;-3.941964388791083357e-18
-1.471859999999986712e+01;4.442727097614667008e-18;-8.631266201593909559e-02;4.426188486834918965e-18;-3.829876537039366098e-19
-1.465199999999986957e+01;7.625265756560741928e-18;6.585085584320961027e-01;6.030866764628600869e-18;4.666189443804870558e-18
-1.458539999999987025e+01;1.191616393558691137e-17;2.688688644782388781e-01;1.148803986839046152e-17;3.165423024187035862e-18
-1.451879999999986914e+01;1.468154605146690855e-17;2.185535601895342572e-01;1.433230267245399946e-17;3.183220785071542143e-18
-1.445219999999986982e+01;1.755353584083876047e-17;2.669530133839317920e-02;1.754728154416274267e-17;4.685412740586058729e-19
-1.438559999999987227e+01;1.736827605431101761e-17;-1.507010321001303610e-01;1.717142529968418060e-17;-2.607521097924146400e-18
-1.431899999999987116e+01;1.947077082774072118e-17;-2.813875707705194018e-01;1.870500585984295085e-17;-5.406817216222499883e-18
-1.425239999999987184e+01;1.751572752060405268e-17;-4.078304497398744233e-01;1.607914827096286244e-17;-6.947064232928761815e-18
-1.418579999999987251e+01;1.486050047409787481e-17;-5.789166956899075567e-01;1.243906864292812020e-17;-8.130439449204791278e-18
-1.411919999999987319e+01;1.316309767830389094e-17;-7.247141700407481180e-01;9.855065586866945396e-18;-8.726100089221998906e-18
-1.405259999999987386e+01;1.161682734822801917e-17;-8.792996967863631053e-01;7.407943214563016670e-18;-8.948354874967139366e-18
-1.398599999999987453e+01;8.823345164092658901e-18;-1.182752203851055617e+00;3.338565702291727254e-18;-8.167337322297803480e-18
-1.391939999999987521e+01;5.142628302350672782e-18;-1.464783994019479119e+00;5.441614148260951456e-19;-5.113757347660585027e-18
-1.385279999999987588e+01;1.624864134866968303e-18;-1.939574256736782853e+00;-5.857241873497235666e-19;-1.515622193401273625e-18
-1.378619999999987655e+01;5.329716788994996674e-19;-3.924306141086474908e-01;4.924563642949125330e-19;-2.038272302083011874e-19
-1.371959999999987723e+01;4.080730944697481383e-18;9.612087549885619531e-01;2.336338298287192756e-18;3.345726886487912133e-18
-1.365299999999987790e+01;6.498096548934802532e-18;6.270048115597732785e-01;5.262083732294647672e-18;3.812575711195570701e-18
-1.358639999999987857e+01;1.017636171520865084e-17;2.481786962709268407e-01;9.864572363342705117e-18;2.499709952602435362e-18
-1.351979999999987925e+01;1.229427147440220798e-17;-2.668344191046252978e-01;1.185918244394893447e-17;-3.241743797315451923e-18
-1.345319999999987814e+01;1.523880782146984258e-17;-5.333736718037140889e-01;1.312208651876951554e-17;-7.748039056020419595e-18
-1.338659999999988059e+01;2.228395504233468717e-17;-8.628260730693469993e-01;1.449110325545749711e-17;-1.692875006515432573e-17
-1.331999999999988127e+01;2.271436119809385599e-17;-1.176496661205320926e+00;8.725987345113264493e-18;-2.097139359914821867e-17
-1.325339999999988017e+01;2.704230158059515903e-17;-1.443192530936724172e+00;3.441343481865350316e-18;-2.682243892370122005e-17
-1.318679999999988262e+01;2.688002333093643562e-17;-1.798456043706759599e+00;-6.066774126560656209e-18;-2.618644508078523227e-17
-1.312019999999988329e+01;2.742171627407040765e-17;-2.029624996403465165e+00;-1.214502957752355665e-17;-2.458554005867464636e-17
-1.305359999999988219e+01;2.469761624887314031e-17;-2.310152205963102556e+00;-1.664155288699939077e-17;-1.824913603121541435e-17
-1.298699999999988464e+01;1.991922172548286951e-17;-2.659030949151353962e+00;-1.764462731030928390e-17;-9.243512385951372388e-18
-1.292039999999988531e+01;1.209376466875177123e-17;-2.939807057398013068e+00;-1.184838547832945265e-17;-2.423820418277802150e-18
-1.285379999999988421e+01;1.793208221884027090e-18;-2.874213173863865656e+00;-1.729489367880425858e-18;-4.737744752738779792e-19
-1.278719999999988488e+01;1.179008029029764910e-17;-5.462887617073226565e-01;1.007413388866793542e-17;-6.125179152062196086e-18
-1.272059999999988555e+01;2.444098323996881746e-17;-6.779624515319420119e-01;1.903591601171047108e-17;-1.532956500790357181e-17
-1.265399999999988623e+01;3.714084661326388305e-17;-9.184822962264356239e-01;2.254549469263498388e-17;-2.951513435873811102e-17
-1.258739999999988690e+01;4.557577129642718481e-17;-1.145858503661461025e+00;1.878925594928936684e-17;-4.152246127262124128e-17
-1.252079999999988758e+01;4.881570620213712820e-17;-1.361030555752865245e+00;1.016493409043630309e-17;-4.774565202141924570e-17
-1.245419999999988825e+01;4.531443931305484419e-17;-1.546756444022746146e+00;1.089248886177384776e-18;-4.530134597471129810e-17
-1.238759999999988892e+01;3.464776416547550688e-17;-1.632110636797843961e+00;-2.123072906764247637e-18;-3.458265639159276896e-17
-1.232099999999988960e+01;2.081562653060347880e-17;-1.545996364574570459e+00;5.161738366563215233e-19;-2.080922565671089278e-17
-1.225439999999989027e+01;1.467375303787380938e-17;-8.377971998488812355e-01;9.818230243373694872e-18;-1.090510811980390026e-17
-1.218779999999989094e+01;2.089954505867412442e-17;-2.787186842516069518e-01;2.009300545161046059e-17;-5.749966572172603428e-18
-1.212119999999989162e+01;2.764708812897103377e-17;-2.270327129692340240e-01;2.693762465229123271e-17;-6.223010533766021056e-18
-1.205459999999989229e+01;2.658636959533462079e-17;-3.163243705428305241e-01;2.526729307306229708e-17;-8.270365712573486283e-18
-1.198799999999989119e+01;1.893896221104183557e-17;-4.781042971831771515e-01;1.681531222256618411e-17;-8.713757197035436895e-18
-1.192139999999989364e+01;7.290773318872079982e-18;-7.289758012340085136e-01;5.437874449772725707e-18;-4.856428425879041275e-18
-1.185479999999989431e+01;9.151898519007444589e-18;2.088512291449171610e+00;-4.529244502281248979e-18;7.952558754310824472e-18
-1.178819999999989321e+01;2.024098704843459336e-17;1.982070447540768665e+00;-8.091891741954737198e-18;1.855313571155511279e-17
-1.172159999999989566e+01;2.989956967873514524e-17;1.765907864667370930e+00;-5.796807707082685271e-18;2.933225677271772558e-17
-1.165499999999989633e+01;3.477788551370500126e-17;1.504197531451119341e+00;2.314453473084743326e-18;3.470078710815214416e-17
-1.158839999999989523e+01;3.303386692471847404e-17;1.245380921120561313e+00;1.056100712460256516e-17;3.130018358594887046e-17
-1.152179999999989768e+01;2.897926113375255296e-17;9.393778360513619363e-01;1.710617803467326008e-17;2.339179875307333973e-17
-1.145519999999989835e+01;2.612005851394892473e-17;6.421390828543215301e-01;2.091737314061490799e-17;1.564355962268171534e-17
-1.138859999999989725e+01;1.848222126797187632e-17;2.479758196320620833e-01;1.791687279043861660e-17;4.536317053460028558e-18
-1.132199999999989970e+01;1.436537290219168314e-17;-5.430801508860651217e-02;1.434419377664244806e-17;-7.797714518723789008e-19
-1.125539999999989860e+01;8.741572169139869639e-18;-3.140289822664987240e-01;8.314081036549168691e-18;-2.700211196550046417e-18
-1.118879999999989927e+01;4.396152126240987045e-18;-6.456211954693704680e-01;3.511321667182932891e-18;-2.645141521095765752e-18
-1.112219999999990172e+01;2.903909878624825493e-18;-5.451732429783133771e-01;2.482951743108281812e-18;-1.505869590824647788e-18
-1.105559999999990062e+01;2.031326495250996388e-18;-4.851785426859457351e-01;1.796894551423810204e-18;-9.473422303329037050e-19
-1.098899999999990129e+01;6.300919764308360164e-19;1.036782525800646004e+00;3.207120245108316375e-19;5.423649104585224124e-19
-1.092239999999990196e+01;5.217810987582993762e-19;1.957324680438748965e+00;-1.966985201447980167e-19;4.832858441898175804e-19
-1.085579999999990264e+01;1.565473010723208111e-18;1.835945441663680233e+00;-4.102371726471153021e-19;1.510765107315259185e-18
-1.078919999999990331e+01;2.231624788883419694e-18;2.020305587636295641e+00;-9.696936306438741094e-19;2.009936183327139536e-18
-1.072259999999990399e+01;3.977775015814561507e-18;2.319769323526345239e+00;-2.708415113504028542e-18;2.913276789009498710e-18
-1.065599999999990466e+01;6.915069092079913201e-18;2.150817399399159946e+00;-3.789745274282754717e-18;5.784117158589585083e-18
-1.058939999999990533e+01;1.002936162996808768e-17;2.080595649429198613e+00;-4.894349506851037341e-18;8.754052639175934187e-18
-1.052279999999990423e+01;1.174023077716167518e-17;1.709337142485511052e+00;-1.621303081992470955e-18;1.162774247295389482e-17
-1.045619999999990668e+01;1.527210416624371070e-17;1.533537651934467894e+00;5.688867199808679862e-19;1.526150495738961724e-17
-1.038959999999990735e+01;1.569001550001383881e-17;1.263992103487080687e+00;4.738598668012646690e-18;1.495734832963996083e-17
-1.032299999999990625e+01;1.728374765061435673e-17;1.074712072024026854e+00;8.226812958495926031e-18;1.520024609656175102e-17
-1.025639999999990870e+01;1.675727792871175024e-17;8.170596393327319573e-01;1.146814624752099306e-17;1.221834625575654920e-17
-1.018979999999990937e+01;1.582555672889755700e-17;6.530655304066879108e-01;1.256905031693808225e-17;9.615987724089160714e-18
-1.012319999999990827e+01;1.098055827874149141e-17;1.991341353405704506e-01;1.076356302456278957e-17;2.172181191591308565e-18
-1.005659999999991072e+01;6.347413277668752276e-18;7.961310450887009171e-01;4.439869002881827792e-18;4.536211916872347775e-18
-9.989999999999911395e+00;1.601186416994688378e-18;1.530480399624505550e+00;6.453582918176647288e-20;1.599885329865896917e-18
-9.923399999999910293e+00;1.125538579674196985e-17;2.632304740217041417e+00;-9.826986292468033658e-18;5.487626977223055662e-18
-9.856799999999912743e+00;1.720140962967771572e-17;2.552851456523307139e+00;-1.430538665957248702e-17;9.552193767302605729e-18
-9.790199999999911640e+00;2.615113710487167861e-17;2.272568493266850620e+00;-1.688244456623738947e-17;1.997160577784665513e-17
-9.723599999999912313e+00;3.559131797000422040e-17;2.063259044819768739e+00;-1.682748245080007432e-17;3.136204312875614417e-17
-9.656999999999914763e+00;4.278695076915440966e-17;1.841810391586673923e+00;-1.145443578021983490e-17;4.122522355401923968e-17
-9.590399999999913661e+00;4.596109851273853778e-17;1.643615526050895337e+00;-3.343893319973916535e-18;4.583929486763829839e-17
-9.523799999999914334e+00;4.583838674294993869e-17;1.430268922171486601e+00;6.420369210783646061e-18;4.538652397346012319e-17
-9.457199999999916784e+00;4.307305021710025477e-17;1.303626685889821113e+00;1.137139527561359313e-17;4.154490371261670526e-17
-9.390599999999915681e+00;3.732194485300973228e-17;1.116411706169462059e+00;1.638095463622945052e-17;3.353493540797257359e-17
-9.323999999999916355e+00;2.745580324902659521e-17;1.061340382583885855e+00;1.339025984682564833e-17;2.396919008401719217e-17
-9.257399999999917029e+00;1.670291568832641102e-17;1.102228898173544192e+00;7.543180134142501846e-18;1.490261138039969434e-17
-9.190799999999917702e+00;9.247248757752840309e-18;1.563516741708485869e+00;6.731553960871748602e-20;9.247003742071733241e-18
-9.124199999999918376e+00;6.707859279033614824e-18;1.846530980079369888e+00;-1.826240932853934657e-18;6.454472880296744693e-18
-9.057599999999917273e+00;1.009652278363504167e-18;2.250929671988803449e+00;-6.349669900618762177e-19;7.849934042629760479e-19
-8.990999999999919723e+00;7.877226674969140899e-18;-1.134541582568574292e+00;3.328506056349415875e-18;-7.139450085384072784e-18
-8.924399999999920396e+00;2.238706055575738068e-17;-1.172765242731846902e+00;8.677316391091132689e-18;-2.063697314472374811e-17
-8.857799999999919294e+00;3.738072875119686955e-17;-1.335667157983569053e+00;8.708536122312644990e-18;-3.635217023200859503e-17
-8.791199999999921744e+00;5.326988615747777361e-17;-1.515193499103012043e+00;2.960430302992385279e-18;-5.318756079810171728e-17
-8.724599999999922417e+00;6.469545950799189086e-17;-1.696205048244840308e+00;-8.092124600385885754e-18;-6.418738194070581908e-17
-8.657999999999921314e+00;7.362781783566664955e-17;-1.902178356711670792e+00;-2.395482358983112104e-17;-6.962199355104809269e-17
-8.591399999999923764e+00;7.434604948013064138e-17;-2.112055660364455356e+00;-3.830425378479237074e-17;-6.371906477101066314e-17
-8.524799999999924438e+00;7.496231479927546834e-17;-2.354065949421335180e+00;-5.289341493488233918e-17;-5.311906716605666757e-17
-8.458199999999923335e+00;6.643270225325055392e-17;-2.569315904101989290e+00;-5.584799223944814419e-17;-3.597646024126860026e-17
-8.391599999999925785e+00;5.672470791603228996e-17;-2.774456449713478268e+00;-5.294452311697911750e-17;-2.036099113684893773e-17
-8.324999999999924682e+00;4.521389674121425028e-17;-3.074388083406782268e+00;-4.511183191602340274e-17;-3.036293744952393517e-18
-8.258399999999927132e+00;3.246931018435269054e-17;2.993732770809421684e+00;-3.211502547784533877e-17;4.783434164390058310e-18
-8.191799999999926030e+00;2.044173027547655633e-17;2.700154802133923670e+00;-1.848215106616818228e-17;8.733523265136076406e-18
-8.125199999999926703e+00;7.835829756801936257e-18;2.336859923576128484e+00;-5.432611068880761113e-18;5.646854429844718681e-18
-8.058599999999927377e+00;5.083263687015141409e-18;-6.616804042457898882e-01;4.010495950058496436e-18;-3.123378290615974830e-18
-7.991999999999928050e+00;1.621072865142168003e-17;-1.300340511130549492e+00;4.331031896968336336e-18;-1.562145595383050685e-17
-7.925399999999929612e+00;2.471578035145327929e-17;-1.616436582469864769e+00;-1.127642953050996645e-18;-2.469004292729598067e-17
-7.858799999999929398e+00;3.249201502257550403e-17;-1.917232747515190461e+00;-1.103260223125816885e-17;-3.056162181943408758e-17
-7.792199999999930071e+00;3.800213844064982743e-17;-2.185703828695479078e+00;-2.192278648337373011e-17;-3.104116555264511169e-17
-7.725599999999930745e+00;4.166651328832886802e-17;-2.468505243138701122e+00;-3.257907568040454019e-17;-2.597502949790355237e-17
-7.658999999999931418e+00;4.259715760785908270e-17;-2.713101915727328617e+00;-3.874611392942815516e-17;-1.769905341074941621e-17
-7.592399999999932092e+00;4.128717135004324671e-17;-3.014797010658699428e+00;-4.095572604965132873e-17;-5.221017317893500089e-18
-7.525799999999932766e+00;3.954823166001491840e-17;3.010320375695537898e+00;-3.920796502583178942e-17;5.176688706823813858e-18
-7.459199999999932551e+00;3.464201370841371989e-17;2.755093007707998698e+00;-3.208661733451487926e-17;1.305825799263949458e-17
-7.392599999999934113e+00;2.685437651479054195e-17;2.414741536376141084e+00;-2.006748601907961135e-17;1.784526667977192500e-17
-7.325999999999934786e+00;2.110452005970886643e-17;2.203654666992933553e+00;-1.248230987275438322e-17;1.701742363553285490e-17
-7.259399999999934572e+00;1.090663116090546461e-17;1.816521672144588040e+00;-2.653146501970664472e-18;1.057900831454040066e-17
-7.192799999999936134e+00;4.329504226930490638e-18;1.443894281968479687e+00;5.479494634546134974e-19;4.294689539013126545e-18
-7.126199999999935919e+00;1.950629264900145965e-18;-1.203540926102856679e+00;7.003835968256488893e-19;-1.820554131681464302e-18
-7.059599999999936593e+00;6.493944359326824749e-18;-2.294434722345856326e+00;-4.299742308208488610e-18;-4.866572656915194907e-18
-6.992999999999937266e+00;1.061695847637189570e-17;-2.627157124711481107e+00;-9.242811967563500352e-18;-5.224005572476927414e-18
-6.926399999999937940e+00;1.303652281917480216e-17;-2.944556565286761796e+00;-1.278428057974293841e-17;-2.552077050810358094e-18
-6.859799999999938613e+00;1.447670222800810509e-17;3.070419998881006585e+00;-1.444005149709437154e-17;1.029475672212550904e-18
-6.793199999999939287e+00;1.723101358119184677e-17;2.636190844878901540e+00;-1.507679236215920744e-17;8.342551234697671654e-18
-6.726599999999939072e+00;1.663995847175212078e-17;2.210546766042755795e+00;-9.933976186919435005e-18;1.334931964780800425e-17
-6.659999999999940634e+00;1.918760286721359025e-17;1.715475757190229267e+00;-2.766376802764016628e-18;1.898713414854997031e-17
-6.593399999999941308e+00;1.743761436400717481e-17;1.436052596090614308e+00;2.342505797758220776e-18;1.727955616603905969e-17
-6.526799999999941093e+00;1.975828329366138029e-17;7.763236458333913070e-01;1.409742116844361476e-17;1.384386055665457348e-17
-6.460199999999942655e+00;2.040786899140717424e-17;7.009068988179765203e-01;1.559686964132212550e-17;1.316126035613773190e-17
-6.393599999999942440e+00;1.644843752173409673e-17;2.088903516723462084e-01;1.609087529638816566e-17;3.410986529213384618e-18
-6.326999999999943114e+00;1.149376482258491874e-17;-6.920674239430031627e-02;1.146625069302061626e-17;-7.948111987728777335e-19
-6.260399999999943788e+00;4.741440326964657288e-18;-1.831758259017940427e-01;4.662116815153196143e-18;-8.636684410307804777e-19
-6.193799999999944461e+00;1.455928617136366772e-18;-1.700036818173580544e+00;-1.876415441059340897e-19;-1.443786268504502023e-18
-6.127199999999945135e+00;6.368566316603999297e-18;2.598290663727746530e+00;-5.451533123110078054e-18;3.292327981325177543e-18
-6.060599999999945808e+00;9.576316292382572681e-18;2.232172215854345776e+00;-5.881804235123392590e-18;7.557129922889800636e-18
-5.993999999999945594e+00;1.232076622605424573e-17;1.947251034353951971e+00;-4.529431017225891276e-18;1.145799000947683919e-17
-5.927399999999947156e+00;1.451139756545490328e-17;1.835501935102762383e+00;-3.796546442728775518e-18;1.400595924636702697e-17
-5.860799999999947829e+00;1.354806713882416300e-17;1.758714531628638333e+00;-2.530970721715979154e-18;1.330955710772915464e-17
-5.794199999999947615e+00;1.328063470929970269e-17;1.808748153581753115e+00;-3.130413744633340500e-18;1.290642351967680815e-17
-5.727599999999949176e+00;1.499612191732961268e-17;1.847737512898105505e+00;-4.100159734002818314e-18;1.442471360946467992e-17
-5.660999999999949850e+00;1.455249668049445926e-17;1.814730658535014474e+00;-3.514753090405702096e-18;1.412167378001934625e-17
-5.594399999999949635e+00;1.772895105016538081e-17;1.861493517904697415e+00;-5.081476110355017414e-18;1.698512013142831297e-17
-5.527799999999950309e+00;1.821331555887771770e-17;1.599597315162925026e+00;-5.244889722045642535e-19;1.820576213634828955e-17
-5.461199999999950982e+00;1.778568292108507895e-17;1.323211831277252504e+00;4.358609745195575466e-18;1.724334764651178834e-17
-5.394599999999951656e+00;1.457309786222281065e-17;1.016250348651045021e+00;7.673572119957157045e-18;1.238916753546174592e-17
-5.327999999999952330e+00;9.775928408845968065e-18;6.459642869619014460e-01;7.806271104450114346e-18;5.884803114693717057e-18
-5.261399999999952115e+00;2.566676860626779730e-18;2.815918072962878549e-01;2.465586536796421781e-18;7.132412890776653188e-19
-5.194799999999953677e+00;5.255729778598441319e-18;-2.990011630237856544e+00;-5.195465358173842221e-18;-7.936215834148953913e-19
-5.128199999999954350e+00;1.477881048124051690e-17;2.658641851923810417e+00;-1.308853493605748416e-17;6.863198413861227629e-18
-5.061599999999954136e+00;2.090650766276853389e-17;2.282712887234546795e+00;-1.365792916938200264e-17;1.582855121157788423e-17
-4.994999999999955698e+00;2.935008967359583452e-17;1.996399044808977008e+00;-1.211776583767314562e-17;2.673176976841298910e-17
-4.928399999999956371e+00;3.377169871136665940e-17;1.581273538228830322e+00;-3.538267544231694189e-19;3.376984513555220186e-17
-4.861799999999956157e+00;3.822606792476900764e-17;1.292380648886037875e+00;1.050577273194923141e-17;3.675406111293942521e-17
-4.795199999999956830e+00;3.877256364037100780e-17;9.390866929213133041e-01;2.289618084090103962e-17;3.129019965016803296e-17
-4.728599999999958392e+00;3.719050263625050455e-17;6.405555135971143788e-01;2.981800183976855292e-17;2.222656637046115097e-17
-4.661999999999958177e+00;3.380835415283014046e-17;3.179848792725017970e-01;3.211345278007590648e-17;1.057028670685057634e-17
-4.595399999999958851e+00;2.764726572661413390e-17;7.856314961832457089e-02;2.756198781161567235e-17;2.169822580388017741e-18
-4.528799999999958636e+00;2.057680761142399435e-17;-2.876301123063719212e-01;1.973148886866424358e-17;-5.837238945197941789e-18
-4.462199999999960198e+00;1.270372496636946964e-17;-6.021418031317558039e-01;1.046944933173745769e-17;-7.195502672596342212e-18
-4.395599999999960872e+00;6.464143233470246551e-18;-8.371625012993951787e-01;4.328216164391495663e-18;-4.801217822294603491e-18
-4.328999999999960657e+00;3.987886060704748009e-18;-1.312365939030966322e+00;1.019157633941726823e-18;-3.855457553954074553e-18
-4.262399999999962219e+00;3.431395904299617506e-18;1.296536672282131875e+00;9.293398294080394783e-19;3.303150819069578260e-18
-4.195799999999962893e+00;7.677651400954848701e-17;1.101840233989987539e+00;3.469955428262754534e-17;6.848776559390281971e-17
-4.129199999999963566e+00;6.715223773072324501e-16;8.746973277508431899e-01;4.305997184502408798e-16;5.152923303280676393e-16
-4.062599999999963352e+00;4.493540573600540973e-15;6.565503849728360208e-01;3.559344920011388658e-15;2.742803424779726461e-15
-3.995999999999964025e+00;2.574734052856334378e-14;4.396645605663874190e-01;2.329862655608568828e-14;1.095899379020990753e-14
-3.929399999999964699e+00;1.313768497815762452e-13;2.230095286766459461e-01;1.281234679648359837e-13;2.905604266231890457e-14
-3.862799999999965372e+00;6.073138971757055901e-13;6.269151861498082658e-03;6.073019628089115380e-13;3.807318109507456602e-15
-3.796199999999966046e+00;2.562631736100630679e-12;-2.104910200325679215e-01;2.506070453005438679e-12;-5.354365503430338964e-13
-3.729599999999966276e+00;9.887906050249222655e-12;-4.272577175779483927e-01;8.999037758478032498e-12;-4.097316863514688846e-12
-3.662999999999967393e+00;3.477399067471814843e-11;-6.440267965367578729e-01;2.780822053998256242e-11;-2.087901572979618341e-11
-3.596399999999968067e+00;1.103822492748521719e-10;-8.607964828253135137e-01;7.195086473740753000e-11;-8.370970086265324080e-11
-3.529799999999968296e+00;3.094557280880319723e-10;-1.077566305423538928e+00;1.465190502124257289e-10;-2.725711202078141321e-10
-3.463199999999968970e+00;7.274656401277652703e-10;-1.294336179968044398e+00;1.985631498139452437e-10;-6.998420772591943184e-10
-3.396599999999969643e+00;1.210969008472651470e-09;-1.511106068746870035e+00;7.224013704436582799e-11;-1.208812351889675095e-09
-3.329999999999970317e+00;5.953648758388731971e-19;-9.368037447217558711e-01;3.526740111510141424e-19;-4.796669440781710724e-19
-3.263399999999970547e+00;1.131559727221982988e-08;1.196946800873223582e+00;4.132476062192359917e-09;1.053401078518889474e-08
-3.196799999999971220e+00;6.351866936982230559e-08;9.801769078455837558e-01;3.537199816775607301e-08;5.275834629831627507e-08
-3.130199999999971894e+00;2.524828509799111981e-07;7.634070148026628200e-01;1.824149824202480615e-07;1.745633530485841517e-07
-3.063599999999972567e+00;8.415444416798735029e-07;5.466371217178424002e-01;7.189124243020661121e-07;4.374493953663850198e-07
-2.996999999999972797e+00;2.477289649890657705e-06;3.298672286242118612e-01;2.343727467338747011e-06;8.024372675152128888e-07
-2.930399999999973915e+00;6.582199591985407800e-06;1.130973355283970416e-01;6.540147962697506633e-06;7.428432504617149963e-07
-2.863799999999974588e+00;1.594032909681680760e-05;-1.036725575689185913e-01;1.585474247297680508e-05;-1.649615964523218546e-06
-2.797199999999974818e+00;3.529936690980234738e-05;-3.204424506663908212e-01;3.350249305468879136e-05;-1.111882472896204147e-05
-2.730599999999975491e+00;7.135280309474503345e-05;-5.372123437639334531e-01;6.130194602075888274e-05;-3.651429752227776631e-05
-2.663999999999976165e+00;1.306584260835113502e-04;-7.539822368615959336e-01;9.524589352313514760e-05;-8.944184744066951758e-05
-2.597399999999976838e+00;2.130201502177885291e-04;-9.707521299592630770e-01;1.202879947678958596e-04;-1.758078004911268002e-04
-2.530799999999977068e+00;2.971756861563260390e-04;-1.187522023056956755e+00;1.111315835596014562e-04;-2.756141498145886666e-04
-2.464199999999978186e+00;3.164402633512679568e-04;-1.404291916154645214e+00;5.244558235454588980e-05;-3.120639376174574268e-04
-2.397599999999978415e+00;1.257325918440256737e-04;-1.621061809252331232e+00;-6.317348350178066558e-06;-1.255737861244888003e-04
-2.330999999999979089e+00;5.309797017550942468e-04;1.303760951239765209e+00;1.401112333718202417e-04;5.121604103783854644e-04
-2.264399999999979318e+00;2.033626635684539045e-03;1.086991058142070976e+00;9.459436219956934280e-04;1.800229973467636340e-03
-2.197799999999980436e+00;4.852297405695780996e-03;8.702211650443766322e-01;3.128069859630004581e-03;3.709443228652560196e-03
-2.131199999999981110e+00;9.442022100592173048e-03;6.534512719466811781e-01;7.496874891690826805e-03;5.740091306452073903e-03
-2.064599999999981783e+00;1.606119894265391548e-02;4.366813788489858350e-01;1.455401941028119928e-02;6.792836703518299185e-03
-1.997999999999982013e+00;2.454705128439445272e-02;2.199114857512900478e-01;2.395587880461057945e-02;5.354773333905077370e-03
-1.931399999999982686e+00;3.412625447548831709e-02;3.141592653594416345e-03;3.412608606931114008e-02;1.072106140002933018e-04
-1.864799999999983138e+00;4.336594468810174574e-02;-2.136283004441013877e-01;4.238015539210330390e-02;-9.193888602363935528e-03
-1.798199999999984033e+00;5.035323632065345084e-02;-4.303981935417973137e-01;4.576100517380856519e-02;-2.100901743171820074e-02
-1.731599999999984485e+00;5.311890258820100436e-02;-6.471680866394931009e-01;4.237796511925790571e-02;-3.202695559252780044e-02
-1.664999999999985159e+00;5.021198143003843123e-02;-8.639379797371889991e-01;3.261007334253004236e-02;-3.818149022399906084e-02
-1.598399999999985610e+00;4.123542495918593176e-02;-1.080707872834884897e+00;1.940967667279746081e-02;-3.638165365980656346e-02
-1.531799999999986284e+00;2.712519236110652252e-02;-1.297477765932580684e+00;7.321856910946469149e-03;-2.611831679114596030e-02
-1.465199999999986957e+00;1.002714950508612479e-02;-1.514247659030276694e+00;5.667197950596612613e-04;-1.001112160905242784e-02
-1.398599999999987409e+00;7.222386813989248311e-03;1.410575101461820635e+00;1.152235053511448679e-03;7.129882584751675613e-03
-1.331999999999988082e+00;2.184318182264189181e-02;1.193805208364124848e+00;8.041011537670067141e-03;2.030927683567413516e-02
-1.265399999999988534e+00;3.182047878249839867e-02;9.770353152664288388e-01;1.780299332312421448e-02;2.637415967730963665e-02
-1.198799999999989208e+00;3.633425490251528112e-02;7.602654221687328295e-01;2.632973154812167163e-02;2.503843677078906871e-02
-1.132199999999989659e+00;3.578980578855295303e-02;5.434955290710369313e-01;3.063271909315502112e-02;1.850801770428682144e-02
-1.065599999999990555e+00;3.149400948635570907e-02;3.267256359733408666e-01;2.982792300201586588e-02;1.010780109185357122e-02
-9.989999999999910063e-01;2.514470064957675596e-02;1.099557428756449406e-01;2.499285068228778231e-02;2.759236403371917879e-03
-9.323999999999915689e-01;1.833517820457193290e-02;-1.068141502220511657e-01;1.823068218087570483e-02;-1.954734512231968719e-03
-8.657999999999922425e-01;1.222370131909664495e-02;-3.235840433197472166e-01;1.158931449070054603e-02;-3.886729161405943957e-03
-7.991999999999928050e-01;7.420783225047412369e-03;-5.403539364174436699e-01;6.363519425312857622e-03;-3.817544262587009834e-03
-7.325999999999934786e-01;4.057452437338882577e-03;-7.571238295151402342e-01;2.949015124482990899e-03;-2.786795664708449638e-03
-6.659999999999940412e-01;1.949934687203265385e-03;-9.738937226128379088e-01;1.096025875574245956e-03;-1.612753100889967144e-03
-5.993999999999946038e-01;7.758297888058280712e-04;-1.190663615710536583e+00;2.878667633509385693e-04;-7.204474913249059266e-04
-5.327999999999952774e-01;2.069629892077261095e-04;-1.407433508808243028e+00;3.365987386500066976e-05;-2.042074724225085615e-04
-4.661999999999957844e-01;1.883376534399951429e-05;1.517389251683873841e+00;1.005378218582607381e-06;1.880691180578131911e-05
-3.995999999999964025e-01;7.772372431723561246e-05;1.300619358586113661e+00;2.074461663766317902e-05;7.490419348940371177e-05
-3.329999999999970206e-01;7.101507006840230326e-05;1.083849465488417652e+00;3.323006854681291843e-05;6.276067814479224924e-05
-2.663999999999976387e-01;4.793812437584754643e-05;8.670795723906461472e-01;3.101864916385464982e-05;3.655006392229605950e-05
-1.997999999999982013e-01;2.751106829785408153e-05;6.503096792928662051e-01;2.189595875155765691e-05;1.665610606472225276e-05
-1.331999999999988193e-01;1.425490966673556998e-05;4.335397861951576504e-01;1.293610849580453531e-05;5.988284110792085997e-06
-6.659999999999940967e-02;7.396897147623416449e-06;2.167698930974636673e-01;7.223789502137110509e-06;1.590896804111787317e-06
0.000000000000000000e+00;5.336131387609410633e-06;-0.000000000000000000e+00;5.336131387609410633e-06;-0.000000000000000000e+00
6.659999999999940967e-02;7.396897147623416449e-06;-2.167698930974636673e-01;7.223789502137110509e-06;-1.590896804111787317e-06
1.331999999999988193e-01;1.425490966673556998e-05;-4.335397861951576504e-01;1.293610849580453531e-05;-5.988284110792085997e-06
1.997999999999982013e-01;2.751106829785408153e-05;-6.503096792928662051e-01;2.189595875155765691e-05;-1.665610606472225276e-05
2.663999999999976387e-01;4.793812437584754643e-05;-8.670795723906461472e-01;3.101864916385464982e-05;-3.655006392229605950e-05
3.329999999999970206e-01;7.101507006840230326e-05;-1.083849465488417652e+00;3.323006854681291843e-05;-6.276067814479224924e-05
3.995999999999964025e-01;7.772372431723561246e-05;-1.300619358586113661e+00;2.074461663766317902e-05;-7.490419348940371177e-05
4.661999999999957844e-01;1.883376534399951429e-05;-1.517389251683873841e+00;1.005378218582607381e-06;-1.880691180578131911e-05
5.327999999999952774e-01;2.069629892077261095e-04;1.407433508808243028e+00;3.365987386500066976e-05;2.042074724225085615e-04
5.993999999999946038e-01;7.758297888058280712e-04;1.190663615710536583e+00;2.878667633509385693e-04;7.204474913249059266e-04
6.659999999999940412e-01;1.949934687203265385e-03;9.738937226128379088e-01;1.096025875574245956e-03;1.612753100889967144e-03
7.325999999999934786e-01;4.057452437338882577e-03;7.571238295151402342e-01;2.949015124482990899e-03;2.786795664708449638e-03
7.991999999999928050e-01;7.420783225047412369e-03;5.403539364174436699e-01;6.363519425312857622e-03;3.817544262587009834e-03
8.657999999999922425e-01;1.222370131909664495e-02;3.235840433197472166e-01;1.158931449070054603e-02;3.886729161405943957e-03
9.323999999999915689e-01;1.833517820457193290e-02;1.068141502220511657e-01;1.823068218087570483e-02;1.954734512231968719e-03
9.989999999999910063e-01;2.514470064957675596e-02;-1.099557428756449406e-01;2.499285068228778231e-02;-2.759236403371917879e-03
1.065599999999990555e+00;3.149400948635570907e-02;-3.267256359733408666e-01;2.982792300201586588e-02;-1.010780109185357122e-02
1.132199999999989659e+00;3.578980578855295303e-02;-5.434955290710369313e-01;3.063271909315502112e-02;-1.850801770428682144e-02
1.198799999999989208e+00;3.633425490251528112e-02;-7.602654221687328295e-01;2.632973154812167163e-02;-2.503843677078906871e-02
1.265399999999988534e+00;3.182047878249839867e-02;-9.770353152664288388e-01;1.780299332312421448e-02;-2.637415967730963665e-02
1.331999999999988082e+00;2.184318182264189181e-02;-1.193805208364124848e+00;8.041011537670067141e-03;-2.030927683567413516e-02
1.398599999999987409e+00;7.222386813989248311e-03;-1.410575101461820635e+00;1.152235053511448679e-03;-7.129882584751675613e-03
1.465199999999986957e+00;1.002714950508612479e-02;1.514247659030276694e+00;5.667197950596612613e-04;1.001112160905242784e-02
1.531799999999986284e+00;2.712519236110652252e-02;1.297477765932580684e+00;7.321856910946469149e-03;2.611831679114596030e-02
1.598399999999985610e+00;4.123542495918593176e-02;1.080707872834884897e+00;1.940967667279746081e-02;3.638165365980656346e-02
1.664999999999985159e+00;5.021198143003843123e-02;8.639379797371889991e-01;3.261007334253004236e-02;3.818149022399906084e-02
1.731599999999984485e+00;5.311890258820100436e-02;6.471680866394931009e-01;4.237796511925790571e-02;3.202695559252780044e-02
1.798199999999984033e+00;5.035323632065345084e-02;4.303981935417973137e-01;4.576100517380856519e-02;2.100901743171820074e-02
1.864799999999983138e+00;4.336594468810174574e-02;2.136283004441013877e-01;4.238015539210330390e-02;9.193888602363935528e-03
1.931399999999982686e+00;3.412625447548831709e-02;-3.141592653594416345e-03;3.412608606931114008e-02;-1.072106140002933018e-04
1.997999999999982013e+00;2.454705128439445272e-02;-2.199114857512900478e-01;2.395587880461057945e-02;-5.354773333905077370e-03
2.064599999999981783e+00;1.606119894265391548e-02;-4.366813788489858350e-01;1.455401941028119928e-02;-6.792836703518299185e-03
2.131199999999981110e+00;9.442022100592173048e-03;-6.534512719466811781e-01;7.496874891690826805e-03;-5.740091306452073903e-03
2.197799999999980436e+00;4.852297405695780996e-03;-8.702211650443766322e-01;3.128069859630004581e-03;-3.709443228652560196e-03
2.264399999999979318e+00;2.033626635684539045e-03;-1.086991058142070976e+00;9.459436219956934280e-04;-1.800229973467636340e-03
2.330999999999979089e+00;5.309797017550942468e-04;-1.303760951239765209e+00;1.401112333718202417e-04;-5.121604103783854644e-04
2.397599999999978415e+00;1.257325918440256737e-04;1.621061809252331232e+00;-6.317348350178066558e-06;1.255737861244888003e-04
2.464199999999978186e+00;3.164402633512679568e-04;1.404291916154645214e+00;5.244558235454588980e-05;3.120639376174574268e-04
2.530799999999977068e+00;2.971756861563260390e-04;1.187522023056956755e+00;1.111315835596014562e-04;2.756141498145886666e-04
2.597399999999976838e+00;2.130201502177885291e-04;9.707521299592630770e-01;1.202879947678958596e-04;1.758078004911268002e-04
2.663999999999976165e+00;1.306584260835113502e-04;7.539822368615959336e-01;9.524589352313514760e-05;8.944184744066951758e-05
2.730599999999975491e+00;7.135280309474503345e-05;5.372123437639334531e-01;6.130194602075888274e-05;3.651429752227776631e-05
2.797199999999974818e+00;3.529936690980234738e-05;3.204424506663908212e-01;3.350249305468879136e-05;1.111882472896204147e-05
2.863799999999974588e+00;1.594032909681680760e-05;1.036725575689185913e-01;1.585474247297680508e-05;1.649615964523218546e-06
2.930399999999973915e+00;6.582199591985407800e-06;-1.130973355283970416e-01;6.540147962697506633e-06;-7.428432504617149963e-07
2.996999999999972797e+00;2.477289649890657705e-06;-3.298672286242118612e-01;2.343727467338747011e-06;-8.024372675152128888e-07
3.063599999999972567e+00;8.415444416798735029e-07;-5.466371217178424002e-01;7.189124243020661121e-07;-4.374493953663850198e-07
3.130199999999971894e+00;2.524828509799111981e-07;-7.634070148026628200e-01;1.824149824202480615e-07;-1.745633530485841517e-07
3.196799999999971220e+00;6.351866936982230559e-08;-9.801769078455837558e-01;3.537199816775607301e-08;-5.275834629831627507e-08
3.263399999999970547e+00;1.131559727221982988e-08;-1.196946800873223582e+00;4.132476062192359917e-09;-1.053401078518889474e-08
3.329999999999970317e+00;5.953648758388731971e-19;9.368037447217558711e-01;3.526740111510141424e-19;4.796669440781710724e-19
3.396599999999969643e+00;1.210969008472651470e-09;1.511106068746870035e+00;7.224013704436582799e-11;1.208812351889675095e-09
3.463199999999968970e+00;7.274656401277652703e-10;1.294336179968044398e+00;1.985631498139452437e-10;6.998420772591943184e-10
3.529799999999968296e+00;3.094557280880319723e-10;1.077566305423538928e+00;1.465190502124257289e-10;2.725711202078141321e-10
3.596399999999968067e+00;1.103822492748521719e-10;8.607964828253135137e-01;7.195086473740753000e-11;8.370970086265324080e-11
3.662999999999967393e+00;3.477399067471814843e-11;6.440267965367578729e-01;2.780822053998256242e-11;2.087901572979618341e-11
3.729599999999966276e+00;9.887906050249222655e-12;4.272577175779483927e-01;8.999037758478032498e-12;4.097316863514688846e-12
3.796199999999966046e+00;2.562631736100630679e-12;2.104910200325679215e-01;2.506070453005438679e-12;5.354365503430338964e-13
3.862799999999965372e+00;6.073138971757055901e-13;-6.269151861498082658e-03;6.073019628089115380e-13;-3.807318109507456602e-15
3.929399999999964699e+00;1.313768497815762452e-13;-2.230095286766459461e-01;1.281234679648359837e-13;-2.905604266231890457e-14
3.995999999999964025e+00;2.574734052856334378e-14;-4.396645605663874190e-01;2.329862655608568828e-14;-1.095899379020990753e-14
4.062599999999963352e+00;4.493540573600540973e-15;-6.565503849728360208e-01;3.559344920011388658e-15;-2.742803424779726461e-15
4.129199999999963566e+00;6.715223773072324501e-16;-8.746973277508431899e-01;4.305997184502408798e-16;-5.152923303280676393e-16
4.195799999999962893e+00;7.677651400954848701e-17;-1.101840233989987539e+00;3.469955428262754534e-17;-6.848776559390281971e-17
4.262399999999962219e+00;3.431395904299617506e-18;-1.296536672282131875e+00;9.293398294080394783e-19;-3.303150819069578260e-18
4.328999999999960657e+00;3.987886060704748009e-18;1.312365939030966322e+00;1.019157633941726823e-18;3.855457553954074553e-18
4.395599999999960872e+00;6.464143233470246551e-18;8.371625012993951787e-01;4.328216164391495663e-18;4.801217822294603491e-18
4.462199999999960198e+00;1.270372496636946964e-17;6.021418031317558039e-01;1.046944933173745769e-17;7.195502672596342212e-18
4.528799999999958636e+00;2.057680761142399435e-17;2.876301123063719212e-01;1.973148886866424358e-17;5.837238945197941789e-18
4.595399999999958851e+00;2.764726572661413390e-17;-7.856314961832457089e-02;2.756198781161567235e-17;-2.169822580388017741e-18
4.661999999999958177e+00;3.380835415283014046e-17;-3.179848792725017970e-01;3.211345278007590648e-17;-1.057028670685057634e-17
4.728599999999958392e+00;3.719050263625050455e-17;-6.405555135971143788e-01;2.981800183976855292e-17;-2.222656637046115097e-17
4.795199999999956830e+00;3.877256364037100780e-17;-9.390866929213133041e-01;2.289618084090103962e-17;-3.129019965016803296e-17
4.861799999999956157e+00;3.822606792476900764e-17;-1.292380648886037875e+00;1.050577273194923141e-17;-3.675406111293942521e-17
4.928399999999956371e+00;3.377169871136665940e-17;-1.581273538228830322e+00;-3.538267544231694189e-19;-3.376984513555220186e-17
4.994999999999955698e+00;2.935008967359583452e-17;-1.996399044808977008e+00;-1.211776583767314562e-17;-2.673176976841298910e-17
5.061599999999954136e+00;2.090650766276853389e-17;-2.282712887234546795e+00;-1.365792916938200264e-17;-1.582855121157788423e-17
5.128199999999954350e+00;1.477881048124051690e-17;-2.658641851923810417e+00;-1.308853493605748416e-17;-6.863198413861227629e-18
5.194799999999953677e+00;5.255729778598441319e-18;2.990011630237856544e+00;-5.195465358173842221e-18;7.936215834148953913e-19
5.261399999999952115e+00;2.566676860626779730e-18;-2.815918072962878549e-01;2.465586536796421781e-18;-7.132412890776653188e-19
5.327999999999952330e+00;9.775928408845968065e-18;-6.459642869619014460e-01;7.806271104450114346e-18;-5.884803114693717057e-18
5.394599999999951656e+00;1.457309786222281065e-17;-1.016250348651045021e+00;7.673572119957157045e-18;-1.238916753546174592e-17
5.461199999999950982e+00;1.778568292108507895e-17;-1.323211831277252504e+00;4.358609745195575466e-18;-1.724334764651178834e-17
5.527799999999950309e+00;1.821331555887771770e-17;-1.599597315162925026e+00;-5.244889722045642535e-19;-1.820576213634828955e-17
5.594399999999949635e+00;1.772895105016538081e-17;-1.861493517904697415e+00;-5.081476110355017414e-18;-1.698512013142831297e-17
5.660999999999949850e+00;1.455249668049445926e-17;-1.814730658535014474e+00;-3.514753090405702096e-18;-1.412167378001934625e-17
5.727599999999949176e+00;1.499612191732961268e-17;-1.847737512898105505e+00;-4.100159734002818314e-18;-1.442471360946467992e-17
5.794199999999947615e+00;1.328063470929970269e-17;-1.808748153581753115e+00;-3.130413744633340500e-18;-1.290642351967680815e-17
5.860799999999947829e+00;1.354806713882416300e-17;-1.758714531628638333e+00;-2.530970721715979154e-18;-1.330955710772915464e-17
5.927399999999947156e+00;1.451139756545490328e-17;-1.835501935102762383e+00;-3.796546442728775518e-18;-1.400595924636702697e-17
5.993999999999945594e+00;1.232076622605424573e-17;-1.947251034353951971e+00;-4.529431017225891276e-18;-1.145799000947683919e-17
6.060599999999945808e+00;9.576316292382572681e-18;-2.232172215854345776e+00;-5.881804235123392590e-18;-7.557129922889800636e-18
6.127199999999945135e+00;6.368566316603999297e-18;-2.598290663727746530e+00;-5.451533123110078054e-18;-3.292327981325177543e-18
6.193799999999944461e+00;1.455928617136366772e-18;1.700036818173580544e+00;-1.876415441059340897e-19;1.443786268504502023e-18
6.260399999999943788e+00;4.741440326964657288e-18;1.831758259017940427e-01;4.662116815153196143e-18;8.636684410307804777e-19
6.326999999999943114e+00;1.149376482258491874e-17;6.920674239430031627e-02;1.146625069302061626e-17;7.948111987728777335e-19
6.393599999999942440e+00;1.644843752173409673e-17;-2.088903516723462084e-01;1.609087529638816566e-17;-3.410986529213384618e-18
6.460199999999942655e+00;2.040786899140717424e-17;-7.009068988179765203e-01;1.559686964132212550e-17;-1.316126035613773190e-17
6.526799999999941093e+00;1.975828329366138029e-17;-7.763236458333913070e-01;1.409742116844361476e-17;-1.384386055665457348e-17
6.593399999999941308e+00;1.743761436400717481e-17;-1.436052596090614308e+00;2.342505797758220776e-18;-1.727955616603905969e-17
6.659999999999940634e+00;1.918760286721359025e-17;-1.715475757190229267e+00;-2.766376802764016628e-18;-1.898713414854997031e-17
6.726599999999939072e+00;1.663995847175212078e-17;-2.210546766042755795e+00;-9.933976186919435005e-18;-1.334931964780800425e-17
6.793199999999939287e+00;1.723101358119184677e-17;-2.636190844878901540e+00;-1.507679236215920744e-17;-8.342551234697671654e-18
6.859799999999938613e+00;1.447670222800810509e-17;-3.070419998881006585e+00;-1.444005149709437154e-17;-1.029475672212550904e-18
6.926399999999937940e+00;1.303652281917480216e-17;2.944556565286761796e+00;-1.278428057974293841e-17;2.552077050810358094e-18
6.992999999999937266e+00;1.061695847637189570e-17;2.627157124711481107e+00;-9.242811967563500352e-18;5.224005572476927414e-18
7.059599999999936593e+00;6.493944359326824749e-18;2.294434722345856326e+00;-4.299742308208488610e-18;4.866572656915194907e-18
7.126199999999935919e+00;1.950629264900145965e-18;1.203540926102856679e+00;7.003835968256488893e-19;1.820554131681464302e-18
7.192799999999936134e+00;4.329504226930490638e-18;-1.443894281968479687e+00;5.479494634546134974e-19;-4.294689539013126545e-18
7.259399999999934572e+00;1.090663116090546461e-17;-1.816521672144588040e+00;-2.653146501970664472e-18;-1.057900831454040066e-17
7.325999999999934786e+00;2.110452005970886643e-17;-2.203654666992933553e+00;-1.248230987275438322e-17;-1.701742363553285490e-17
7.392599999999934113e+00;2.685437651479054195e-17;-2.414741536376141084e+00;-2.006748601907961135e-17;-1.784526667977192500e-17
7.459199999999932551e+00;3.464201370841371989e-17;-2.755093007707998698e+00;-3.208661733451487926e-17;-1.305825799263949458e-17
7.525799999999932766e+00;3.954823166001491840e-17;-3.010320375695537898e+00;-3.920796502583178942e-17;-5.176688706823813858e-18
7.592399999999932092e+00;4.128717135004324671e-17;3.014797010658699428e+00;-4.095572604965132873e-17;5.221017317893500089e-18
7.658999999999931418e+00;4.259715760785908270e-17;2.713101915727328617e+00;-3.874611392942815516e-17;1.769905341074941621e-17
7.725599999999930745e+00;4.166651328832886802e-17;2.468505243138701122e+00;-3.257907568040454019e-17;2.597502949790355237e-17
7.792199999999930071e+00;3.800213844064982743e-17;2.185703828695479078e+00;-2.192278648337373011e-17;3.104116555264511169e-17
7.858799999999929398e+00;3.249201502257550403e-17;1.917232747515190461e+00;-1.103260223125816885e-17;3.056162181943408758e-17
7.925399999999929612e+00;2.471578035145327929e-17;1.616436582469864769e+00;-1.127642953050996645e-18;2.469004292729598067e-17
7.991999999999928050e+00;1.621072865142168003e-17;1.300340511130549492e+00;4.331031896968336336e-18;1.562145595383050685e-17
8.058599999999927377e+00;5.083263687015141409e-18;6.616804042457898882e-01;4.010495950058496436e-18;3.123378290615974830e-18
8.125199999999926703e+00;7.835829756801936257e-18;-2.336859923576128484e+00;-5.432611068880761113e-18;-5.646854429844718681e-18
8.191799999999926030e+00;2.044173027547655633e-17;-2.700154802133923670e+00;-1.848215106616818228e-17;-8.733523265136076406e-18
8.258399999999927132e+00;3.246931018435269054e-17;-2.993732770809421684e+00;-3.211502547784533877e-17;-4.783434164390058310e-18
8.324999999999924682e+00;4.521389674121425028e-17;3.074388083406782268e+00;-4.511183191602340274e-17;3.036293744952393517e-18
8.391599999999925785e+00;5.672470791603228996e-17;2.774456449713478268e+00;-5.294452311697911750e-17;2.036099113684893773e-17
8.458199999999923335e+00;6.643270225325055392e-17;2.569315904101989290e+00;-5.584799223944814419e-17;3.597646024126860026e-17
8.524799999999924438e+00;7.496231479927546834e-17;2.354065949421335180e+00;-5.289341493488233918e-17;5.311906716605666757e-17
8.591399999999923764e+00;7.434604948013064138e-17;2.112055660364455356e+00;-3.830425378479237074e-17;6.371906477101066314e-17
8.657999999999921314e+00;7.362781783566664955e-17;1.902178356711670792e+00;-2.395482358983112104e-17;6.962199355104809269e-17
8.724599999999922417e+00;6.469545950799189086e-17;1.696205048244840308e+00;-8.092124600385885754e-18;6.418738194070581908e-17
8.791199999999921744e+00;5.326988615747777361e-17;1.515193499103012043e+00;2.960430302992385279e-18;5.318756079810171728e-17
8.857799999999919294e+00;3.738072875119686955e-17;1.335667157983569053e+00;8.708536122312644990e-18;3.635217023200859503e-17
8.924399999999920396e+00;2.238706055575738068e-17;1.172765242731846902e+00;8.677316391091132689e-18;2.063697314472374811e-17
8.990999999999919723e+00;7.877226674969140899e-18;1.134541582568574292e+00;3.328506056349415875e-18;7.139450085384072784e-18
9.057599999999917273e+00;1.009652278363504167e-18;-2.250929671988803449e+00;-6.349669900618762177e-19;-7.849934042629760479e-19
9.124199999999918376e+00;6.707859279033614824e-18;-1.846530980079369888e+00;-1.826240932853934657e-18;-6.454472880296744693e-18
9.190799999999917702e+00;9.247248757752840309e-18;-1.563516741708485869e+00;6.731553960871748602e-20;-9.247003742071733241e-18
9.257399999999917029e+00;1.670291568832641102e-17;-1.102228898173544192e+00;7.543180134142501846e-18;-1.490261138039969434e-17
9.323999999999916355e+00;2.745580324902659521e-17;-1.061340382583885855e+00;1.339025984682564833e-17;-2.396919008401719217e-17
9.390599999999915681e+00;3.732194485300973228e-17;-1.116411706169462059e+00;1.638095463622945052e-17;-3.353493540797257359e-17
9.457199999999916784e+00;4.307305021710025477e-17;-1.303626685889821113e+00;1.137139527561359313e-17;-4.154490371261670526e-17
9.523799999999914334e+00;4.583838674294993869e-17;-1.430268922171486601e+00;6.420369210783646061e-18;-4.538652397346012319e-17
9.590399999999913661e+00;4.596109851273853778e-17;-1.643615526050895337e+00;-3.343893319973916535e-18;-4.583929486763829839e-17
9.656999999999914763e+00;4.278695076915440966e-17;-1.841810391586673923e+00;-1.145443578021983490e-17;-4.122522355401923968e-17
9.723599999999912313e+00;3.559131797000422040e-17;-2.063259044819768739e+00;-1.682748245080007432e-17;-3.136204312875614417e-17
9.790199999999911640e+00;2.615113710487167861e-17;-2.272568493266850620e+00;-1.688244456623738947e-17;-1.997160577784665513e-17
9.856799999999912743e+00;1.720140962967771572e-17;-2.552851456523307139e+00;-1.430538665957248702e-17;-9.552193767302605729e-18
9.923399999999910293e+00;1.125538579674196985e-17;-2.632304740217041417e+00;-9.826986292468033658e-18;-5.487626977223055662e-18
9.989999999999911395e+00;1.601186416994688378e-18;-1.530480399624505550e+00;6.453582918176647288e-20;-1.599885329865896917e-18
1.005659999999991072e+01;6.347413277668752276e-18;-7.961310450887009171e-01;4.439869002881827792e-18;-4.536211916872347775e-18
1.012319999999990827e+01;1.098055827874149141e-17;-1.991341353405704506e-01;1.076356302456278957e-17;-2.172181191591308565e-18
1.018979999999990937e+01;1.582555672889755700e-17;-6.530655304066879108e-01;1.256905031693808225e-17;-9.615987724089160714e-18
1.025639999999990870e+01;1.675727792871175024e-17;-8.170596393327319573e-01;1.146814624752099306e-17;-1.221834625575654920e-17
1.032299999999990625e+01;1.728374765061435673e-17;-1.074712072024026854e+00;8.226812958495926031e-18;-1.520024609656175102e-17
1.038959999999990735e+01;1.569001550001383881e-17;-1.263992103487080687e+00;4.738598668012646690e-18;-1.495734832963996083e-17
1.045619999999990668e+01;1.527210416624371070e-17;-1.533537651934467894e+00;5.688867199808679862e-19;-1.526150495738961724e-17
1.052279999999990423e+01;1.174023077716167518e-17;-1.709337142485511052e+00;-1.621303081992470955e-18;-1.162774247295389482e-17
1.058939999999990533e+01;1.002936162996808768e-17;-2.080595649429198613e+00;-4.894349506851037341e-18;-8.754052639175934187e-18
1.065599999999990466e+01;6.915069092079913201e-18;-2.150817399399159946e+00;-3.789745274282754717e-18;-5.784117158589585083e-18
1.072259999999990399e+01;3.977775015814561507e-18;-2.319769323526345239e+00;-2.708415113504028542e-18;-2.913276789009498710e-18
1.078919999999990331e+01;2.231624788883419694e-18;-2.020305587636295641e+00;-9.696936306438741094e-19;-2.009936183327139536e-18
1.085579999999990264e+01;1.565473010723208111e-18;-1.835945441663680233e+00;-4.102371726471153021e-19;-1.510765107315259185e-18
1.092239999999990196e+01;5.217810987582993762e-19;-1.957324680438748965e+00;-1.966985201447980167e-19;-4.832858441898175804e-19
1.098899999999990129e+01;6.300919764308360164e-19;-1.036782525800646004e+00;3.207120245108316375e-19;-5.423649104585224124e-19
1.105559999999990062e+01;2.031326495250996388e-18;4.851785426859457351e-01;1.796894551423810204e-18;9.473422303329037050e-19
1.112219999999990172e+01;2.903909878624825493e-18;5.451732429783133771e-01;2.482951743108281812e-18;1.505869590824647788e-18
1.118879999999989927e+01;4.396152126240987045e-18;6.456211954693704680e-01;3.511321667182932891e-18;2.645141521095765752e-18
1.125539999999989860e+01;8.741572169139869639e-18;3.140289822664987240e-01;8.314081036549168691e-18;2.700211196550046417e-18
1.132199999999989970e+01;1.436537290219168314e-17;5.430801508860651217e-02;1.434419377664244806e-17;7.797714518723789008e-19
1.138859999999989725e+01;1.848222126797187632e-17;-2.479758196320620833e-01;1.791687279043861660e-17;-4.536317053460028558e-18
1.145519999999989835e+01;2.612005851394892473e-17;-6.421390828543215301e-01;2.091737314061490799e-17;-1.564355962268171534e-17
1.152179999999989768e+01;2.897926113375255296e-17;-9.393778360513619363e-01;1.710617803467326008e-17;-2.339179875307333973e-17
1.158839999999989523e+01;3.303386692471847404e-17;-1.245380921120561313e+00;1.056100712460256516e-17;-3.130018358594887046e-17
1.165499999999989633e+01;3.477788551370500126e-17;-1.504197531451119341e+00;2.314453473084743326e-18;-3.470078710815214416e-17
1.172159999999989566e+01;2.989956967873514524e-17;-1.765907864667370930e+00;-5.796807707082685271e-18;-2.933225677271772558e-17
1.178819999999989321e+01;2.024098704843459336e-17;-1.982070447540768665e+00;-8.091891741954737198e-18;-1.855313571155511279e-17
1.185479999999989431e+01;9.151898519007444589e-18;-2.088512291449171610e+00;-4.529244502281248979e-18;-7.952558754310824472e-18
1.192139999999989364e+01;7.290773318872079982e-18;7.289758012340085136e-01;5.437874449772725707e-18;4.856428425879041275e-18
1.198799999999989119e+01;1.893896221104183557e-17;4.781042971831771515e-01;1.681531222256618411e-17;8.713757197035436895e-18
1.205459999999989229e+01;2.658636959533462079e-17;3.163243705428305241e-01;2.526729307306229708e-17;8.270365712573486283e-18
1.212119999999989162e+01;2.764708812897103377e-17;2.270327129692340240e-01;2.693762465229123271e-17;6.223010533766021056e-18
1.218779999999989094e+01;2.089954505867412442e-17;2.787186842516069518e-01;2.009300545161046059e-17;5.749966572172603428e-18
1.225439999999989027e+01;1.467375303787380938e-17;8.377971998488812355e-01;9.818230243373694872e-18;1.090510811980390026e-17
1.232099999999988960e+01;2.081562653060347880e-17;1.545996364574570459e+00;5.161738366563215233e-19;2.080922565671089278e-17
1.238759999999988892e+01;3.464776416547550688e-17;1.632110636797843961e+00;-2.123072906764247637e-18;3.458265639159276896e-17
1.245419999999988825e+01;4.531443931305484419e-17;1.546756444022746146e+00;1.089248886177384776e-18;4.530134597471129810e-17
1.252079999999988758e+01;4.881570620213712820e-17;1.361030555752865245e+00;1.016493409043630309e-17;4.774565202141924570e-17
1.258739999999988690e+01;4.557577129642718481e-17;1.145858503661461025e+00;1.878925594928936684e-17;4.152246127262124128e-17
1.265399999999988623e+01;3.714084661326388305e-17;9.184822962264356239e-01;2.254549469263498388e-17;2.951513435873811102e-17
1.272059999999988555e+01;2.444098323996881746e-17;6.779624515319420119e-01;1.903591601171047108e-17;1.532956500790357181e-17
1.278719999999988488e+01;1.179008029029764910e-17;5.462887617073226565e-01;1.007413388866793542e-17;6.125179152062196086e-18
1.285379999999988421e+01;1.793208221884027090e-18;2.874213173863865656e+00;-1.729489367880425858e-18;4.737744752738779792e-19
1.292039999999988531e+01;1.209376466875177123e-17;2.939807057398013068e+00;-1.184838547832945265e-17;2.423820418277802150e-18
1.298699999999988464e+01;1.991922172548286951e-17;2.659030949151353962e+00;-1.764462731030928390e-17;9.243512385951372388e-18
1.305359999999988219e+01;2.469761624887314031e-17;2.310152205963102556e+00;-1.664155288699939077e-17;1.824913603121541435e-17
1.312019999999988329e+01;2.742171627407040765e-17;2.029624996403465165e+00;-1.214502957752355665e-17;2.458554005867464636e-17
1.318679999999988262e+01;2.688002333093643562e-17;1.798456043706759599e+00;-6.066774126560656209e-18;2.618644508078523227e-17
1.325339999999988017e+01;2.704230158059515903e-17;1.443192530936724172e+00;3.441343481865350316e-18;2.682243892370122005e-17
1.331999999999988127e+01;2.271436119809385599e-17;1.176496661205320926e+00;8.725987345113264493e-18;2.097139359914821867e-17
1.338659999999988059e+01;2.228395504233468717e-17;8.628260730693469993e-01;1.449110325545749711e-17;1.692875006515432573e-17
1.345319999999987814e+01;1.523880782146984258e-17;5.333736718037140889e-01;1.312208651876951554e-17;7.748039056020419595e-18
1.351979999999987925e+01;1.229427147440220798e-17;2.668344191046252978e-01;1.185918244394893447e-17;3.241743797315451923e-18
1.358639999999987857e+01;1.017636171520865084e-17;-2.481786962709268407e-01;9.864572363342705117e-18;-2.499709952602435362e-18
1.365299999999987790e+01;6.498096548934802532e-18;-6.270048115597732785e-01;5.262083732294647672e-18;-3.812575711195570701e-18
1.371959999999987723e+01;4.080730944697481383e-18;-9.612087549885619531e-01;2.336338298287192756e-18;-3.345726886487912133e-18
1.378619999999987655e+01;5.329716788994996674e-19;3.924306141086474908e-01;4.924563642949125330e-19;2.038272302083011874e-19
1.385279999999987588e+01;1.624864134866968303e-18;1.939574256736782853e+00;-5.857241873497235666e-19;1.515622193401273625e-18
1.391939999999987521e+01;5.142628302350672782e-18;1.464783994019479119e+00;5.441614148260951456e-19;5.113757347660585027e-18
1.398599999999987453e+01;8.823345164092658901e-18;1.182752203851055617e+00;3.338565702291727254e-18;8.167337322297803480e-18
1.405259999999987386e+01;1.161682734822801917e-17;8.792996967863631053e-01;7.407943214563016670e-18;8.948354874967139366e-18
1.411919999999987319e+01;1.316309767830389094e-17;7.247141700407481180e-01;9.855065586866945396e-18;8.726100089221998906e-18
1.418579999999987251e+01;1.486050047409787481e-17;5.789166956899075567e-01;1.243906864292812020e-17;8.130439449204791278e-18
1.425239999999987184e+01;1.751572752060405268e-17;4.078304497398744233e-01;1.607914827096286244e-17;6.947064232928761815e-18
1.431899999999987116e+01;1.947077082774072118e-17;2.813875707705194018e-01;1.870500585984295085e-17;5.406817216222499883e-18
1.438559999999987227e+01;1.736827605431101761e-17;1.507010321001303610e-01;1.717142529968418060e-17;2.607521097924146400e-18
1.445219999999986982e+01;1.755353584083876047e-17;-2.669530133839317920e-02;1.754728154416274267e-17;-4.685412740586058729e-19
1.451879999999986914e+01;1.468154605146690855e-17;-2.185535601895342572e-01;1.433230267245399946e-17;-3.183220785071542143e-18
1.458539999999987025e+01;1.191616393558691137e-17;-2.688688644782388781e-01;1.148803986839046152e-17;-3.165423024187035862e-18
1.465199999999986957e+01;7.625265756560741928e-18;-6.585085584320961027e-01;6.030866764628600869e-18;-4.666189443804870558e-18
1.471859999999986712e+01;4.442727097614667008e-18;8.631266201593909559e-02;4.426188486834918965e-18;3.829876537039366098e-19
1.478519999999986823e+01;3.990705070358065546e-18;1.727247562112795398e+00;-6.218068157269702347e-19;3.941964388791083357e-18
1.485179999999986755e+01;1.068643686584351882e-17;2.225025117723153034e+00;-6.503203973551190751e-18;8.479874466408535390e-18
1.491839999999986510e+01;1.553446574483873212e-17;2.001420473902486563e+00;-6.484677081139150757e-18;1.411625265893596218e-17
1.498499999999986620e+01;2.052025090235826784e-17;1.569744845963924051e+00;2.157664649467572166e-20;2.052023955864212742e-17
1.505159999999986553e+01;2.567214337307438219e-17;1.749876246856014728e+00;-4.572832129613628312e-18;2.526159440102822129e-17
1.511819999999986486e+01;3.110883758683172698e-17;1.431486286676971087e+00;4.319769210729864644e-18;3.080745640214239868e-17
1.518479999999986418e+01;3.183617206318990777e-17;1.048680441687417364e+00;1.587718386942684844e-17;2.759450822198948445e-17
1.525139999999986351e+01;3.042033198538877493e-17;7.088204448799264590e-01;2.309299337644868939e-17;1.980177403710496557e-17
1.531799999999986284e+01;2.897219692701327683e-17;2.973305488139767472e-01;2.770095374344771807e-17;8.487953609734655102e-18
1.538459999999986216e+01;2.672747711282593673e-17;-8.688856267132226072e-03;2.672646820738408143e-17;-2.322282849309333821e-19
1.545119999999986149e+01;1.886217795811987029e-17;-7.489207943083889818e-01;1.381511316927655059e-17;-1.284228972745377122e-17
1.551779999999986082e+01;1.542046903395552564e-17;-9.171466480582739500e-01;9.376999379949156532e-18;-1.224184413622450928e-17
1.558439999999986014e+01;8.301760455718122029e-18;-1.584586931430558732e+00;-1.144826674105082305e-19;-8.300971050605327955e-18
1.565099999999985947e+01;4.226005218566575195e-18;-2.183493671800662117e+00;-2.430275220519212784e-18;-3.457294095081038912e-18
1.571759999999985880e+01;1.010858286546782233e-18;9.960423454433887658e-01;5.495311893156930199e-19;8.484397135033085198e-19
1.578419999999985812e+01;7.160091759833408413e-18;1.438099879467756304e-01;7.086179227596639770e-18;1.026147145204902334e-18
1.585079999999985922e+01;1.265011255598609426e-17;-2.783065666025883456e-01;1.216336215699214204e-17;-3.475337209101942615e-18
1.591739999999985677e+01;1.664661415874992924e-17;-8.256203362348473185e-01;1.128808851240675084e-17;-1.223473827616939153e-17
1.598399999999985610e+01;1.920390216326491680e-17;-1.262498058355425501e+00;5.827185587945964886e-18;-1.829846349888115202e-17
1.605059999999985720e+01;2.136096601712275003e-17;-1.751612980515583562e+00;-3.841406030336712678e-18;-2.101272159656539113e-17
1.611719999999985475e+01;2.322594646236417212e-17;-2.221471595180802172e+00;-1.406850943093030920e-17;-1.848030387911496390e-17
1.618379999999985586e+01;2.194544374713005794e-17;-2.746617867553489134e+00;-2.025578210212563931e-17;-8.444275735056040595e-18
1.625039999999985341e+01;2.068947669543669074e-17;3.126914410462415361e+00;-2.068724795307926830e-17;3.036742643614617775e-19
1.631699999999985451e+01;1.866016163965442940e-17;2.586388143697254449e+00;-1.585726834689556472e-17;9.836090330643301430e-18
1.638359999999985206e+01;1.602045415408258587e-17;2.249281161268468665e+00;-1.005466373772714365e-17;1.247231688277269688e-17
1.645019999999985316e+01;1.106694882485614809e-17;1.899084320601177378e+00;-3.568237999371599822e-18;1.047592639683123471e-17
1.651679999999985426e+01;8.477407911256728848e-18;1.630567288205220899e+00;-5.064011699789604293e-19;8.462269361635926816e-18
1.658339999999985181e+01;2.921547493144828524e-18;1.627716905769023947e+00;-1.662063907436122858e-19;2.916815933578396771e-18
1.664999999999984936e+01;1.241267076623636601e-19;-4.636476090008060935e-01;1.110223024625156564e-19;-5.551115123125782818e-20
1.671659999999985047e+01;3.645733998772159712e-18;-2.786400399628913505e+00;-3.418165991493465258e-18;-1.267879191563904642e-18
1.678319999999985157e+01;4.199571271426175698e-18;-2.452878136296416045e+00;-3.242336261606919661e-18;-2.669017502838250027e-18
1.684979999999984557e+01;7.158986319889035960e-18;-2.323121390881764725e+00;-4.892008392967288765e-18;-5.226790507710823962e-18
1.691639999999984667e+01;5.385655667943637161e-18;-2.329926723329730276e+00;-3.706897597196867504e-18;-3.906942177400315231e-18
1.698299999999984777e+01;7.305596434438061396e-18;-2.404742216222476525e+00;-5.410441468580092964e-18;-4.909059215159559643e-18
1.704959999999984888e+01;1.097753139454295217e-17;-2.250702496119731943e+00;-6.901794208855870808e-18;-8.536476569216348238e-18
1.711619999999984643e+01;1.177670029978106913e-17;-2.317657576629897243e+00;-8.000369656539830541e-18;-8.642034211317396394e-18
1.718279999999984753e+01;1.351317203378518506e-17;-2.380423027724949847e+00;-9.783938363750788350e-18;-9.320963925957422015e-18
1.724939999999984863e+01;1.350139979949703530e-17;-2.520519233356786071e+00;-1.098007134840912797e-17;-7.856578754757285223e-18
1.731599999999984263e+01;1.289924944087775133e-17;-2.669672465378847281e+00;-1.148932301353426365e-17;-5.863965623079399281e-18
1.738259999999984373e+01;1.124902224595466227e-17;-2.960980111577573126e+00;-1.106604390748171933e-17;-2.020686449617951535e-18
1.744919999999984483e+01;7.731172099888049113e-18;-3.094141842071846504e+00;-7.722470058491516560e-18;-3.667127401515041891e-19
1.751579999999984238e+01;4.422443231703452648e-18;-3.122580324802056495e+00;-4.421643968496264017e-18;-8.407587942025421735e-20
1.758239999999984349e+01;2.400750279513638013e-18;-2.891207832763275754e+00;-2.325888028715943425e-18;-5.948502185093950128e-19
1.764899999999984459e+01;2.496387866698428050e-18;-2.306558042468027092e-01;2.430275220519212784e-18;-5.707142310556317505e-19
1.771559999999983859e+01;6.201972594190101622e-18;-4.997274520297229627e-01;5.443553185611260241e-18;-2.971900532404575680e-18
1.778219999999983969e+01;7.053292474148332355e-18;-8.157352108500255383e-01;4.833855335252848252e-18;-5.136416778623508047e-18
1.784879999999984079e+01;1.174926250215604791e-17;-1.228066041049134194e+00;3.948455224725954422e-18;-1.106593288805352072e-17
1.791539999999983834e+01;1.444331078014836076e-17;-1.576412493616503596e+00;-8.111561638032360066e-20;-1.444308300013293889e-17
1.798199999999983945e+01;1.649596376932150801e-17;-1.688904373943252324e+00;-1.943779572144084636e-18;-1.638104214186885038e-17
1.804859999999984055e+01;1.555854227809449136e-17;-2.195869450606257267e+00;-9.104183266171718423e-18;-1.261673828194960339e-17
1.811519999999983455e+01;1.418055846042579054e-17;-2.470253314203767925e+00;-1.110322486353867416e-17;-8.820806985715651607e-18
1.818179999999983565e+01;1.200273777916010599e-17;-2.569713735016130762e+00;-1.009292893878067839e-17;-6.496037225262861081e-18
1.824839999999983675e+01;7.871462507331009843e-18;3.091695750026480560e+00;-7.861665746188125200e-18;3.925986494247133039e-19
1.831499999999983785e+01;1.102976000175529325e-17;2.888984389390377050e+00;-1.067971768289617926e-17;2.756671164639621246e-18
1.838159999999983540e+01;4.174536014328279919e-18;-3.118929019835529726e+00;-4.173463955262352253e-18;-9.460205626604053011e-20
1.844819999999983651e+01;4.963827800320901403e-18;1.692418318270023869e+00;-6.022233840498114478e-19;4.927160787608035157e-18
1.851479999999983406e+01;3.116448693802179971e-18;1.369924031529007769e+00;6.218068157269702347e-19;3.053785969090957721e-18
1.858139999999983161e+01;2.679935507953017051e-18;-2.280161252896480487e-02;2.679238870766083427e-18;-6.110155614612599152e-20
1.864799999999983271e+01;5.993912335814379217e-18;-2.360017897514181229e+00;-4.254509925228350368e-18;-4.222100233954808318e-18
1.871459999999983381e+01;1.191616393558691137e-17;-2.872723789111554460e+00;-1.148803986839046152e-17;-3.165423024187035862e-18
1.878119999999983136e+01;1.412764159055622065e-17;2.957225728113257901e+00;-1.388821346260393953e-17;2.589938942979271987e-18
1.884779999999983247e+01;2.025534855557536999e-17;2.536509020529072345e+00;-1.665910312446261665e-17;1.152186739189308405e-17
1.891439999999983357e+01;2.298970737110480776e-17;2.111938732898834825e+00;-1.184235478148343064e-17;1.970495567715155729e-17
1.898099999999982757e+01;2.688998956187418717e-17;1.635269099742793220e+00;-1.732471370885869609e-18;2.683412159148802243e-17
1.904759999999982867e+01;2.866236123697848890e-17;1.260313184312971346e+00;8.756887734597086571e-18;2.729190115918475654e-17
1.911419999999982977e+01;3.129629813308128753e-17;8.673869144231075579e-01;2.024312164447492676e-17;2.386785082326638535e-17
1.918079999999982732e+01;3.132366650843628897e-17;5.104635335405168783e-01;2.733046684417189600e-17;1.530417151012604955e-17
1.924739999999982842e+01;2.991282603890634833e-17;1.620657887906464256e-01;2.952085014203125474e-17;4.826651896046245130e-18
1.931399999999982953e+01;2.659020655165060882e-17;-1.213719565457590799e-01;2.639459467595074733e-17;-3.219387574013959157e-18
1.938059999999982352e+01;1.934880199658536513e-17;-4.016179001845340824e-01;1.780921296100852269e-17;-7.563601814777920923e-18
1.944719999999982463e+01;1.026863084156926771e-17;-5.939585165213480122e-01;8.509941025611777227e-18;-5.746797638775629852e-18
1.951379999999982573e+01;2.355864677917777189e-18;2.046448164434126582e+00;-1.078792899175073467e-18;2.094350558371275131e-18
1.958039999999982328e+01;1.447090667217303069e-17;2.108412440417484213e+00;-7.410404465519353969e-18;1.242952314339342491e-17
1.964699999999982438e+01;3.021716705698324004e-17;1.825085610029087757e+00;-7.601358339649372864e-18;2.924545325929957520e-17
1.971359999999982549e+01;4.187557963284865001e-17;1.642602393486192858e+00;-3.004337327049299729e-18;4.176766843878584281e-17
1.978019999999981948e+01;5.493716152783443034e-17;1.411605892757501701e+00;8.708580001497235428e-18;5.424253267587064200e-17
1.984679999999982059e+01;6.019832897924155138e-17;1.205960029923720089e+00;2.147854530273800315e-17;5.623620634049940045e-17
1.991339999999982169e+01;6.168401047795920280e-17;9.933868867441497663e-01;3.367053748653616181e-17;5.168376973492494485e-17
1.997999999999982279e+01;6.138024466311822368e-17;7.814041066135912761e-01;4.357539218283757464e-17;4.322868990631281165e-17
2.004659999999982034e+01;5.293493257865962323e-17;5.348231584736078403e-01;4.554303384814912353e-17;2.698034757028869490e-17
2.011319999999982144e+01;4.635089973233406105e-17;3.098139526883070816e-01;4.414414770658222835e-17;1.413152961488376663e-17
2.017979999999981899e+01;3.548269282393426889e-17;3.544853908356621064e-02;3.546040140156571564e-17;1.257546212873644318e-18
2.024639999999981654e+01;2.459740375221388640e-17;-2.076413832062613818e-01;2.406904834314105697e-17;-5.070816818320738445e-18
2.031299999999981765e+01;1.630418723394016664e-17;-4.963417933008782423e-01;1.433676949710222511e-17;-7.764248949276206647e-18
2.037959999999981875e+01;7.139409199627462192e-18;-8.156273664319542149e-01;4.893434652909713882e-18;-5.198601832938123606e-18
2.044619999999981630e+01;1.354759464001776111e-18;-3.887302858526532900e-01;1.253682275818017777e-18;-5.134724497011846790e-19
2.051279999999981740e+01;4.363348330423823537e-18;1.679166747043006502e+00;-4.719328834189871459e-19;4.337751491978326840e-18
2.057939999999981850e+01;7.055564250592166990e-18;1.446139730087167452e+00;8.772465403161521843e-19;7.000816052556841339e-18
2.064599999999981250e+01;1.078249750002684581e-17;1.072619036843778906e+00;5.152148642154707203e-18;9.471938381726764063e-18
2.071259999999981360e+01;1.219130523883887248e-17;5.760626780530527791e-01;1.022379812251995826e-17;6.640924286309664272e-18
2.077919999999981471e+01;1.508659986482932898e-17;2.581639772202807270e-01;1.458663529771477955e-17;3.851696531780445878e-18
2.084579999999981226e+01;1.589528930688916788e-17;-1.419029033918969840e-01;1.573552045299841385e-17;-2.248025405322118411e-18
2.091239999999981336e+01;1.642193512423689073e-17;-5.790153894405699608e-01;1.374518982544232734e-17;-8.986084235483328345e-18
2.097899999999981446e+01;1.515128719583314106e-17;-8.110716507502980788e-01;1.043502261230855796e-17;-1.098507199663371943e-17
2.104559999999980846e+01;1.462405501215722580e-17;-1.252694619507193297e+00;4.573878939905396906e-18;-1.389037855645736998e-17
2.111219999999980956e+01;1.295992922520461787e-17;-1.626341103120528375e+00;-7.194862742998205443e-19;-1.293994223416035690e-17
2.117879999999981067e+01;8.826420108821256203e-18;-1.900132758890643814e+00;-2.854598369737024370e-18;-8.352063223234062214e-18
2.124539999999981177e+01;8.269183591346064010e-18;-2.009380011175734282e+00;-3.511571859428180320e-18;-7.486538608960692885e-18
2.131199999999980932e+01;5.256904136929862423e-18;-2.466635525480419755e+00;-4.104242432611264568e-18;-3.284849335848369519e-18
2.137859999999981042e+01;9.633265531236308107e-19;-2.892621564364540099e+00;-9.336237905091104100e-19;-2.373703135365842074e-19
2.144519999999980797e+01;2.140121188523671668e-18;-1.763325241111655950e-01;2.106935744798107719e-18;-3.754203895102365319e-19
2.151179999999980552e+01;6.404872104667048958e-18;-2.743559971695869182e-01;6.165329087562559326e-18;-1.735253272348774980e-18
2.157839999999980662e+01;8.224794964565166704e-18;-6.337661529670725047e-01;6.627564241276114559e-18;-4.870589742207270777e-18
2.164499999999980773e+01;1.111859184778584589e-17;-7.778802448461015207e-01;7.920915073531667433e-18;-7.802703959240583610e-18
2.171159999999980528e+01;1.107210945245041726e-17;-1.120527645188677424e+00;4.818664542867385698e-18;-9.968554546691035440e-18
2.177819999999980638e+01;1.182333468621546252e-17;-1.336148301781755032e+00;2.748933240600503538e-18;-1.149933081274676999e-17
2.184479999999980393e+01;8.974635610594156233e-18;-1.714362251781724300e+00;-1.284030337525370569e-18;-8.882305468472655195e-18
2.191139999999980148e+01;7.154819459174815323e-18;-1.730454060903838354e+00;-1.137475365982672739e-18;-7.063822710485391984e-18
2.197799999999980258e+01;3.246451830320775520e-18;-1.698310094551866545e+00;-4.128463815072057748e-19;-3.220094307915456362e-18
2.204459999999980369e+01;2.227553254334002291e-18;-6.887977144783271610e-01;1.719695073772244160e-18;-1.415853931073922276e-18
2.211119999999980124e+01;3.577786239058717754e-18;-2.139631833431138719e-01;3.496202234242628207e-18;-7.596869813777123629e-19
2.217779999999980234e+01;3.577116224653717481e-18;-2.494129051942505990e-02;3.576003677609710819e-18;-8.920864533602641605e-20
2.224439999999980344e+01;1.809724308024903656e-18;-6.615411853536141695e-01;1.427956390417074353e-18;-1.111774535651566219e-18
2.231099999999979744e+01;5.470813962287618599e-19;-2.816755372886464492e+00;-5.184705007721875812e-19;-1.746035335514393428e-19
2.237759999999979854e+01;7.972966998190890412e-19;-1.267230422220249952e+00;2.383318835682413758e-19;-7.608416003461066731e-19
2.244419999999979964e+01;2.131094430504514081e-18;-6.190997185360539445e-01;1.735565908293395847e-18;-1.236678798110923806e-18
2.251079999999979719e+01;8.644345452946734661e-18;-1.086745318099256341e+00;4.022806948363054418e-18;-7.651256927203715054e-18
2.257739999999979830e+01;1.766093550029834210e-17;-1.237444344404127428e+00;5.778875665982977130e-18;-1.668871591174132472e-17
2.264399999999979940e+01;2.943990803352581113e-17;-1.521478015703587872e+00;1.451338028666018796e-18;-2.940411200748979297e-17
2.271059999999979340e+01;4.261418013576264424e-17;-1.710412652352251373e+00;-5.930324983244239298e-18;-4.219952125600877232e-17
2.277719999999979450e+01;5.183946918038544930e-17;-1.955882666396826730e+00;-1.947293438588550452e-17;-4.804305768065903088e-17
2.284379999999979560e+01;6.068925817491555988e-17;-2.176276458746864151e+00;-3.454171127351065845e-17;-4.990046332569450126e-17
2.291039999999979671e+01;6.024822263421562827e-17;-2.429173221054294007e+00;-4.559480597421840823e-17;-3.938225487139340484e-17
2.297699999999979426e+01;5.749243713636064069e-17;-2.640176938913110227e+00;-5.041528789425187352e-17;-2.763474397236350299e-17
2.304359999999979536e+01;4.684171345006159921e-17;-2.916783071519660986e+00;-4.566301540597581868e-17;-1.044198941635629870e-17
2.311019999999979291e+01;3.567691357449827090e-17;3.112377638277954439e+00;-3.566168922914133877e-17;1.042153312312342295e-18
2.317679999999979046e+01;2.017858482352066461e-17;2.658456382938561013e+00;-1.786899038216379004e-17;9.374138264510320080e-18
2.324339999999979156e+01;6.212602933117132708e-18;2.366927371883597697e+00;-4.439869002881827792e-18;4.345572280128904734e-18
2.330999999999979266e+01;1.601186416994688378e-18;-1.611112253965287788e+00;-6.453582918176647288e-20;-1.599885329865896917e-18
2.337659999999979021e+01;8.543811046632980822e-18;-1.016373002514275870e+00;4.497915774267282923e-18;-7.263983816623306934e-18
2.344319999999979132e+01;1.178650825938442092e-17;-1.619311642163183462e+00;-5.716018704046112202e-19;-1.177263981655291924e-17
2.350979999999978887e+01;1.370457921160820432e-17;-1.987272907911264319e+00;-5.544060531190772539e-18;-1.253311151285810741e-17
2.357639999999978642e+01;1.667565016514099964e-17;-2.358300457339012723e+00;-1.181627158452896521e-17;-1.176660674412213232e-17
2.364299999999978752e+01;1.773095768423671472e-17;-2.650443386487485675e+00;-1.563500602063398564e-17;-8.362622025114607708e-18
2.370959999999978862e+01;1.929998121627402468e-17;-2.927795967727933935e+00;-1.886056717252921281e-17;-4.094909141732409294e-18
2.377619999999978617e+01;1.887177841559197298e-17;3.099254697340270592e+00;-1.885486708658539957e-17;7.987538509463924553e-19
2.384279999999978727e+01;1.706466724262540085e-17;2.756090610833213717e+00;-1.581228737411422015e-17;6.416730951190055976e-18
2.390939999999978838e+01;1.547409165091013913e-17;2.548138825213182468e+00;-1.282824095742894951e-17;8.653539527783375435e-18
2.397599999999978237e+01;1.340873986742788262e-17;2.324011365572867582e+00;-9.171412353250052808e-18;9.781589864587568905e-18
2.404259999999978348e+01;1.149790120514371345e-17;2.063020069698444647e+00;-5.433756387354704086e-18;1.013291782489758477e-17
2.410919999999978458e+01;9.685685205813360672e-18;1.681132694155312191e+00;-1.066516261771358574e-18;9.626787676555927761e-18
2.417579999999978568e+01;5.568896183795450561e-18;1.461943152609867624e+00;6.049956057662626298e-19;5.535935785654945808e-18
2.424239999999978323e+01;1.608086792647800253e-18;4.988389359378094245e-01;1.412123107299485716e-18;7.693188302122431411e-19
2.430899999999978434e+01;4.542773487362901320e-18;-2.274657255093693653e+00;-2.939927997730610741e-18;-3.463179799786171194e-18
2.437559999999978189e+01;8.584147030934577008e-18;-2.224714861475863170e+00;-5.221747226945332199e-18;-6.813291139133248621e-18
2.444219999999977944e+01;1.169715727162879198e-17;-2.523685072415509101e+00;-9.534264496877605130e-18;-6.776524827726786976e-18
2.450879999999978054e+01;1.796041840851136944e-17;-2.689349923383889340e+00;-1.615484548148922927e-17;-7.848413653599116990e-18
2.457539999999978164e+01;2.136789604005918624e-17;-2.930452338067190965e+00;-2.089336995971058643e-17;-4.478177408884148780e-18
2.464199999999977919e+01;2.441970973360834150e-17;-3.139912379049931257e+00;-2.441967526125812335e-17;-4.103179722853232493e-20
2.470859999999978029e+01;2.700975410360668967e-17;2.939151239740303012e+00;-2.645817774384977192e-17;5.430621254713957211e-18
2.477519999999977784e+01;2.852313246424794472e-17;2.747095903596983746e+00;-2.633227357471643016e-17;1.096268461460629018e-17
2.484179999999977539e+01;2.889101645936692747e-17;2.521766330165510439e+00;-2.351669098866327106e-17;1.678261234132321393e-17
2.490839999999977650e+01;2.495049863526098260e-17;2.329691044249716736e+00;-1.716893402385660511e-17;1.810400747438586544e-17
2.497499999999977760e+01;2.157476939416240466e-17;2.062038046540359382e+00;-1.017727471030939585e-17;1.902350529955464726e-17
2.504159999999977515e+01;1.584591145959338536e-17;1.865740887137878223e+00;-4.606197372826580861e-18;1.516165742087053042e-17
2.510819999999977625e+01;1.097077510528220079e-17;1.600312592507340703e+00;-3.237692964618896671e-19;1.096599652805654628e-17
2.517479999999977380e+01;2.432625053647931644e-18;1.572802254438224523e+00;-4.879666568540114336e-21;2.432620159517260315e-18
2.524139999999977135e+01;2.207491096168898741e-18;-2.339745114063330966e+00;-1.535045549839592632e-18;-1.586395946661056570e-18
2.530799999999977246e+01;9.541028127422827440e-18;-2.432613638407785661e+00;-7.241897889657417759e-18;-6.211773714813586992e-18
2.537459999999977356e+01;1.496439240991007712e-17;-2.743242491318611975e+00;-1.379271366382552152e-17;-5.804661056900311552e-18
2.544119999999977111e+01;1.936993161784403534e-17;-3.119177367607295803e+00;-1.936506565850067193e-17;-4.341461987763750503e-19
2.550779999999977221e+01;2.402847962949105350e-17;2.782171463163614078e+00;-2.249307339553643735e-17;8.451596448475130833e-18
2.557439999999976976e+01;2.901864917218106112e-17;2.266029999511165904e+00;-1.858832796700736263e-17;2.228353794102490668e-17
2.564099999999976731e+01;3.436920024539790173e-17;1.833877978239384143e+00;-8.937964978222315922e-18;3.318666460427034830e-17
2.570759999999976841e+01;4.122119832562143007e-17;1.386894090258754764e+00;7.538013008434116457e-18;4.052610950097348170e-17
2.577419999999976952e+01;4.583361354139849089e-17;9.735783442778256358e-01;2.577426642786739876e-17;3.789996464863225965e-17
2.584079999999977062e+01;4.973443850488735677e-17;5.664081070063324841e-01;4.196760225367877508e-17;2.668772628894111251e-17
2.590739999999976817e+01;4.926843743953487924e-17;2.128941769922719773e-01;4.815612854209607520e-17;1.040990929693830786e-17
2.597399999999976927e+01;4.249278801812529552e-17;-1.502199149596195882e-01;4.201424232778354569e-17;-6.359282599131352664e-18
2.604059999999976682e+01;3.247611214979118244e-17;-5.596178592209509750e-01;2.752214225357417073e-17;-1.724034646229134120e-17
2.610719999999976437e+01;1.756794435372878328e-17;-1.018158634497770443e+00;9.222013153246765417e-18;-1.495283057541462878e-17
2.617379999999976548e+01;4.367151442568080292e-18;2.173812801895844249e+00;-2.476740436225899391e-18;3.596910971081714803e-18
2.624039999999976658e+01;2.357509815070754765e-17;1.501378967070626347e+00;1.635207049108112857e-18;2.351831947061782594e-17
2.630699999999976413e+01;4.360549620135680768e-17;1.062214458371113945e+00;2.123322063351519085e-17;3.808660710138155938e-17
2.637359999999976523e+01;6.193040257618353100e-17;6.816935627891745897e-01;4.808937276282291847e-17;3.902290340974675010e-17
2.644019999999976278e+01;7.509555133112378306e-17;2.904768516162531400e-01;7.194960417267747903e-17;2.150805172767812724e-17
2.650679999999976033e+01;8.238213751060717584e-17;-1.068603663247069263e-01;8.191221844459363815e-17;-8.786640444547734664e-18
2.657339999999976143e+01;8.557970093121362351e-17;-4.862776724284453844e-01;7.565917924472869894e-17;-3.999467223881176023e-17
2.663999999999976254e+01;8.095490046360297271e-17;-8.651010709966815426e-01;5.250436830597103222e-17;-6.161969829415598234e-17
2.670659999999976009e+01;7.238814852712729897e-17;-1.254351057376172474e+00;2.252648995384528586e-17;-6.879390450864632886e-17
2.677319999999976119e+01;6.131726888613978059e-17;-1.685074667306282636e+00;-6.991993810842612753e-18;-6.091731680076120176e-17
2.683979999999975874e+01;4.655145913747898147e-17;-2.037027325921491272e+00;-2.092594015952287546e-17;-4.158296978654174300e-17
2.690639999999975629e+01;3.359159286026671475e-17;-2.389410485793362682e+00;-2.452857028353935670e-17;-2.295091176261614014e-17
2.697299999999975739e+01;2.066394291461582384e-17;-2.739487205648605705e+00;-1.901576726047168282e-17;-8.086972998228375064e-18
2.703959999999975850e+01;9.115062066795923742e-18;-3.090160656467666911e+00;-9.103008913653821626e-18;-4.685991885194073985e-19
2.710619999999975960e+01;9.806935162541684962e-19;-2.795613744822899260e+00;-9.225814805192226424e-19;-3.325705708957484785e-19
2.717279999999975715e+01;4.139200374604437010e-18;-9.818339655352795181e-02;4.119265493559889793e-18;-4.057481172997704298e-19
2.723939999999975470e+01;4.938583653427327405e-18;-5.256031822124845876e-01;4.271980849416915718e-18;-2.477859585229708034e-18
2.730599999999975580e+01;6.575290351952822235e-18;-4.536332501916036652e-01;5.910270904103430180e-18;-2.881517144247504236e-18
2.737259999999975335e+01;6.103934120628529631e-18;-6.794303570989439212e-02;6.089850877970114608e-18;-4.144008120887439727e-19
2.743919999999975445e+01;7.831101174655863779e-18;8.240073899752106690e-02;7.804530088685472783e-18;6.445585330282822763e-19
2.750579999999975556e+01;1.038709761577522909e-17;6.115508234512043173e-02;1.036768008640857842e-17;6.348279337981487925e-19
2.757239999999975311e+01;1.351991079007266001e-17;3.962169602480754976e-02;1.350929986770101988e-17;5.355416473593044573e-19
2.763899999999975421e+01;1.471248242022287508e-17;-1.927438895411561492e-01;1.444004154210763325e-17;-2.818215610554470040e-18
2.770559999999975176e+01;1.437195302159144970e-17;-3.679707410022754477e-01;1.340988351851966777e-17;-5.169918536550279947e-18
2.777219999999974931e+01;1.165626978398751501e-17;-6.873536409938383329e-01;9.009455174076122605e-18;-7.395832795798816841e-18
2.783879999999975041e+01;1.055671698158983654e-17;-1.103961028361980290e+00;4.751182168679378791e-18;-9.427117344629288372e-18
2.790539999999975151e+01;7.034475528596245784e-18;-1.252663609277965717e+00;2.200338380031269823e-18;-6.681493618629056554e-18
2.797199999999974906e+01;4.124908166638423189e-18;-1.611867657574025614e+00;-1.693678418967176662e-19;-4.121429596308980064e-18
2.803859999999975017e+01;1.143727811544658175e-18;-2.691550379802706505e+00;-1.029845362409648699e-18;-4.975257143345181213e-19
2.810519999999974772e+01;1.474523277857077642e-18;1.625403307811158271e+00;-8.047925357511941089e-20;1.472325367127243270e-18
2.817179999999974527e+01;5.315296519252978461e-18;6.035392602461369105e-01;4.376253890263079120e-18;3.016749736975226483e-18
2.823839999999974637e+01;8.900994991391219480e-18;-4.358119590879208638e-02;8.892543407469463699e-18;-3.877932220178479770e-19
2.830499999999974747e+01;1.293210058883844875e-17;-4.079504231908173684e-01;1.187083908738868090e-17;-5.130536521764641239e-18
2.837159999999974502e+01;1.879111589912365062e-17;-8.068230800361281263e-01;1.299961791212490285e-17;-1.356893403599041124e-17
2.843819999999974613e+01;2.311661543464426998e-17;-1.045280408155141672e+00;1.159666684413463137e-17;-1.999738050994135367e-17
2.850479999999974368e+01;2.765028743669218736e-17;-1.402564816716845630e+00;4.629738930262163317e-18;-2.725993236912580452e-17
2.857139999999974123e+01;3.148509931669490439e-17;-1.698664821630780253e+00;-4.014990268766022136e-18;-3.122805360767551826e-17
2.863799999999974233e+01;3.453749324288650878e-17;-1.993543489323032381e+00;-1.416960461831273669e-17;-3.149699580060170597e-17
2.870459999999974343e+01;3.599403467888641043e-17;-2.302095852828864420e+00;-2.403816416141190625e-17;-2.679061769004010161e-17
2.877119999999974453e+01;3.324840921527441530e-17;-2.596208011925489778e+00;-2.842499008637148342e-17;-1.724751152879821154e-17
2.883779999999974208e+01;2.886672812741210111e-17;-2.849657599280927656e+00;-2.764534074033446336e-17;-8.308015896273213345e-18
2.890439999999973963e+01;2.199228187197902005e-17;3.100320328790696855e+00;-2.197355365149443087e-17;9.074149334635830683e-19
2.897099999999974074e+01;1.026479352557517597e-17;2.823944538146602401e+00;-9.751272761842140019e-18;3.206035814966143345e-18
2.903759999999973829e+01;2.911280890466332144e-18;-8.527811114058451158e-01;1.915306083602185942e-18;-2.192523438714144469e-18
2.910419999999973939e+01;1.954489147309236302e-17;-1.069800554465904607e+00;9.387395214832313750e-18;-1.714291672311050720e-17
2.917079999999974049e+01;3.650682427010945408e-17;-1.381369685589872498e+00;6.874082528346202416e-18;-3.585380325268350276e-17
2.923739999999973804e+01;5.246919742653130862e-17;-1.735226938438910960e+00;-8.588716993404152713e-18;-5.176147813762209576e-17
2.930399999999973915e+01;6.928322806393404239e-17;-2.095901439398339505e+00;-3.473195647620715104e-17;-5.994878556146030069e-17
2.937059999999973670e+01;8.135751686933949958e-17;-2.483276116452107107e+00;-6.435568911629503742e-17;-4.977339479593135183e-17
2.943719999999973425e+01;8.988656681257299342e-17;-2.852678187661173315e+00;-8.616110315309005730e-17;-2.560974808141857269e-17
2.950379999999973535e+01;9.304661916574189552e-17;3.045804264932933325e+00;-9.262007476765040098e-17;8.899162219526817774e-18
2.957039999999973645e+01;8.877806387378885544e-17;2.650781918773482460e+00;-7.829790362172406089e-17;4.184474774236002991e-17
2.963699999999973400e+01;8.153975860921125097e-17;2.271689360704181926e+00;-5.258502785742862051e-17;6.231811196820627238e-17
2.970359999999973510e+01;6.793717030083139602e-17;1.895335304641538876e+00;-2.166325212604722729e-17;6.439070286778579429e-17
2.977019999999973265e+01;5.220942081805479375e-17;1.545271848409984994e+00;1.332473537965709536e-18;5.219241454873834386e-17
2.983679999999973020e+01;3.184305989587352900e-17;1.183683063741699737e+00;1.202129216218796264e-17;2.948675971149606143e-17
2.990339999999973131e+01;1.691481528363051877e-17;8.818689258861490687e-01;1.075291009347774364e-17;1.305702495214453825e-17
2.996999999999973241e+01;5.286694384890778096e-19;-6.583702257457469953e-01;4.181724632750857854e-19;-3.234550450229581818e-19
3.003659999999973351e+01;1.050447318067244558e-17;-2.957693753366459344e+00;-1.032734883599380683e-17;-1.920891153387935267e-18
3.010319999999973106e+01;1.991784086188883086e-17;3.113418795973192488e+00;-1.990993632981774633e-17;5.610881767884046589e-19
3.016979999999972861e+01;2.270583222397862168e-17;2.787485008591485958e+00;-2.129707814182285766e-17;7.873327098791015839e-18
3.023639999999972972e+01;2.373838960735262440e-17;2.412559246506632782e+00;-1.770453358571066937e-17;1.581330552613557969e-17
3.030299999999972727e+01;2.105035833679889009e-17;1.976071911037995843e+00;-8.299567630376536134e-18;1.934514831311573523e-17
3.036959999999972837e+01;1.822380177806859889e-17;1.426559844728881421e+00;2.619432448724978728e-18;1.803456472701525813e-17
3.043619999999972947e+01;1.645542364621617880e-17;9.261804059522432686e-01;9.887923813067800746e-18;1.315332391615964246e-17
3.050279999999972702e+01;1.705170995709089220e-17;2.832325424144531145e-01;1.637232016626910642e-17;4.765285388508288891e-18
3.056939999999972457e+01;1.889936445364221233e-17;-2.016438061822180827e-01;1.851643838257643804e-17;-3.785166624581392975e-18
3.063599999999972567e+01;1.918809810680617811e-17;-5.342176447820993213e-01;1.651456749129920280e-17;-9.769962616701376989e-18
3.070259999999972322e+01;1.730513397456466620e-17;-8.711294530684478010e-01;1.114386360967500943e-17;-1.323940956865499272e-17
3.076919999999972433e+01;1.395211249951044012e-17;-1.113376395288612875e+00;6.161737786669618879e-18;-1.251776460264864033e-17
3.083579999999972543e+01;9.166404912397196647e-18;-1.430290985241467805e+00;1.283695372222837234e-18;-9.076073226310655075e-18
3.090239999999972298e+01;1.335996415014889391e-18;-1.645526693240707772e+00;-9.974659986866641226e-20;-1.332267629550187876e-18
3.096899999999972408e+01;4.564083509149711648e-18;1.497755761491777360e+00;3.330669073875469691e-19;4.551914400963142007e-18
3.103559999999972163e+01;1.251354824525685405e-17;1.091277034802300427e+00;5.773159728050814516e-18;1.110223024625156602e-17
3.110219999999971918e+01;1.742873352589527303e-17;7.763893981070313366e-01;1.243449787580175351e-17;1.221245327087672201e-17
3.116879999999972028e+01;2.241660983792563921e-17;5.880026035475675039e-01;1.865174681370263104e-17;1.243449787580175351e-17
3.123539999999972139e+01;2.684077535566156410e-17;2.851177351725961429e-01;2.575717417130363304e-17;7.549516567451065017e-18
3.130199999999971894e+01;2.664905307745879235e-17;1.666512371394075070e-02;2.664535259100375598e-17;4.440892098500626254e-19
3.136859999999972004e+01;2.568913099005010530e-17;-2.533642108061387455e-01;2.486899575160350702e-17;-6.439293542825908261e-18
3.143519999999971759e+01;2.956446994256587489e-17;-5.713374798336268157e-01;2.486899575160350702e-17;-1.598721155460225606e-17
3.150179999999971514e+01;2.139016888732267370e-17;-8.441539861131710509e-01;1.421085471520200401e-17;-1.598721155460225606e-17
3.156839999999971624e+01;1.776356839400250502e-17;-9.272952180016121870e-01;1.065814103640150301e-17;-1.421085471520200401e-17
3.163499999999971735e+01;1.123466709944544346e-17;-1.892546881191538910e+00;-3.552713678800501003e-18;-1.065814103640150301e-17
3.170159999999971845e+01;1.080515682314281415e-17;-1.735945004209523468e+00;-1.776356839400250502e-18;-1.065814103640150301e-17
3.176819999999971600e+01;5.024295867788080879e-18;-2.356194490192344837e+00;-3.552713678800501003e-18;-3.552713678800501003e-18
3.183479999999971355e+01;4.440892098500626254e-19;3.141592653589793116e+00;-4.440892098500626254e-19;0.000000000000000000e+00
3.190139999999971465e+01;2.598965467441788449e-18;3.487710035839070022e-01;2.442490654175344247e-18;8.881784197001252508e-19
3.196799999999971220e+01;5.617333549722721732e-18;3.217505543966421855e-01;5.329070518200751505e-18;1.776356839400250502e-18
3.203459999999971330e+01;7.324106877635579381e-18;-2.449786631268641435e-01;7.105427357601002007e-18;-1.776356839400250502e-18
3.210119999999971441e+01;1.137423353269335466e-17;-6.747409422235526311e-01;8.881784197001252508e-18;-7.105427357601002007e-18
3.216779999999971551e+01;1.387379042922037520e-17;-6.947382761967031417e-01;1.065814103640150301e-17;-8.881784197001252508e-18
3.223439999999970951e+01;1.344057838396888503e-17;-1.438244794498222623e+00;1.776356839400250502e-18;-1.332267629550187799e-17
3.230099999999971061e+01;1.432144669219779164e-17;-1.695151321341658024e+00;-1.776356839400250502e-18;-1.421085471520200401e-17
3.236759999999971171e+01;1.727387152319501534e-17;-2.374374305265323226e+00;-1.243449787580175351e-17;-1.199040866595169050e-17
3.243419999999971282e+01;1.729669038588217101e-17;-2.632000388780867617e+00;-1.509903313490213003e-17;-8.437694987151189498e-18
3.250079999999970681e+01;1.561906639142038896e-17;-2.882821761626095380e+00;-1.509903313490213003e-17;-3.996802888650564014e-18
3.256739999999970792e+01;1.383107983911940891e-17;3.045118878407206520e+00;-1.376676550535194100e-17;1.332267629550187876e-18
3.263399999999970902e+01;8.882478059288707434e-18;2.823794647779901190e+00;-8.437694987151189498e-18;2.775557561562891505e-18
3.270059999999970302e+01;5.327046289697442500e-18;2.556480215405366074e+00;-4.440892098500626254e-18;2.942091015256664749e-18
3.276719999999970412e+01;1.591065827409787909e-18;2.116451381321888370e+00;-8.257283745649602363e-19;1.360023205165816814e-18
3.283379999999970522e+01;1.361935826311283123e-18;-7.393358737620018273e-01;1.006356456501045219e-18;-9.176687187917309976e-19
3.290039999999970632e+01;1.465364980691084231e-18;3.078989506486181638e-01;1.396452398161329796e-18;4.440892098500626254e-19
3.296699999999970743e+01;4.266439449025455221e-18;8.931343870368982918e-01;2.674943599956236604e-18;3.323730179971562649e-18
3.303359999999970853e+01;1.159750972394101342e-17;7.400085024256638500e-01;8.564329800897497106e-18;7.820133429703446394e-18
3.310019999999970253e+01;1.825923628633829086e-17;6.679008803436148334e-01;1.433575480547233269e-17;1.130866233989280567e-17
3.316679999999970363e+01;2.563679425741473238e-17;4.205276260447295966e-01;2.340315441440310392e-17;1.046602041143707102e-17
3.323339999999970473e+01;3.034718208295264473e-17;2.092124087314258252e-01;2.968545548265311264e-17;6.302792489309983216e-18
