Частота;Амплитуда;Фаза;Действительная часть;Мнимая часть
-3.329999999999969873e+01;4.440892098500626254e-19;3.141592653589793116e+00;-4.440892098500626254e-19;0.000000000000000000e+00
-3.323339999999970473e+01;5.370350353018140986e-18;1.394157030708166989e+00;9.436895709313831272e-19;5.286786633473816770e-18
-3.316679999999970363e+01;9.680269481642155451e-18;1.210373952837368039e+00;3.413935800722356312e-18;9.058292310681892642e-18
-3.310019999999970253e+01;1.139786872166810323e-17;9.892944020589349297e-01;6.260617024800296779e-18;9.524499244850659241e-18
-3.303359999999970853e+01;1.117289321855106229e-17;9.769372748296940578e-01;6.251943407420412928e-18;9.259953914764196406e-18
-3.296699999999970743e+01;6.327678705646286953e-18;1.056614807233525521e+00;3.112093915902391995e-18;5.509481759702339603e-18
-3.290039999999970632e+01;3.135520240742827949e-18;1.383817056875985552e+00;5.828670879282072199e-19;3.080868893334809440e-18
-3.283379999999970522e+01;5.018553516930962603e-18;2.901476460524078149e+00;-4.874572967494828028e-18;1.193489751472043378e-18
-3.276719999999970412e+01;9.240806664002509020e-18;2.774472731033584605e+00;-8.625045122556685601e-18;3.316791286067655414e-18
-3.270059999999970302e+01;1.414421842020147478e-17;2.653438937293560063e+00;-1.249217743137798197e-17;6.633582572135310828e-18
-3.263399999999970902e+01;1.599083117543504938e-17;2.412067438011704645e+00;-1.192101972691261816e-17;1.065814103640150301e-17
-3.256739999999970792e+01;1.580352852056229107e-17;2.189004165961550008e+00;-9.159339953157541890e-18;1.287858708565181652e-17
-3.250079999999970681e+01;1.418654779868980794e-17;1.872747488625145840e+00;-4.218847493575594749e-18;1.354472090042690950e-17
-3.243419999999971282e+01;1.199040866595169050e-17;1.570796326794896558e+00;0.000000000000000000e+00;1.199040866595169050e-17
-3.236759999999971171e+01;9.930136612989092039e-18;1.390942827002418225e+00;1.776356839400250502e-18;9.769962616701376989e-18
-3.230099999999971061e+01;3.972054645195637124e-18;1.107148717794090409e+00;1.776356839400250502e-18;3.552713678800501003e-18
-3.223439999999970951e+01;4.440892098500626254e-18;6.435011087932843710e-01;3.552713678800501003e-18;2.664535259100375752e-18
-3.216779999999971551e+01;3.580361673049447909e-18;3.017237659043031872e+00;-3.552713678800501003e-18;4.440892098500626254e-19
-3.210119999999971441e+01;3.877842313165342287e-18;4.124104415973873228e-01;3.552713678800501003e-18;1.554312234475219189e-18
-3.203459999999971330e+01;3.552713678800501003e-18;1.570796326794896558e+00;0.000000000000000000e+00;3.552713678800501003e-18
-3.196799999999971220e+01;5.024295867788080879e-18;2.356194490192344837e+00;-3.552713678800501003e-18;3.552713678800501003e-18
-3.190139999999971465e+01;7.944109290391274248e-18;2.034443935795702707e+00;-3.552713678800501003e-18;7.105427357601002007e-18
-3.183479999999971355e+01;1.065814103640150301e-17;1.570796326794896558e+00;0.000000000000000000e+00;1.065814103640150301e-17
-3.176819999999971600e+01;1.517719948885615245e-17;1.212025656524324368e+00;5.329070518200751505e-18;1.421085471520200401e-17
-3.170159999999971845e+01;2.025358414490941566e-17;1.304544277643971295e+00;5.329070518200751505e-18;1.953992523340275398e-17
-3.163499999999971735e+01;2.344858313286850555e-17;9.197196053504168578e-01;1.421085471520200401e-17;1.865174681370263104e-17
-3.156839999999971624e+01;2.340532422902045905e-17;6.888166934223209914e-01;1.806887972577442334e-17;1.487698852997709853e-17
-3.150179999999971514e+01;2.492322417897218987e-17;3.643754082456503451e-01;2.328692794151265755e-17;8.881784197001252508e-18
-3.143519999999971759e+01;2.679389347515021251e-17;1.665110743918630787e-01;2.642330798607872756e-17;4.440892098500626254e-18
-3.136859999999972004e+01;2.324585382549742096e-17;-1.148766054168991330e-01;2.309263891220325806e-17;-2.664535259100375752e-18
-3.130199999999971894e+01;2.276579923328422560e-17;-3.587706702705722450e-01;2.131628207280300602e-17;-7.993605777301128028e-18
-3.123539999999972139e+01;1.776356839400250502e-17;-6.435011087932843710e-01;1.421085471520200401e-17;-1.065814103640150301e-17
-3.116879999999972028e+01;1.445849715162568855e-17;-7.419472680059174818e-01;1.065814103640150301e-17;-9.769962616701376989e-18
-3.110219999999971918e+01;1.154845430301940251e-17;-9.080668189019049930e-01;7.105427357601002007e-18;-9.103828801926284014e-18
-3.103559999999972163e+01;5.773159728050813745e-18;-1.176005207095135008e+00;2.220446049250313127e-18;-5.329070518200751505e-18
-3.096899999999972408e+01;1.110223024625156564e-19;1.570796326794896558e+00;0.000000000000000000e+00;1.110223024625156564e-19
-3.090239999999972298e+01;6.043680990549574704e-18;1.404703897301078808e+00;9.992007221626410035e-19;5.960509863456309078e-18
-3.083579999999972543e+01;1.002621907825968240e-17;1.172811010122074338e+00;3.885780586188048261e-18;9.242606680004428704e-18
-3.076919999999972433e+01;1.453761698605800339e-17;1.022518442122111182e+00;7.577272143066693955e-18;1.240674230018612457e-17
-3.070259999999972322e+01;1.699460205221626203e-17;8.425942423624233069e-01;1.131039706336878306e-17;1.268429805634241396e-17
-3.063599999999972567e+01;1.873063895670156862e-17;5.758782490526599407e-01;1.570965579844596667e-17;1.020017403874362553e-17
-3.056939999999972457e+01;1.710832778091286429e-17;2.527252987789860295e-01;1.656487447210253006e-17;4.277828091758806628e-18
-3.050279999999972702e+01;1.663327649104859716e-17;-1.936270096949655184e-01;1.632244686633477235e-17;-3.200564813177209043e-18
-3.043619999999972947e+01;1.655149409059327934e-17;-8.367118938810750306e-01;1.108797298768338135e-17;-1.228856426338520422e-17
-3.036959999999972837e+01;1.836909450710268707e-17;-1.273381049150670963e+00;5.383062092324635277e-18;-1.756263862638662861e-17
-3.030299999999972727e+01;2.083515137983903951e-17;-1.777881869017539973e+00;-4.283886071397569421e-18;-2.038999394674001590e-17
-3.023639999999972972e+01;2.826239140792288734e-17;-2.147765462758683519e+00;-1.541674502902185082e-17;-2.368726959370293265e-17
-3.016979999999972861e+01;3.283581852622339126e-17;-2.436991170892496505e+00;-2.501661665365098550e-17;-2.126875336006667188e-17
-3.010319999999973106e+01;3.386309982078394152e-17;-2.746699617550723449e+00;-3.125691844024433790e-17;-1.302745482019765466e-17
-3.003659999999973351e+01;3.323276361075464993e-17;-2.965162289473730173e+00;-3.271687459252721786e-17;-5.832897573688871166e-18
-2.996999999999973241e+01;2.862437006434546043e-17;3.052333396613926553e+00;-2.851041749690405876e-17;2.551598662177065481e-18
-2.990339999999973131e+01;2.149241056688098033e-17;2.786410627229547465e+00;-2.015092313254222676e-17;7.474222961736683326e-18
-2.983679999999973020e+01;7.044640233466172856e-18;2.526639500709065622e+00;-5.754065487837334050e-18;4.064195662200532809e-18
-2.977019999999973265e+01;6.408090212851629738e-18;-1.039400904838394313e+00;3.247215311565917315e-18;-5.524419688652981813e-18
-2.970359999999973510e+01;2.238392517804959032e-17;-1.286195004078251936e+00;6.284842868540929713e-18;-2.148350196067374652e-17
-2.963699999999973400e+01;3.745138507969977639e-17;-1.607693129549632394e+00;-1.381522856822098982e-18;-3.742589529969907225e-17
-2.957039999999973645e+01;5.249976431663970234e-17;-1.945330386914605691e+00;-1.920645753632891070e-17;-4.886038520322890291e-17
-2.950379999999973535e+01;6.644611875804121288e-17;-2.255825738339681141e+00;-4.204017947401939215e-17;-5.145590352719458190e-17
-2.943719999999973425e+01;7.582623246528118826e-17;-2.636708239514025109e+00;-6.636542300599472893e-17;-3.667762477470763150e-17
-2.937059999999973670e+01;8.070592076505830087e-17;-2.963662374342263206e+00;-7.943174589574427058e-17;-1.428437574729055393e-17
-2.930399999999973915e+01;8.334237083887767602e-17;2.980653027196471516e+00;-8.226534971481752866e-17;1.335526163516767190e-17
-2.923739999999973804e+01;8.058875997076921071e-17;2.648466993962797389e+00;-7.098721642318748860e-17;3.814922460697980775e-17
-2.917079999999974049e+01;7.500220316011436447e-17;2.337738557688787466e+00;-5.204678754649758973e-17;5.400428117252197878e-17
-2.910419999999973939e+01;6.786053987284114031e-17;2.024014213989701716e+00;-2.971347124910341377e-17;6.100952792935024650e-17
-2.903759999999973829e+01;5.913068732975703577e-17;1.724283283893871532e+00;-9.040196274678718161e-18;5.843554599218504073e-17
-2.897099999999974074e+01;4.775808949945359042e-17;1.448796804441920383e+00;5.812021457629726753e-18;4.740311718878697425e-17
-2.890439999999973963e+01;3.737687983523741200e-17;1.177316698489166091e+00;1.433046193449805274e-17;3.452055919248237004e-17
-2.883779999999974208e+01;2.671579564465788223e-17;8.912242281482660733e-01;1.678981539724135835e-17;2.078066013998781131e-17
-2.877119999999974453e+01;1.585882649899756202e-17;6.554512139730210851e-01;1.257244924153427646e-17;9.666224598795101484e-18
-2.870459999999974343e+01;7.466273403229123057e-18;6.899459530530047680e-01;5.758590462101633311e-18;4.752249406497801155e-18
-2.863799999999974233e+01;1.878086453733827612e-18;6.261105578107150071e-01;1.521837559068756008e-18;1.100554029344381777e-18
-2.857139999999974123e+01;4.877953656292143305e-18;-3.122418089220321047e+00;-4.877056959987823407e-18;-9.352690504996756383e-20
-2.850479999999974368e+01;8.624484333404696003e-18;2.699695555194190355e+00;-7.796033501192679668e-18;3.688304714286019110e-18
-2.843819999999974613e+01;1.129637372191880698e-17;2.477919793528522874e+00;-8.898549131293898387e-18;6.958727083540949672e-18
-2.837159999999974502e+01;1.386374531397032808e-17;2.238561829481827470e+00;-8.584888474509201580e-18;1.088591401816463561e-17
-2.830499999999974747e+01;1.381457905141320513e-17;1.912596385885587447e+00;-4.630419856061465492e-18;1.301544491457500184e-17
-2.823839999999974637e+01;1.388074203199748786e-17;1.583246856089099985e+00;-1.728181202941842361e-19;1.387966617956497491e-17
-2.817179999999974527e+01;1.337697327979492368e-17;1.278774326116176363e+00;3.851086256273726457e-18;1.281064201260369823e-17
-2.810519999999974772e+01;1.173506395937990562e-17;9.252821277388509902e-01;7.059923090241478269e-18;9.373857908599447379e-18
-2.803859999999975017e+01;1.264278868323086609e-17;4.691300193752970804e-01;1.127688648576828531e-17;5.715937095168824594e-18
-2.797199999999974906e+01;1.313754777080361388e-17;1.650504844186784781e-01;1.295900930988976898e-17;2.158527075655365020e-18
-2.790539999999975151e+01;1.413102398098784859e-17;-2.149967204710819535e-01;1.380568674250355223e-17;-3.014772349467746563e-18
-2.783879999999975041e+01;1.190400709920544688e-17;-4.334354954413722760e-01;1.080322250054470251e-17;-4.999576844259759420e-18
-2.777219999999974931e+01;1.132158252640712494e-17;-6.228144742443468829e-01;9.195841363139053782e-18;-6.604145101845353838e-18
-2.770559999999975176e+01;1.020128186065116861e-17;-9.111803105258462487e-01;6.251482860151188653e-18;-8.061334483178728838e-18
-2.763899999999975421e+01;6.356755558846650886e-18;-9.860637286569625681e-01;3.508779217039131766e-18;-5.300642380033013514e-18
-2.757239999999975311e+01;4.623964551447720789e-18;-1.185070453371785737e+00;1.739682395813192888e-18;-4.284221438574667105e-18
-2.750579999999975556e+01;1.993816983884881643e-18;-7.434412561578442880e-01;1.467735997709291458e-18;-1.349465526145857848e-18
-2.743919999999975445e+01;1.579288561666368199e-18;9.798127851752387318e-01;8.799448713079137994e-19;1.311430281970461800e-18
-2.737259999999975335e+01;1.929258430587634419e-18;2.045797827336041319e+00;-8.823266292925134484e-19;1.715674156486240537e-18
-2.730599999999975580e+01;3.745661403737330150e-18;2.367701323876501895e+00;-2.678883361493385393e-18;2.617931108138907591e-18
-2.723939999999975470e+01;8.498623072319726288e-18;2.661864688326587292e+00;-7.539302833654094695e-18;3.922436348472789240e-18
-2.717279999999975715e+01;1.546363913180346180e-17;2.579091755763534444e+00;-1.308106378466184332e-17;8.246811836112892986e-18
-2.710619999999975960e+01;1.992470948118601020e-17;2.467750560709492724e+00;-1.556976574297262168e-17;1.243287748747729740e-17
-2.703959999999975850e+01;3.291890728854902673e-17;2.196629681956071778e+00;-1.928300345785771192e-17;2.667995942118979141e-17
-2.697299999999975739e+01;4.059288723501609514e-17;1.947183138476411335e+00;-1.492042779452081917e-17;3.775133545324221807e-17
-2.690639999999975629e+01;5.020408175796765240e-17;1.631245530058087034e+00;-3.032948835564282593e-18;5.011238416321407955e-17
-2.683979999999975874e+01;5.779902473535474359e-17;1.290934048357079478e+00;1.596543664908330466e-17;5.555026636265803868e-17
-2.677319999999976119e+01;6.135495534884226350e-17;9.583157133881208267e-01;3.527289789338013995e-17;5.020212366087321374e-17
-2.670659999999976009e+01;6.764572121580584392e-17;6.032563437372311377e-01;5.570574897211060238e-17;3.837724755975503966e-17
-2.663999999999976254e+01;6.582245505397431120e-17;2.873860028128590316e-01;6.312294973676316996e-17;1.865713820130349393e-17
-2.657339999999976143e+01;6.135312285635788638e-17;-8.572540304234058106e-02;6.112782359449094177e-17;-5.253081650625811503e-18
-2.650679999999976033e+01;4.868124347633233223e-17;-4.216758621095128556e-01;4.441697627283299177e-17;-1.992475056758654936e-17
-2.644019999999976278e+01;3.992751758444929738e-17;-8.467327777207337425e-01;2.644935392862245835e-17;-2.991050546572176349e-17
-2.637359999999976523e+01;2.095186342504412420e-17;-1.110473247334302860e+00;9.307605103349345446e-18;-1.877096343350033977e-17
-2.630699999999976413e+01;4.771446357622532271e-18;-2.038243121011080738e+00;-2.150054068422136753e-18;-4.259573669574309674e-18
-2.624039999999976658e+01;1.228722631162222734e-17;1.339644529184869759e+00;2.814989278740647452e-18;1.196042498382046442e-17
-2.617379999999976548e+01;3.061363045329459332e-17;9.667615550994289597e-01;1.738755967940471186e-17;2.519656996350942965e-17
-2.610719999999976437e+01;4.204915222697509173e-17;6.117317555784661520e-01;3.442373706324926046e-17;2.414824071454489355e-17
-2.604059999999976682e+01;5.080729137651661303e-17;2.766716532913410798e-01;4.887508606136067377e-17;1.387828589966521773e-17
-2.597399999999976927e+01;5.586913308334136932e-17;-8.801323777382920321e-02;5.565288236172054801e-17;-4.910877346931275768e-18
-2.590739999999976817e+01;5.545223831852455052e-17;-3.860011720435168603e-01;5.137217180526285987e-17;-2.087703759025684881e-17
-2.584079999999977062e+01;5.171724203192563111e-17;-7.327800398853164809e-01;3.844233627572834751e-17;-3.459566309600952395e-17
-2.577419999999976952e+01;4.699406600902613090e-17;-1.085698396194266557e+00;2.191309772593336687e-17;-4.157232719146714759e-17
-2.570759999999976841e+01;4.013890782291492686e-17;-1.453667585890048075e+00;4.690677198713154978e-18;-3.986388677279140806e-17
-2.564099999999976731e+01;3.393438035250960526e-17;-1.869555418759035748e+00;-9.988058694370000186e-18;-3.243117101534586290e-17
-2.557439999999976976e+01;2.868248533781459658e-17;-2.287620076508636302e+00;-1.884420432848204591e-17;-2.162361968728565380e-17
-2.550779999999977221e+01;2.438733078191585742e-17;-2.698502784114755304e+00;-2.203227670811879025e-17;-1.045565329013290321e-17
-2.544119999999977111e+01;2.005281454752434433e-17;-3.099299727502675239e+00;-2.003488307014819741e-17;-8.478393968748669273e-19
-2.537459999999977356e+01;1.679219565464740803e-17;2.829621822745578275e+00;-1.598164479656641366e-17;5.154111417144667966e-18
-2.530799999999977246e+01;1.407498165081162833e-17;2.418034354042830625e+00;-1.054856095954842845e-17;9.318421011811751652e-18
-2.524139999999977135e+01;9.219525624476503877e-18;2.353500220299464818e+00;-6.501600993077272193e-18;6.536729860350319028e-18
-2.517479999999977380e+01;5.058079187087182430e-18;2.422336129752354239e+00;-3.805171516571711613e-18;3.332391752527886151e-18
-2.510819999999977625e+01;8.400217894991038161e-19;1.967248964209726170e+00;-3.243732057927354156e-19;7.748668467530537142e-19
-2.504159999999977515e+01;6.810263610731367560e-18;-1.457559727034556385e+00;7.695240906117600982e-19;-6.766647849683030927e-18
-2.497499999999977760e+01;1.150809305064757102e-17;-1.722185417337841029e+00;-1.735552549659051206e-18;-1.137646970767886663e-17
-2.490839999999977650e+01;1.643125668043504264e-17;-1.880261930106458701e+00;-5.004133783318931915e-18;-1.565071375934616523e-17
-2.484179999999977539e+01;1.947693895985042135e-17;-2.112243276258773506e+00;-1.003795690691651423e-17;-1.669103269365398340e-17
-2.477519999999977784e+01;2.226210733003435874e-17;-2.162775635406721797e+00;-1.242235874251823745e-17;-1.847393910475376039e-17
-2.470859999999978029e+01;2.357563789783199208e-17;-2.328950666342511688e+00;-1.621019536869875703e-17;-1.711841898068596535e-17
-2.464199999999977919e+01;2.443542813210111299e-17;-2.505204783355341025e+00;-1.965213609094255810e-17;-1.452183511344731541e-17
-2.457539999999978164e+01;2.269751501005520472e-17;-2.686678008045662036e+00;-2.038914448106247823e-17;-9.972962195959676441e-18
-2.450879999999978054e+01;2.208239492115294867e-17;-2.867419234145477613e+00;-2.125760254843215801e-17;-5.978837625044857644e-18
-2.444219999999977944e+01;2.336281293262413429e-17;-3.016323554304691346e+00;-2.317974383276370686e-17;-2.918990231611321977e-18
-2.437559999999978189e+01;1.882495079736721945e-17;3.132214311528257245e+00;-1.882412294516412239e-17;1.765442399013272361e-19
-2.430899999999978434e+01;1.659322290993758237e-17;2.853724394897982908e+00;-1.591043292593709651e-17;4.710962815405599240e-18
-2.424239999999978323e+01;1.217136052516340084e-17;2.784051923101551029e+00;-1.140164770128206175e-17;4.259629881733312917e-18
-2.417579999999978568e+01;9.863829130644292537e-18;2.611750169402140109e+00;-8.511366862418649070e-18;4.985153884472239852e-18
-2.410919999999978458e+01;7.246369493952615871e-18;2.591152704512421856e+00;-6.176040747254515079e-18;3.790302300759002098e-18
-2.404259999999978348e+01;3.728726459278034998e-18;2.046717026769974801e+00;-1.708342221657661890e-18;3.314357835512314203e-18
-2.397599999999978237e+01;5.709087418874790058e-19;1.605040036566549588e+00;-1.954621265598657771e-20;5.705740417635129826e-19
-2.390939999999978838e+01;1.249399663268712619e-18;-1.079685413484179346e+00;5.892241188202251401e-19;-1.101732479496044259e-18
-2.384279999999978727e+01;5.841682782153273150e-18;-1.641375011809750983e+00;-4.119560738835934272e-19;-5.827139085391425634e-18
-2.377619999999978617e+01;7.935030411937985250e-18;-2.077529963766989951e+00;-3.851060281856825714e-18;-6.937870159053536025e-18
-2.370959999999978862e+01;1.182454862494957308e-17;-2.416943112024978024e+00;-8.853415308972625171e-18;-7.838175014035219372e-18
-2.364299999999978752e+01;1.541876066778057180e-17;-2.562484821568248528e+00;-1.290475095824440603e-17;-8.438340075867247456e-18
-2.357639999999978642e+01;1.964287789617317566e-17;-2.726828379878693198e+00;-1.797738455238710353e-17;-7.915573049347869324e-18
-2.350979999999978887e+01;2.284435293293254476e-17;-2.905558930817400576e+00;-2.221095045292397379e-17;-5.342110154437099000e-18
-2.344319999999979132e+01;2.668982219935402193e-17;3.010538022757771159e+00;-2.646094699589838946e-17;3.487820682516032125e-18
-2.337659999999979021e+01;3.381279753932384381e-17;2.617563031710139487e+00;-2.927545486540282360e-17;1.691901356046110646e-17
-2.330999999999979266e+01;3.772757726138662647e-17;2.351039239908457201e+00;-2.653954302500293891e-17;2.681459941968022110e-17
-2.324339999999979156e+01;4.164211386258446454e-17;2.048798418930033893e+00;-1.915562726655520999e-17;3.697468851754204902e-17
-2.317679999999979046e+01;4.559514544358802693e-17;1.820892608955458014e+00;-1.128467297791000322e-17;4.417661648206632121e-17
-2.311019999999979291e+01;4.296923036832864313e-17;1.587228211449817961e+00;-7.060336638032706815e-19;4.296342950594229890e-17
-2.304359999999979536e+01;4.070920061789576723e-17;1.356564095117100299e+00;8.654665076728267065e-18;3.977858453185263275e-17
-2.297699999999979426e+01;3.136092100463491662e-17;1.119177971999423704e+00;1.368660235081655474e-17;2.821673762768428159e-17
-2.291039999999979671e+01;2.068649101554560559e-17;7.984563513751015140e-01;1.443530700073419550e-17;1.481731495011168997e-17
-2.284379999999979560e+01;9.423171903534738020e-18;7.620195116419193893e-01;6.817130095073017583e-18;6.505605735857058409e-18
-2.277719999999979450e+01;5.355440979226350352e-19;-1.888811239590918456e+00;-1.674547998611473885e-19;-5.086908401212193527e-19
-2.271059999999979340e+01;8.735430401753146155e-18;-2.849517141782750951e+00;-8.365470203142348031e-18;-2.515283797946198386e-18
-2.264399999999979940e+01;1.305341961397864562e-17;-2.980873870297493511e+00;-1.288519383964093263e-17;-2.088909603951718708e-18
-2.257739999999979830e+01;1.350805358248808195e-17;3.121218348942303766e+00;-1.350524999994640968e-17;2.751981582724866560e-19
-2.251079999999979719e+01;1.233638072433629155e-17;2.963363391623960119e+00;-1.214096214871793180e-17;2.187081955294415515e-18
-2.244419999999979964e+01;6.512271910151595007e-18;2.710565149633911375e+00;-5.916639551529341641e-18;2.720856822588829068e-18
-2.237759999999979854e+01;2.605107774300270254e-18;2.466358988636708105e+00;-2.033445303340560901e-18;1.628400047298550984e-18
-2.231099999999979744e+01;2.179360752626456562e-18;-6.444340098844545395e-01;1.742267966780716172e-18;-1.309242384747127068e-18
-2.224439999999980344e+01;3.956670623400602808e-18;-8.022560798918216829e-01;2.750228434135200181e-18;-2.844553740423189815e-18
-2.217779999999980234e+01;3.692206253290391912e-18;-8.201116314149050623e-01;2.518600038376274424e-18;-2.699822376292133488e-18
-2.211119999999980124e+01;4.622337812413560972e-18;-8.066103482140574155e-01;3.198424562266478982e-18;-3.337077639426248822e-18
-2.204459999999980369e+01;1.208900581466789773e-18;-4.744953790861254350e-01;1.075345344526953393e-18;-5.523341433181095556e-19
-2.197799999999980258e+01;2.598248709570913136e-18;9.514050818867766379e-01;1.508386267210708920e-18;2.115577279533190901e-18
-2.191139999999980148e+01;5.161223075707291793e-18;1.004419739975629611e+00;2.769398538100133247e-18;4.355301984292511376e-18
-2.184479999999980393e+01;4.347070533066877775e-18;6.777006264178641048e-01;3.386439637086123730e-18;2.725628148488042546e-18
-2.177819999999980638e+01;6.394276634919214820e-18;6.761097214879966399e-01;4.987618955705532117e-18;4.001303642134728704e-18
-2.171159999999980528e+01;4.342477062316162989e-18;7.278090961881418242e-01;3.242239542335269289e-18;2.888769597399486785e-18
-2.164499999999980773e+01;1.827550835165375154e-18;5.013125819421370144e-01;1.602675311762246118e-18;8.782789421257048543e-19
-2.157839999999980662e+01;9.462305691506943012e-19;2.741307078972542666e+00;-8.714308046376453404e-19;3.687284132309749492e-19
-2.151179999999980552e+01;5.563070062340852475e-18;2.787483908868161553e+00;-5.217914432274343432e-18;1.929019827782019104e-18
-2.144519999999980797e+01;7.176821426424209587e-18;2.456043910756549042e+00;-5.555374762130678640e-18;4.543630380990858389e-18
-2.137859999999981042e+01;8.853136012676677790e-18;2.302512153955712737e+00;-5.915198420567529973e-18;6.586990580247408391e-18
-2.131199999999980932e+01;1.139252351778696465e-17;1.943034006248866019e+00;-4.143469628385053705e-18;1.061231603100754302e-17
-2.124539999999981177e+01;1.155777920819681076e-17;1.640832965893523898e+00;-8.088064157198226556e-19;1.152944458364395592e-17
-2.117879999999981067e+01;1.529026643745663416e-17;1.561258536052405388e+00;1.458331505936254053e-19;1.528957096914758779e-17
-2.111219999999980956e+01;1.497056690097530614e-17;1.175567270700672795e+00;5.763961630577962241e-18;1.381646190809363744e-17
-2.104559999999980846e+01;1.502807834665311590e-17;8.947707240975735221e-01;9.403033802791858348e-18;1.172288761767756304e-17
-2.097899999999981446e+01;1.566697806338325721e-17;5.705032218638687036e-01;1.318578799884361856e-17;8.461039917651009253e-18
-2.091239999999981336e+01;1.551986560686205725e-17;2.215569418223818088e-01;1.514050570703154031e-17;3.410471432281051534e-18
-2.084579999999981226e+01;1.572542312836101276e-17;-1.170435480622807750e-01;1.561783324059928919e-17;-1.836359832609969780e-18
-2.077919999999981471e+01;1.459972044031698816e-17;-4.753908950276118373e-01;1.298081412207985084e-17;-6.682088121494808927e-18
-2.071259999999981360e+01;1.170812937010961343e-17;-7.519881396780754290e-01;8.550824239366115024e-18;-7.997730814092970451e-18
-2.064599999999981250e+01;1.112494825301043339e-17;-1.117615331178749560e+00;4.870809915695881864e-18;-1.000198402304855710e-17
-2.057939999999981850e+01;6.841596612257383591e-18;-1.390728421400381221e+00;1.225305195618263691e-18;-6.730978486256109731e-18
-2.051279999999981740e+01;5.806724298300800161e-18;-1.536972300539980019e+00;1.963693469144500516e-19;-5.803402980671712539e-18
-2.044619999999981630e+01;1.745224920033451888e-18;-1.250588047954510618e+00;5.493344295172981748e-19;-1.656514927808582752e-18
-2.037959999999981875e+01;5.532677909456147469e-18;8.512981892262204697e-01;3.646075052858220520e-18;4.161329301882870526e-18
-2.031299999999981765e+01;1.176420820794620453e-17;5.391666186368927471e-01;1.009530063099041444e-17;6.039991716040129683e-18
-2.024639999999981654e+01;1.999736354571654452e-17;3.181166310605983982e-01;1.899401940902223539e-17;6.254740239949192849e-18
-2.017979999999981899e+01;3.098014681370879075e-17;1.143088928088753092e-01;3.077796570789400994e-17;3.533599224961912512e-18
-2.011319999999982144e+01;4.089997935911172532e-17;-6.701967442136064212e-02;4.080815980979317663e-17;-2.739051754557834922e-18
-2.004659999999982034e+01;4.887185713035884601e-17;-2.642401099895959060e-01;4.717557578846684938e-17;-1.276414777401247368e-17
-1.997999999999982279e+01;5.689744384938020565e-17;-4.450759864617775396e-01;5.135437844710983502e-17;-2.449585538217424235e-17
-1.991339999999982169e+01;6.357908025172504174e-17;-6.224179195183983104e-01;5.165617052545045929e-17;-3.706668979421923765e-17
-1.984679999999982059e+01;6.663762654649875033e-17;-8.152375904520416938e-01;4.569311888412330403e-17;-4.850476428550095507e-17
-1.978019999999981948e+01;6.700028015024286407e-17;-9.807261980624064623e-01;3.728024860320307153e-17;-5.567064400825989165e-17
-1.971359999999982549e+01;6.214492419401675619e-17;-1.139960473394889151e+00;2.595361071927632762e-17;-5.646593392225400424e-17
-1.964699999999982438e+01;5.495026729521648449e-17;-1.328424527961702628e+00;1.318838143112020219e-17;-5.334415123556679704e-17
-1.958039999999982328e+01;4.554267679372747108e-17;-1.479171910187869310e+00;4.166985146408321405e-18;-4.535164433984213304e-17
-1.951379999999982573e+01;3.697281955572072775e-17;-1.678362250978884918e+00;-3.969350645538479265e-18;-3.675913004074836463e-17
-1.944719999999982463e+01;2.375472875449093877e-17;-1.860219182403217930e+00;-6.779578977694094287e-18;-2.276673993097489852e-17
-1.938059999999982352e+01;1.231348388787734921e-17;-2.013657689103480752e+00;-5.276654647974817951e-18;-1.112559217224057684e-17
-1.931399999999982953e+01;4.288768571665386871e-18;-2.537202821992639468e+00;-3.529008866727365486e-18;-2.437136081523639319e-18
-1.924739999999982842e+01;4.731991786474827949e-18;5.077079673276309046e-01;4.135103701144377884e-18;2.300578981049619101e-18
-1.918079999999982732e+01;9.503798075274721940e-18;2.860059583806257022e-01;9.117737968357211718e-18;2.681237064485875422e-18
-1.911419999999982977e+01;1.432419902962187964e-17;5.237603606142497703e-02;1.430455609726132346e-17;7.499017939199124277e-19
-1.904759999999982867e+01;1.782062661167614399e-17;-3.549630732987937853e-01;1.670967669386345461e-17;-6.193661083667442909e-18
-1.898099999999982757e+01;2.023607743940431279e-17;-7.788945038841664781e-01;1.440182561103224845e-17;-1.421570431610702189e-17
-1.891439999999983357e+01;2.105931029717275133e-17;-1.109349657850647652e+00;9.376530148780390209e-18;-1.885670258983841222e-17
-1.884779999999983247e+01;2.206996378563736843e-17;-1.528012595015248776e+00;9.439473750974093215e-19;-2.204976790926362071e-17
-1.878119999999983136e+01;2.057640029686480546e-17;-1.963737605286897336e+00;-7.878851449242292256e-18;-1.900820741199944649e-17
-1.871459999999983381e+01;2.330754682374199800e-17;-2.313469690257794475e+00;-1.576195449728744135e-17;-1.716981448258442484e-17
-1.864799999999983271e+01;1.889192902636409515e-17;-2.663552147922415791e+00;-1.677410737808872328e-17;-8.691047348020121186e-18
-1.858139999999983161e+01;1.721005886694289332e-17;-3.090835506384642883e+00;-1.718789459201511300e-17;-8.731584606572218701e-19
-1.851479999999983406e+01;1.407199272699143919e-17;2.878699616645385095e+00;-1.358850989512082044e-17;3.656962966548006098e-18
-1.844819999999983651e+01;1.167219758801176353e-17;2.487041482393541170e+00;-9.259802455800595100e-18;7.106071700534472893e-18
-1.838159999999983540e+01;8.551939259611883040e-18;2.139410849372855417e+00;-4.604920797746763409e-18;7.206272930341339536e-18
-1.831499999999983785e+01;7.223685954950817870e-18;1.689787296314406273e+00;-8.575264493939002289e-19;7.172606720317488395e-18
-1.824839999999983675e+01;4.048145955867743589e-18;1.313479839162047025e+00;1.030197726238160282e-18;3.914866322732117819e-18
-1.818179999999983565e+01;1.187690241054166138e-18;-1.260418815621990651e+00;3.627421339387419487e-19;-1.130940428564153335e-18
-1.811519999999983455e+01;2.262019824057951292e-18;-6.395112337486937859e-01;1.815016547035525257e-18;-1.349980969650462516e-18
-1.804859999999984055e+01;7.509653255938818080e-19;-2.780622574673305092e+00;-7.025691020182510014e-19;-2.652274064526386918e-19
-1.798199999999983945e+01;6.660947643770445832e-18;-2.811867878312412916e+00;-6.302132334660112284e-18;-2.156699225548741857e-18
-1.791539999999983834e+01;6.655122439419736399e-18;2.318905717339253769e+00;-4.527175022391764358e-18;4.878046842774291503e-18
-1.784879999999984079e+01;9.872505203185295893e-18;3.043311019347665791e+00;-9.824862926686580419e-18;9.687246557925208077e-19
-1.778219999999983969e+01;1.408806552355538554e-17;2.810007244090469758e+00;-1.332065216132301871e-17;4.586263859944201861e-18
-1.771559999999983859e+01;1.381818541217697624e-17;2.419159891979227428e+00;-1.036639413295950461e-17;9.136745633180524133e-18
-1.764899999999984459e+01;1.742037825880761389e-17;2.269057691979175395e+00;-1.119933354990368445e-17;1.334333191964955588e-17
-1.758239999999984349e+01;1.705818455838083432e-17;2.021774622997616344e+00;-7.434745427120659582e-18;1.535272682169818294e-17
-1.751579999999984238e+01;1.565982278413855476e-17;1.927992056328417414e+00;-5.475431100096961399e-18;1.467139066001297396e-17
-1.744919999999984483e+01;1.592761945897764944e-17;1.684400369346573889e+00;-1.805552396516767242e-18;1.582494998960300115e-17
-1.738259999999984373e+01;1.506447655902213396e-17;1.609064921050039176e+00;-5.763556396697021401e-19;1.505344705288288134e-17
-1.731599999999984263e+01;1.363484712661493575e-17;1.433585268997113804e+00;1.864986938762577865e-18;1.350669759357943801e-17
-1.724939999999984863e+01;1.149846395819200209e-17;1.425977695160194347e+00;1.659377395320211702e-18;1.137809914079415800e-17
-1.718279999999984753e+01;8.494602025242831011e-18;1.111643313975937630e+00;3.764714201055737640e-18;7.614800755872006070e-18
-1.711619999999984643e+01;4.942027117502732614e-18;9.183110368960905046e-01;3.000616177321625621e-18;3.926822454164195798e-18
-1.704959999999984888e+01;3.649563265500998967e-18;1.041456248583606969e+00;1.842897502701371066e-18;3.150085843819397635e-18
-1.698299999999984777e+01;3.034486155265755120e-19;-9.078182767890402571e-01;1.867625380658860645e-19;-2.391669221280064708e-19
-1.691639999999984667e+01;2.304048626885053793e-18;-1.429231584282163681e+00;3.250836957582478536e-19;-2.280999926743326088e-18
-1.684979999999984557e+01;3.688950713794911307e-18;-1.318089481085912062e+00;9.223326546065664132e-19;-3.571786645791485641e-18
-1.678319999999985157e+01;5.194042077702747325e-18;-1.664266591534683482e+00;-4.847818697169902381e-19;-5.171369223304440130e-18
-1.671659999999985047e+01;8.325655376350539447e-18;-1.476980002363213806e+00;7.799371068938147732e-19;-8.289043102496497271e-18
-1.664999999999984936e+01;1.153991254570943793e-17;-1.764418319650842060e+00;-2.220446049250313127e-18;-1.132427485117659753e-17
-1.658339999999985181e+01;1.413256137272309628e-17;-1.855355179112887720e+00;-3.967491494001197559e-18;-1.356422877272471922e-17
-1.651679999999985426e+01;1.787799595132838104e-17;-2.226477965571711515e+00;-1.090020830311879434e-17;-1.417068093580312166e-17
-1.645019999999985316e+01;1.877644175001965117e-17;-2.546412546099271701e+00;-1.554778628056702808e-17;-1.052716042272049457e-17
-1.638359999999985206e+01;2.098261050949793445e-17;-2.922839716296965040e+00;-2.048257048660874609e-17;-4.553487680272942704e-18
-1.631699999999985451e+01;2.130178729216968041e-17;3.060873239712845972e+00;-2.123242774861651160e-17;1.717601158773832081e-18
-1.625039999999985341e+01;2.067162901776314148e-17;2.570651540888086117e+00;-1.739295874135746903e-17;1.117144719673615422e-17
-1.618379999999985586e+01;1.950222208384767680e-17;2.234507776333813034e+00;-1.201423935849711559e-17;1.536211960780330754e-17
-1.611719999999985475e+01;1.918886785002730969e-17;1.727765203801869376e+00;-2.999701148149965995e-18;1.895295339485641961e-17
-1.605059999999985720e+01;1.677308134917018735e-17;1.288767756673149911e+00;4.668026483305192114e-18;1.611042478325888734e-17
-1.598399999999985610e+01;1.261813858495629775e-17;9.161485080124982527e-01;7.682931073013768003e-18;1.000949506601019488e-17
-1.591739999999985677e+01;1.047680314256872025e-17;4.446305339269076007e-01;9.458139836670955900e-18;4.506328318943893310e-18
-1.585079999999985922e+01;6.054837346940479901e-18;-1.003113415344409898e-01;6.024399890092361991e-18;-6.063507748493164743e-19
-1.578419999999985812e+01;4.519950290239035232e-19;-1.241042468301040369e+00;1.463605818962095815e-19;-4.276424748891559311e-19
-1.571759999999985880e+01;3.094243762443926689e-18;2.425988832221441349e+00;-2.335217189580717022e-18;2.030050526196302640e-18
-1.565099999999985947e+01;7.232336384235690918e-18;1.742421208476768735e+00;-1.235164325898068672e-18;7.126082981748679890e-18
-1.558439999999986014e+01;1.138989507796453063e-17;1.280429729388066651e+00;3.260966775358502215e-18;1.091310247258077463e-17
-1.551779999999986082e+01;1.456463219485980482e-17;8.356960670934800994e-01;9.767938482522517711e-18;1.080351279784507862e-17
-1.545119999999986149e+01;1.981447648517700960e-17;5.463234262227386617e-01;1.693029028428758088e-17;1.029459806264383594e-17
-1.538459999999986216e+01;2.593807834366747277e-17;8.544222488651999348e-02;2.584345709519477038e-17;2.213511583673915751e-18
-1.531799999999986284e+01;2.820237951121705997e-17;-2.038533318646453263e-01;2.761841440746311907e-17;-5.709412904349242860e-18
-1.525139999999986351e+01;3.425289882694048603e-17;-5.542946010292766346e-01;2.912427853242226375e-17;-1.802879580045514376e-17
-1.518479999999986418e+01;3.267620078001946495e-17;-9.312850930462018839e-01;1.950126552576747922e-17;-2.621897672125397089e-17
-1.511819999999986486e+01;3.263631927393333695e-17;-1.132589942452081111e+00;1.384811258126326158e-17;-2.955264985896816040e-17
-1.505159999999986553e+01;3.044815523088914677e-17;-1.369921116986678733e+00;6.075229631362842110e-18;-2.983591362587264171e-17
-1.498499999999986620e+01;2.747045416513960538e-17;-1.588079070348685784e+00;-4.747411801562876474e-19;-2.746635164798739562e-17
-1.491839999999986510e+01;2.244522678256496724e-17;-1.795377482626009158e+00;-4.998508365260841491e-18;-2.188157031483776301e-17
-1.485179999999986755e+01;1.612888210399573041e-17;-1.930194051884654982e+00;-5.672697225407761306e-18;-1.509838879196865915e-17
-1.478519999999986823e+01;1.289729871974270550e-17;-2.050421477716666718e+00;-5.951415338281935083e-18;-1.144207016835412394e-17
-1.471859999999986712e+01;4.819604205845720255e-18;-1.977812445877946468e+00;-1.907941431537581053e-18;-4.425872139457723066e-18
-1.465199999999986957e+01;3.504557219714844350e-18;-1.857024144689546130e+00;-9.894610159137825073e-19;-3.361976829819370837e-18
-1.458539999999987025e+01;4.152581632984861324e-18;1.625068029219342458e+00;-2.252570573148119110e-19;4.146467590218581176e-18
-1.451879999999986914e+01;6.115973110258529175e-18;5.499064171234174792e-01;5.214316190141915734e-18;3.196253080503684010e-18
-1.445219999999986982e+01;7.190875938757806839e-18;5.416737767639666634e-01;6.161479982503593263e-18;3.707406262040010791e-18
-1.438559999999987227e+01;1.291273262336143297e-17;5.435726900066670808e-01;1.105157350432249133e-17;6.678426976540186243e-18
-1.431899999999987116e+01;1.227361871576294562e-17;3.892777182874173625e-01;1.135534856027138151e-17;4.658087102520640649e-18
-1.425239999999987184e+01;1.412739858092658325e-17;3.019173919888000213e-01;1.348838957594080546e-17;4.200801984385585189e-18
-1.418579999999987251e+01;1.413855612203221173e-17;5.503037252205252028e-02;1.411715333314268457e-17;7.776573695355413659e-19
-1.411919999999987319e+01;1.351305407715472137e-17;1.175565587568284248e-01;1.341978943153346604e-17;1.584891827668533135e-18
-1.405259999999987386e+01;1.446056437152426824e-17;-1.156381319250785744e-01;1.436398744667229168e-17;-1.668468331985315590e-18
-1.398599999999987453e+01;1.365820703917647028e-17;-2.997551868824060994e-01;1.304917130288808280e-17;-4.033081679422301723e-18
-1.391939999999987521e+01;1.310789569981676252e-17;-5.148147333543040549e-01;1.140890213555283051e-17;-6.453981851435035996e-18
-1.385279999999987588e+01;1.180776851198209807e-17;-6.340043006094915334e-01;9.513069494964547653e-18;-6.994634087393769048e-18
-1.378619999999987655e+01;1.055887610223797365e-17;-8.416860951152429493e-01;7.034390187155000639e-18;-7.874466282693045104e-18
-1.371959999999987723e+01;9.001468765542885261e-18;-1.311177405996075462e+00;2.310787409145455113e-18;-8.699810428209284220e-18
-1.365299999999987790e+01;7.896072405970337207e-18;-1.591401930784031693e+00;-1.626918275846269835e-19;-7.894396164974452395e-18
-1.358639999999987857e+01;6.114042463880411895e-18;-1.901601871126848975e+00;-1.985871576078551904e-18;-5.782545229693940401e-18
-1.351979999999987925e+01;3.879107921422248140e-18;-1.893593657812152165e+00;-1.230533144323626782e-18;-3.678758818781389125e-18
-1.345319999999987814e+01;1.959505882869005660e-18;-2.771575156946417540e+00;-1.826888520291085319e-18;-7.086195307969500916e-19
-1.338659999999988059e+01;2.469709142597542391e-18;1.281960732762355837e-01;2.449443032253787634e-18;3.157405276065429544e-19
-1.331999999999988127e+01;6.786832896557978399e-18;4.249045388035464083e-02;6.780707212987625840e-18;2.882888439380662355e-19
-1.325339999999988017e+01;1.168509426644898830e-17;-1.845290416602568540e-01;1.148671376591353054e-17;-2.144023058591401369e-18
-1.318679999999988262e+01;1.865111450198478707e-17;-3.565106350219067743e-01;1.747833870709838786e-17;-6.509358509568631298e-18
-1.312019999999988329e+01;2.458945597527623325e-17;-6.966626673222027222e-01;1.885981502138924158e-17;-1.577810896524132893e-17
-1.305359999999988219e+01;3.184934282209166468e-17;-9.576914341148663468e-01;1.832641805370166170e-17;-2.604847480218524824e-17
-1.298699999999988464e+01;4.019128816593269380e-17;-1.208487972548741851e+00;1.424514593617786527e-17;-3.758211624821088184e-17
-1.292039999999988531e+01;4.670872413171786717e-17;-1.444655589440817067e+00;5.876260586949382293e-18;-4.633761400339025450e-17
-1.285379999999988421e+01;5.394359539889014312e-17;-1.752920559367173059e+00;-9.770214410952766714e-18;-5.305143160107154656e-17
-1.278719999999988488e+01;5.746948366662471831e-17;-1.954097983427287355e+00;-2.149270036173385948e-17;-5.329920622363123290e-17
-1.272059999999988555e+01;5.778465829541823632e-17;-2.165105829934857784e+00;-3.235575590294850584e-17;-4.787663098284027099e-17
-1.265399999999988623e+01;5.377989555571867536e-17;-2.384079665292755834e+00;-3.907362839310413403e-17;-3.695306117470670124e-17
-1.258739999999988690e+01;4.657663214753556032e-17;-2.563465905553795388e+00;-3.900735972739642967e-17;-2.545208339810976243e-17
-1.252079999999988758e+01;3.402707669011637456e-17;-2.766032421003878028e+00;-3.165546696163037712e-17;-1.248091981851453287e-17
-1.245419999999988825e+01;2.380262931238748218e-17;-2.866090407440008203e+00;-2.290500104726641664e-17;-6.475035846051520179e-18
-1.238759999999988892e+01;1.172678571014220216e-17;-2.970147226865173185e+00;-1.155486161192180988e-17;-2.000668943361450420e-18
-1.232099999999988960e+01;3.738710862120503615e-18;-2.794523753685903777e+00;-3.515785531028618388e-18;-1.271696115566787530e-18
-1.225439999999989027e+01;5.256996365296285435e-19;1.815163159381214975e+00;-1.271888303288128176e-19;5.100814731853843352e-19
-1.218779999999989094e+01;5.580327104655857658e-18;1.752250406898014035e+00;-1.007025668562063724e-18;5.488711132662562731e-18
-1.212119999999989162e+01;1.614968541130410345e-17;1.766524153655297136e+00;-3.140799158850585857e-18;1.584132947475849027e-17
-1.205459999999989229e+01;3.007540249616207668e-17;1.725733959148206598e+00;-4.641190369629066220e-18;2.971513397679731920e-17
-1.198799999999989119e+01;4.298733197537738841e-17;1.543743667655621543e+00;1.162779797764452904e-18;4.297160287333035833e-17
-1.192139999999989364e+01;5.423970485785155916e-17;1.374104827308702204e+00;1.059983221373551845e-17;5.319388254402475421e-17
-1.185479999999989431e+01;5.898614819033331361e-17;1.203193161021339996e+00;2.119842785700822638e-17;5.504536615123182723e-17
-1.178819999999989321e+01;5.921069353180174222e-17;1.037471651770085268e+00;3.010266301146331109e-17;5.098760543637274830e-17
-1.172159999999989566e+01;5.604345788474330300e-17;8.409792384247660735e-01;3.736604089582087469e-17;4.176898561673288220e-17
-1.165499999999989633e+01;4.813292694063343880e-17;6.415777617068745275e-01;3.856181609059544787e-17;2.880564173330373996e-17
-1.158839999999989523e+01;3.913329554890304932e-17;3.849195339977942165e-01;3.626985946075063127e-17;1.469394825141266037e-17
-1.152179999999989768e+01;2.913523829600752723e-17;1.451696971464778163e-01;2.882877555312533911e-17;4.214713593195449520e-18
-1.145519999999989835e+01;1.979395272710242393e-17;-1.934925042520156402e-01;1.942457098455044358e-17;-3.806127510860145402e-18
-1.138859999999989725e+01;1.378618177058518119e-17;-4.215480938716016368e-01;1.257929247580751610e-17;-5.640940402070169391e-18
-1.132199999999989970e+01;8.950815408402517155e-18;-7.548769861217493604e-01;6.519378654787289162e-18;-6.133090446976940119e-18
-1.125539999999989860e+01;4.280452193737265687e-18;-1.131561325600076495e+00;1.820250338189028449e-18;-3.874139864433509815e-18
-1.118879999999989927e+01;2.652094484123478172e-18;-1.232997122131149537e+00;8.789345477997574691e-19;-2.502214861558098218e-18
-1.112219999999990172e+01;7.200866632414944557e-19;2.179550140827932747e+00;-4.117783768024423108e-19;5.907312172013726231e-19
-1.105559999999990062e+01;1.080462073308702380e-18;1.551366084677837209e+00;2.099231873774913672e-20;1.080258123974336351e-18
-1.098899999999990129e+01;2.335703710318236416e-18;2.379869108945600331e+00;-1.690226262501411913e-18;1.612031948797816170e-18
-1.092239999999990196e+01;1.912986951451029252e-18;1.973123805845304668e+00;-7.490511521262376460e-19;1.760239031472788248e-18
-1.085579999999990264e+01;2.948257707091314062e-18;1.806740315027409505e+00;-6.891874449903397671e-19;2.866573594570880609e-18
-1.078919999999990331e+01;3.590912330123100383e-18;1.936996216016804162e+00;-1.285797555342555097e-18;3.352816131150830148e-18
-1.072259999999990399e+01;5.893560275059759523e-18;1.941490633990354375e+00;-2.135016859460484260e-18;5.493246374010722649e-18
-1.065599999999990466e+01;7.498776071164276135e-18;1.862750294924963246e+00;-2.158328144029938759e-18;7.181452651668339705e-18
-1.058939999999990533e+01;1.171413159403280150e-17;1.719675892861325384e+00;-1.737559320946576601e-18;1.158454861479328910e-17
-1.052279999999990423e+01;1.270404267288784801e-17;1.583832869798323939e+00;-1.656121075263995806e-19;1.270296315291814318e-17
-1.045619999999990668e+01;1.364445530435467415e-17;1.500789051599775714e+00;9.544310773030785541e-19;1.361103309345806042e-17
-1.038959999999990735e+01;1.595716101649135513e-17;1.274411005039595812e+00;4.660529022818497778e-18;1.526140415996175298e-17
-1.032299999999990625e+01;1.634872786413485156e-17;1.145757315024170442e+00;6.741501302286326797e-18;1.489406133218240668e-17
-1.025639999999990870e+01;1.605464566270556250e-17;8.257401489003475259e-01;1.088526015667448845e-17;1.180096431129869236e-17
-1.018979999999990937e+01;1.340150303258684327e-17;5.586383329963378053e-01;1.136417470020477427e-17;7.103225810549741604e-18
-1.012319999999990827e+01;1.146916922140754600e-17;4.124205885659768533e-01;1.050751686067239295e-17;4.597165654179493910e-18
-1.005659999999991072e+01;9.433715413834543194e-18;1.839010027093621324e-01;9.274642347391315704e-18;1.725107485693332031e-18
-9.989999999999911395e+00;4.436031646069153875e-18;-2.137450088877627941e-01;4.335082532499806098e-18;-9.409761959486924106e-19
-9.923399999999910293e+00;1.017876810289783389e-18;1.156592187872482747e+00;4.096562251487534811e-19;9.318020058588505964e-19
-9.856799999999912743e+00;8.355176748190465776e-18;2.935293706860148788e+00;-8.178011372406496095e-18;1.711463843115781430e-18
-9.790199999999911640e+00;1.750541315015668802e-17;2.610322661209216299e+00;-1.509254317448128520e-17;8.868744560764905014e-18
-9.723599999999912313e+00;2.188934285287866926e-17;2.375459332605960761e+00;-1.577339539621765446e-17;1.517706586285538566e-17
-9.656999999999914763e+00;2.904297329283371407e-17;2.247235701800074814e+00;-1.818149373125997697e-17;2.264790461363713555e-17
-9.590399999999913661e+00;3.689324032279651676e-17;2.033247595875371516e+00;-1.645966965248094332e-17;3.301803229217054063e-17
-9.523799999999914334e+00;4.233513408645851516e-17;1.894561222183078320e+00;-1.346841890229561552e-17;4.013558608505310150e-17
-9.457199999999916784e+00;4.316118631482366856e-17;1.789347330600634889e+00;-9.358006542817784236e-18;4.213449557841533945e-17
-9.390599999999915681e+00;3.968971330716655199e-17;1.709162455200653907e+00;-5.474205427170913827e-18;3.931038561685965446e-17
-9.323999999999916355e+00;3.398036250638226881e-17;1.648713897452652288e+00;-2.644989046444389328e-18;3.387726478051820796e-17
-9.257399999999917029e+00;2.577440129771484689e-17;1.711740196992935781e+00;-3.620728296543089230e-18;2.551881832801544624e-17
-9.190799999999917702e+00;1.960287100443891357e-17;2.005571603902369215e+00;-8.256858572872521209e-18;1.777911241103597615e-17
-9.124199999999918376e+00;1.973809237931037318e-17;2.578500124535449523e+00;-1.669069579657240367e-17;1.053626900759802286e-17
-9.057599999999917273e+00;2.407063258055907262e-17;2.770524538528592817e+00;-2.243239897416958460e-17;8.728277555849568879e-18
-8.990999999999919723e+00;2.616996585679230808e-17;2.839824240309007042e+00;-2.498740774369210844e-17;7.777953920932593825e-18
-8.924399999999920396e+00;2.394749754753395124e-17;2.695798855712593145e+00;-2.160707710942732123e-17;1.032554393610363751e-17
-8.857799999999919294e+00;1.701343345157945931e-17;2.642833789201064487e+00;-1.494080455182662843e-17;8.138137204264846634e-18
-8.791199999999921744e+00;6.996338391183108454e-18;2.517915750338526770e+00;-5.679183586535702599e-18;4.086027982572577198e-18
-8.724599999999922417e+00;8.399465660486920815e-18;-6.168748914070176781e-01;6.851362474539474425e-18;-4.858997388780048436e-18
-8.657999999999921314e+00;2.197371548434137582e-17;-9.552781154507289374e-01;1.268722133489567817e-17;-1.794097508459760234e-17
-8.591399999999923764e+00;3.414427816936879626e-17;-1.061213752317483383e+00;1.665601930202479588e-17;-2.980618648398033562e-17
-8.524799999999924438e+00;4.434454730637570317e-17;-1.307210934101315170e+00;1.155369596192285125e-17;-4.281297683444635536e-17
-8.458199999999923335e+00;5.238489645722187752e-17;-1.488134612372888688e+00;4.325295660090390845e-18;-5.220602641732715635e-17
-8.391599999999925785e+00;5.601741805748565256e-17;-1.672829517497391061e+00;-5.705723696710130075e-18;-5.572607866092786513e-17
-8.324999999999924682e+00;5.946583965581618330e-17;-1.890558705593243571e+00;-1.869255110344383226e-17;-5.645152450746021753e-17
-8.258399999999927132e+00;5.910586508107541919e-17;-2.113228900626915152e+00;-3.051168334688586574e-17;-5.062154152454919922e-17
-8.191799999999926030e+00;5.923796143880129697e-17;-2.350201191193746819e+00;-4.163576875243776606e-17;-4.213785514022321542e-17
-8.125199999999926703e+00;5.833808551710399530e-17;-2.561853136006725595e+00;-4.880595574372189535e-17;-3.195795528100629153e-17
-8.058599999999927377e+00;4.997769418878820898e-17;-2.833668081325396493e+00;-4.762697562782704239e-17;-1.514731358935977042e-17
-7.991999999999928050e+00;4.489772302011980558e-17;-3.086263119642932651e+00;-4.482901656405918758e-17;-2.482902795258467671e-18
-7.925399999999929612e+00;3.901475798375045942e-17;2.935647015635095336e+00;-3.819029991123731479e-17;7.978241236034909343e-18
-7.858799999999929398e+00;3.215681691215359356e-17;2.735108878931180598e+00;-2.953657497936504609e-17;1.271422873831181229e-17
-7.792199999999930071e+00;2.492511411368883954e-17;2.513513086434657318e+00;-2.016834129196899586e-17;1.464579540725149501e-17
-7.725599999999930745e+00;1.663460434464929625e-17;2.218807263591363377e+00;-1.004067627000776713e-17;1.326253677634592535e-17
-7.658999999999931418e+00;7.346789519381039593e-18;2.056816280395536545e+00;-3.431762115786578704e-18;6.496023785573687436e-18
-7.592399999999932092e+00;9.158064351165026197e-19;1.692307663167316623e+00;-1.110072221343837927e-19;9.090538065674683942e-19
-7.525799999999932766e+00;6.748548535327838490e-18;-1.675877039271038482e+00;-7.078379555928759274e-19;-6.711324218237232842e-18
-7.459199999999932551e+00;1.237524556506540188e-17;-1.753551015943800584e+00;-2.249065672948240653e-18;-1.216915799858136349e-17
-7.392599999999934113e+00;1.940394137884854427e-17;-2.038013813131265728e+00;-8.739607659656846292e-18;-1.732432391145634781e-17
-7.325999999999934786e+00;2.188834730073838377e-17;-2.259360659681313166e+00;-1.390849663581466507e-17;-1.690128601288296935e-17
-7.259399999999934572e+00;2.520903224758687807e-17;-2.548055225056713002e+00;-2.089746584080672876e-17;-1.409933432088873037e-17
-7.192799999999936134e+00;2.645784107222122769e-17;-2.770174373406179669e+00;-2.465377444654788347e-17;-9.602539234059867521e-18
-7.126199999999935919e+00;2.527404114457516645e-17;-2.978116772808208967e+00;-2.493707624685577688e-17;-4.113317886594703625e-18
-7.059599999999936593e+00;2.388641092562954833e-17;3.012346415263320587e+00;-2.368718214169359123e-17;3.078640786819211531e-18
-6.992999999999937266e+00;2.470612846460054228e-17;2.842203306755870962e+00;-2.360712010288149591e-17;7.286745786527318587e-18
-6.926399999999937940e+00;2.094342799249143780e-17;2.344608866245193823e+00;-1.463667562155009541e-17;1.497981651510441822e-17
-6.859799999999938613e+00;2.241842156845440534e-17;2.056325156859557080e+00;-1.046214237402020384e-17;1.982748603748525055e-17
-6.793199999999939287e+00;1.385504685316098353e-17;1.635527967235205660e+00;-8.962337075268573659e-19;1.382602938101821017e-17
-6.726599999999939072e+00;1.150962052914846514e-17;1.201613117015605026e+00;4.153290253468267631e-18;1.073412990397644224e-17
-6.659999999999940634e+00;1.116648522570291130e-17;8.882902697023159488e-01;7.043145419546713297e-18;8.665130979677085433e-18
-6.593399999999941308e+00;7.897112773326059683e-18;5.334658436984222041e-01;6.799807314285709351e-18;4.015844947606441952e-18
-6.526799999999941093e+00;6.380509752133964583e-18;2.763487468104580125e-01;6.138420925138194958e-18;1.740888635985132008e-18
-6.460199999999942655e+00;9.222560941105988976e-19;1.635214143028693723e-01;9.099533252190752960e-19;1.501374338627301820e-19
-6.393599999999942440e+00;1.745971909073732699e-18;1.358190534984322406e+00;3.684135764639066965e-19;1.706660289557253378e-18
-6.326999999999943114e+00;7.364388144725725494e-18;2.415658502802062735e+00;-5.507675858582060830e-18;4.888733924337586098e-18
-6.260399999999943788e+00;1.433671780029697971e-17;2.146597150445140212e+00;-7.806438342996107079e-18;1.202501549613772593e-17
-6.193799999999944461e+00;1.722385574755221480e-17;1.952295319844260746e+00;-6.412650144605477319e-18;1.598559116627779840e-17
-6.127199999999945135e+00;2.051028352698286607e-17;1.696580961709143631e+00;-2.573080862552863934e-18;2.034824280452709924e-17
-6.060599999999945808e+00;2.185977613953856484e-17;1.495008436594392309e+00;1.655120803140764427e-18;2.179702704493780924e-17
-5.993999999999945594e+00;1.834645743384941410e-17;1.451730249747303914e+00;2.179283000412065277e-18;1.821656460412235659e-17
-5.927399999999947156e+00;1.700405122747065314e-17;1.273796965731934572e+00;4.976274032597778553e-18;1.625959577907579162e-17
-5.860799999999947829e+00;1.511343257663623336e-17;1.333417670651107168e+00;3.554008333288804835e-18;1.468961772870359767e-17
-5.794199999999947615e+00;1.213714945912169591e-17;1.402796030674128058e+00;2.029466529859951476e-18;1.196627187545211407e-17
-5.727599999999949176e+00;1.304615049620467718e-17;1.546175919195143855e+00;3.211690936472540367e-19;1.304219663948168368e-17
-5.660999999999949850e+00;1.411522095507947513e-17;1.581694282970106613e+00;-1.538240144999867065e-19;1.411438276309941255e-17
-5.594399999999949635e+00;1.443076434935389369e-17;1.512128344418269599e+00;8.461382418079176186e-19;1.440593661593488711e-17
-5.527799999999950309e+00;1.409603044804815462e-17;1.322116886987039885e+00;3.469374734967614700e-18;1.366241242755718655e-17
-5.461199999999950982e+00;1.370457271578399108e-17;1.117400557842951558e+00;6.002886954935853208e-18;1.231992944494699562e-17
-5.394599999999951656e+00;1.044195114480280512e-17;9.445976890937606285e-01;6.119702856403902058e-18;8.460708047189109999e-18
-5.327999999999952330e+00;5.288917014170056348e-18;6.378086623326113536e-01;4.249129087411990258e-18;3.149213422632205682e-18
-5.261399999999952115e+00;1.439341198718012814e-18;-3.922102499679201992e-01;1.330046969303709664e-18;-5.501619268661024815e-19
-5.194799999999953677e+00;6.656356918491756315e-18;2.922372622220931859e+00;-6.497052756132050238e-18;1.447547204891779468e-18
-5.128199999999954350e+00;1.269204837886113904e-17;2.641674025259560743e+00;-1.113881543291458814e-17;6.083985766158190703e-18
-5.061599999999954136e+00;1.933536418761678457e-17;2.395283545538910541e+00;-1.419601925099906233e-17;1.312742723053674394e-17
-4.994999999999955698e+00;2.519532828350803557e-17;2.061383071587638227e+00;-1.187061543687240444e-17;2.222370483208473991e-17
-4.928399999999956371e+00;3.147888699233112097e-17;1.700447510010994145e+00;-4.069850567193760298e-18;3.121468632930124107e-17
-4.861799999999956157e+00;3.280388676981034181e-17;1.361426752139444085e+00;6.818067520931935344e-18;3.208752004263574788e-17
-4.795199999999956830e+00;3.508609589608463687e-17;1.100958573973375598e+00;1.588493607018340963e-17;3.128422815534104164e-17
-4.728599999999958392e+00;3.694435069534868196e-17;8.307582554858414792e-01;2.491216772941530386e-17;2.728129299212904956e-17
-4.661999999999958177e+00;3.545345137476033938e-17;5.989283932440466751e-01;2.928243127222402173e-17;1.998715670549397782e-17
-4.595399999999958851e+00;3.109068571265041840e-17;3.739506853268891318e-01;2.894205334001156030e-17;1.135730102386700819e-17
-4.528799999999958636e+00;2.326041133040630039e-17;9.706676068223427101e-02;2.315091805460118579e-17;2.254268947759910742e-18
-4.462199999999960198e+00;1.799729726718422003e-17;-1.385946663159967618e-01;1.782472339677667279e-17;-2.486351695114528912e-18
-4.395599999999960872e+00;1.304610885870704208e-17;-3.223156547108984027e-01;1.237429225776132822e-17;-4.132535235511297875e-18
-4.328999999999960657e+00;1.385053242305108908e-17;-7.811302226591464448e-01;9.835515455027337844e-18;-9.751916946729388519e-18
-4.262399999999962219e+00;2.647625658872550204e-17;-1.222349067768882414e+00;9.040021071009120444e-18;-2.488513978236292046e-17
-4.195799999999962893e+00;8.102725289619664702e-17;-1.457923291072673599e+00;9.126384321608212162e-18;-8.051164400953760498e-17
-4.129199999999963566e+00;1.496865340317365995e-16;-1.661354574423705710e+00;-1.353683036693036805e-17;-1.490731789895525964e-16
-4.062599999999963352e+00;4.905415549226164879e-16;1.306216620109898363e+00;1.282783938945069714e-16;4.734719323948824378e-16
-3.995999999999964025e+00;7.914611035579426271e-15;1.130665537654245822e+00;3.372081711184016171e-15;7.160316527753078999e-15
-3.929399999999964699e+00;5.972568433535127961e-14;9.549983928265755040e-01;3.449815669896595351e-14;4.875484133601109307e-14
-3.862799999999965372e+00;3.539151835002264295e-13;7.790986815222561424e-01;2.518273323390169236e-13;2.486743891095607899e-13
-3.796199999999966046e+00;1.818636132880610278e-12;6.031826351107710815e-01;1.497709392877503925e-12;1.031651083606002609e-12
-3.729599999999966276e+00;8.407139626390686748e-12;4.272555894925674225e-01;7.651391493769200070e-12;3.483705628595053165e-12
-3.662999999999967393e+00;3.557003038419689966e-11;2.513271387389755529e-01;3.445253489074756562e-11;8.845897418267536432e-12
-3.596399999999968067e+00;1.389784764093990793e-10;7.539814415728918195e-02;1.385836255288637860e-10;1.046879364366065778e-11
-3.529799999999968296e+00;5.037999111428065434e-10;-1.005309889418408986e-01;5.012562327317670145e-10;-5.056223506784898768e-11
-3.463199999999968970e+00;1.697635607249052291e-09;-2.764601604465337648e-01;1.633172427231969457e-09;-4.633729361206755831e-10
-3.396599999999969643e+00;5.316003044523975409e-09;-4.523893439437918773e-01;4.781241051342585941e-09;-2.323708755060456944e-09
-3.329999999999970317e+00;1.543031318754504931e-08;-6.283185312588597249e-01;1.248338559234599242e-08;-9.069710536645316943e-09
-3.263399999999970547e+00;4.128499453659171943e-08;-8.042477195015326208e-01;2.863747293534191087e-08;-2.973795416238259179e-08
-3.196799999999971220e+00;1.007475990576719036e-07;-9.801769079634325976e-01;5.610388133131265825e-08;-8.368054263356206237e-08
-3.130199999999971894e+00;2.196363870555943422e-07;-1.156106096537577788e+00;8.849291385827233241e-08;-2.010202644404470352e-07
-3.063599999999972567e+00;4.084333318773834859e-07;-1.332035285131528468e+00;9.659407333630660793e-08;-3.968467860330496353e-07
-2.996999999999972797e+00;5.638150274775232830e-07;-1.507964473725289301e+00;3.540223849251634469e-08;-5.627024673121661362e-07
-2.930399999999973915e+00;1.707765637579552808e-07;-1.683893662328064922e+00;-1.927322560750633224e-08;-1.696855253215698370e-07
-2.863799999999974588e+00;2.445349785944237790e-06;1.281769802664793456e+00;6.969717924705709693e-07;2.343921051596638085e-06
-2.797199999999974818e+00;1.174701238222406706e-05;1.105840614063452909e+00;5.267163191392677842e-06;1.049996627724887756e-05
-2.730599999999975491e+00;3.809541372279273978e-05;9.299114254624971654e-01;2.277743769649805979e-05;3.053602591518573531e-05
-2.663999999999976165e+00;1.029456931405773083e-04;7.539822368615085590e-01;7.504418062763540246e-05;7.047117630720190742e-05
-2.597399999999976838e+00;2.462496879309302453e-04;5.780530482605054088e-01;2.062410184937832932e-04;1.345494373705348652e-04
-2.530799999999977068e+00;5.348632390714272650e-04;4.021238596594862713e-01;4.921981865787941959e-04;2.093313871318041447e-04
-2.464199999999978186e+00;1.068377558872973853e-03;2.261946710584616382e-01;1.041162641403837151e-03;2.396058481096805144e-04
-2.397599999999978415e+00;1.975753378555942467e-03;5.026548245743737986e-02;1.973257916303018666e-03;9.927038139692081695e-05
-2.330999999999979089e+00;3.393844163244091015e-03;-1.256637061435893765e-01;3.367082688324796874e-03;-4.253614631927145123e-04
-2.264399999999979318e+00;5.419828136264750150e-03;-3.015928947446167574e-01;5.175201725939491612e-03;-1.609914321471776983e-03
-2.197799999999980436e+00;8.036425919711490812e-03;-4.775220833456447767e-01;7.137442777485700739e-03;-3.693379504075892245e-03
-2.131199999999981110e+00;1.102257134577949715e-02;-6.534512719466728514e-01;8.751815816959699137e-03;-6.700955079599721538e-03
-2.064599999999981783e+00;1.387993642408739611e-02;-8.293804605477008707e-01;9.373576441820278063e-03;-1.023663518086191659e-02
-1.997999999999982013e+00;1.581931317519892632e-02;-1.005309649148729223e+00;8.476411877435915260e-03;-1.335668787608236541e-02
-1.931399999999982686e+00;1.584921892789966508e-02;-1.181238837749757353e+00;6.019202029164816801e-03;-1.466175117632921923e-02
-1.864799999999983138e+00;1.298387049367271014e-02;-1.357168026350786150e+00;2.752672858965849248e-03;-1.268872275400395079e-02
-1.798199999999984033e+00;6.540638579881899103e-03;-1.533097214951814502e+00;2.465178628538005874e-04;-6.535991277222874540e-03
-1.731599999999984485e+00;3.555730465498354274e-03;1.432566250036949596e+00;4.899451344372283707e-04;3.521813866250519173e-03
-1.664999999999985159e+00;1.657706387031364012e-02;1.256637061435921465e+00;5.122594452765788682e-03;1.576572461490276592e-02
-1.598399999999985610e+00;3.100632191433249502e-02;1.080707872834892891e+00;1.459479764706031642e-02;2.735660578903344534e-02
-1.531799999999986284e+00;4.480178617929175128e-02;9.047786842338644275e-01;2.768121427449295180e-02;3.522712621183546333e-02
-1.465199999999986957e+00;5.585596761881093941e-02;7.288494956328357421e-01;4.166526446435172421e-02;3.720073730115151800e-02
-1.398599999999987409e+00;6.251077669413120097e-02;5.529203070318071678e-01;5.319632601940576383e-02;3.282907401893372934e-02
-1.331999999999988082e+00;6.395862423371861949e-02;3.769911184307785379e-01;5.946722488227396825e-02;2.354473993636526860e-02
-1.265399999999988534e+00;6.039750186918885905e-02;2.010619298297499358e-01;5.918079735791166585e-02;1.206198392141475707e-02
-1.198799999999989208e+00;5.290083555712646324e-02;2.513274122872135100e-02;5.288412890633513441e-02;1.329403046583048018e-03
-1.132199999999989659e+00;4.306740286464762896e-02;-1.507964473723074073e-01;4.257866298346452832e-02;-6.469825967242556243e-03
-1.065599999999990555e+00;3.258644316663259627e-02;-3.267256359733360371e-01;3.086256508892532696e-02;-1.045841070067646435e-02
-9.989999999999910063e-01;2.286210501782343085e-02;-5.026548245743648335e-01;2.003421534698302670e-02;-1.101390309003565451e-02
-9.323999999999915689e-01;1.479465747106156748e-02;-6.785840131753935189e-01;1.151708310581836363e-02;-9.286478687840247354e-03
-8.657999999999922425e-01;8.742796002127961597e-03;-8.545132017764225374e-01;5.740395320451122801e-03;-6.594265956099096791e-03
-7.991999999999928050e-01;4.627003416547554454e-03;-1.030442390377451778e+00;2.380313480414163532e-03;-3.967778767988628351e-03
-7.325999999999934786e-01;2.101345008886745629e-03;-1.206371578978481018e+00;7.489443224420366980e-04;-1.963347459889633589e-03
-6.659999999999940412e-01;7.236742866873055111e-04;-1.382300767579510481e+00;1.356030391713528027e-04;-7.108560254931184114e-04
-5.993999999999946038e-01;7.976028142044358450e-05;-1.558229956180538611e+00;1.002270877436636424e-06;-7.975398388392017086e-05
-5.327999999999952774e-01;1.521896167018739780e-04;1.407433508808235922e+00;2.475168783248740608e-05;1.501633556541222606e-04
-4.661999999999957844e-01;1.870759271295323063e-04;1.231504320207199354e+00;6.226252485846630767e-05;1.764108287765321571e-04
-3.995999999999964025e-01;1.488400162676707412e-04;1.055575131606147465e+00;7.333754553157686810e-05;1.295181642008733189e-04
-3.329999999999970206e-01;9.780304009644578836e-05;8.796459430050850292e-01;6.234200402783185403e-05;7.535853757803942174e-05
-2.663999999999976387e-01;5.672424803879252953e-05;7.037167544040253686e-01;4.324897810993641835e-05;3.670376285904074573e-05
-1.997999999999982013e-01;2.991289027667346173e-05;5.277875658029409500e-01;2.584244638594024990e-05;1.506482557131377898e-05
-1.331999999999988193e-01;1.475468046363355642e-05;3.518583772017894185e-01;1.385071811007834213e-05;5.085096205488904371e-06
-6.659999999999940967e-02;7.458236477826595828e-06;1.759291886008336470e-01;7.343113634553041530e-06;1.305363362908769265e-06
0.000000000000000000e+00;7.973677916542758551e-03;3.141592653589793116e+00;-7.973677916542758551e-03;0.000000000000000000e+00
6.659999999999940967e-02;7.458236477826595828e-06;-1.759291886008336470e-01;7.343113634553041530e-06;-1.305363362908769265e-06
1.331999999999988193e-01;1.475468046363355642e-05;-3.518583772017894185e-01;1.385071811007834213e-05;-5.085096205488904371e-06
1.997999999999982013e-01;2.991289027667346173e-05;-5.277875658029409500e-01;2.584244638594024990e-05;-1.506482557131377898e-05
2.663999999999976387e-01;5.672424803879252953e-05;-7.037167544040253686e-01;4.324897810993641835e-05;-3.670376285904074573e-05
3.329999999999970206e-01;9.780304009644578836e-05;-8.796459430050850292e-01;6.234200402783185403e-05;-7.535853757803942174e-05
3.995999999999964025e-01;1.488400162676707412e-04;-1.055575131606147465e+00;7.333754553157686810e-05;-1.295181642008733189e-04
4.661999999999957844e-01;1.870759271295323063e-04;-1.231504320207199354e+00;6.226252485846630767e-05;-1.764108287765321571e-04
5.327999999999952774e-01;1.521896167018739780e-04;-1.407433508808235922e+00;2.475168783248740608e-05;-1.501633556541222606e-04
5.993999999999946038e-01;7.976028142044358450e-05;1.558229956180538611e+00;1.002270877436636424e-06;7.975398388392017086e-05
6.659999999999940412e-01;7.236742866873055111e-04;1.382300767579510481e+00;1.356030391713528027e-04;7.108560254931184114e-04
7.325999999999934786e-01;2.101345008886745629e-03;1.206371578978481018e+00;7.489443224420366980e-04;1.963347459889633589e-03
7.991999999999928050e-01;4.627003416547554454e-03;1.030442390377451778e+00;2.380313480414163532e-03;3.967778767988628351e-03
8.657999999999922425e-01;8.742796002127961597e-03;8.545132017764225374e-01;5.740395320451122801e-03;6.594265956099096791e-03
9.323999999999915689e-01;1.479465747106156748e-02;6.785840131753935189e-01;1.151708310581836363e-02;9.286478687840247354e-03
9.989999999999910063e-01;2.286210501782343085e-02;5.026548245743648335e-01;2.003421534698302670e-02;1.101390309003565451e-02
1.065599999999990555e+00;3.258644316663259627e-02;3.267256359733360371e-01;3.086256508892532696e-02;1.045841070067646435e-02
1.132199999999989659e+00;4.306740286464762896e-02;1.507964473723074073e-01;4.257866298346452832e-02;6.469825967242556243e-03
1.198799999999989208e+00;5.290083555712646324e-02;-2.513274122872135100e-02;5.288412890633513441e-02;-1.329403046583048018e-03
1.265399999999988534e+00;6.039750186918885905e-02;-2.010619298297499358e-01;5.918079735791166585e-02;-1.206198392141475707e-02
1.331999999999988082e+00;6.395862423371861949e-02;-3.769911184307785379e-01;5.946722488227396825e-02;-2.354473993636526860e-02
1.398599999999987409e+00;6.251077669413120097e-02;-5.529203070318071678e-01;5.319632601940576383e-02;-3.282907401893372934e-02
1.465199999999986957e+00;5.585596761881093941e-02;-7.288494956328357421e-01;4.166526446435172421e-02;-3.720073730115151800e-02
1.531799999999986284e+00;4.480178617929175128e-02;-9.047786842338644275e-01;2.768121427449295180e-02;-3.522712621183546333e-02
1.598399999999985610e+00;3.100632191433249502e-02;-1.080707872834892891e+00;1.459479764706031642e-02;-2.735660578903344534e-02
1.664999999999985159e+00;1.657706387031364012e-02;-1.256637061435921465e+00;5.122594452765788682e-03;-1.576572461490276592e-02
1.731599999999984485e+00;3.555730465498354274e-03;-1.432566250036949596e+00;4.899451344372283707e-04;-3.521813866250519173e-03
1.798199999999984033e+00;6.540638579881899103e-03;1.533097214951814502e+00;2.465178628538005874e-04;6.535991277222874540e-03
1.864799999999983138e+00;1.298387049367271014e-02;1.357168026350786150e+00;2.752672858965849248e-03;1.268872275400395079e-02
1.931399999999982686e+00;1.584921892789966508e-02;1.181238837749757353e+00;6.019202029164816801e-03;1.466175117632921923e-02
1.997999999999982013e+00;1.581931317519892632e-02;1.005309649148729223e+00;8.476411877435915260e-03;1.335668787608236541e-02
2.064599999999981783e+00;1.387993642408739611e-02;8.293804605477008707e-01;9.373576441820278063e-03;1.023663518086191659e-02
2.131199999999981110e+00;1.102257134577949715e-02;6.534512719466728514e-01;8.751815816959699137e-03;6.700955079599721538e-03
2.197799999999980436e+00;8.036425919711490812e-03;4.775220833456447767e-01;7.137442777485700739e-03;3.693379504075892245e-03
2.264399999999979318e+00;5.419828136264750150e-03;3.015928947446167574e-01;5.175201725939491612e-03;1.609914321471776983e-03
2.330999999999979089e+00;3.393844163244091015e-03;1.256637061435893765e-01;3.367082688324796874e-03;4.253614631927145123e-04
2.397599999999978415e+00;1.975753378555942467e-03;-5.026548245743737986e-02;1.973257916303018666e-03;-9.927038139692081695e-05
2.464199999999978186e+00;1.068377558872973853e-03;-2.261946710584616382e-01;1.041162641403837151e-03;-2.396058481096805144e-04
2.530799999999977068e+00;5.348632390714272650e-04;-4.021238596594862713e-01;4.921981865787941959e-04;-2.093313871318041447e-04
2.597399999999976838e+00;2.462496879309302453e-04;-5.780530482605054088e-01;2.062410184937832932e-04;-1.345494373705348652e-04
2.663999999999976165e+00;1.029456931405773083e-04;-7.539822368615085590e-01;7.504418062763540246e-05;-7.047117630720190742e-05
2.730599999999975491e+00;3.809541372279273978e-05;-9.299114254624971654e-01;2.277743769649805979e-05;-3.053602591518573531e-05
2.797199999999974818e+00;1.174701238222406706e-05;-1.105840614063452909e+00;5.267163191392677842e-06;-1.049996627724887756e-05
2.863799999999974588e+00;2.445349785944237790e-06;-1.281769802664793456e+00;6.969717924705709693e-07;-2.343921051596638085e-06
2.930399999999973915e+00;1.707765637579552808e-07;1.683893662328064922e+00;-1.927322560750633224e-08;1.696855253215698370e-07
2.996999999999972797e+00;5.638150274775232830e-07;1.507964473725289301e+00;3.540223849251634469e-08;5.627024673121661362e-07
3.063599999999972567e+00;4.084333318773834859e-07;1.332035285131528468e+00;9.659407333630660793e-08;3.968467860330496353e-07
3.130199999999971894e+00;2.196363870555943422e-07;1.156106096537577788e+00;8.849291385827233241e-08;2.010202644404470352e-07
3.196799999999971220e+00;1.007475990576719036e-07;9.801769079634325976e-01;5.610388133131265825e-08;8.368054263356206237e-08
3.263399999999970547e+00;4.128499453659171943e-08;8.042477195015326208e-01;2.863747293534191087e-08;2.973795416238259179e-08
3.329999999999970317e+00;1.543031318754504931e-08;6.283185312588597249e-01;1.248338559234599242e-08;9.069710536645316943e-09
3.396599999999969643e+00;5.316003044523975409e-09;4.523893439437918773e-01;4.781241051342585941e-09;2.323708755060456944e-09
3.463199999999968970e+00;1.697635607249052291e-09;2.764601604465337648e-01;1.633172427231969457e-09;4.633729361206755831e-10
3.529799999999968296e+00;5.037999111428065434e-10;1.005309889418408986e-01;5.012562327317670145e-10;5.056223506784898768e-11
3.596399999999968067e+00;1.389784764093990793e-10;-7.539814415728918195e-02;1.385836255288637860e-10;-1.046879364366065778e-11
3.662999999999967393e+00;3.557003038419689966e-11;-2.513271387389755529e-01;3.445253489074756562e-11;-8.845897418267536432e-12
3.729599999999966276e+00;8.407139626390686748e-12;-4.272555894925674225e-01;7.651391493769200070e-12;-3.483705628595053165e-12
3.796199999999966046e+00;1.818636132880610278e-12;-6.031826351107710815e-01;1.497709392877503925e-12;-1.031651083606002609e-12
3.862799999999965372e+00;3.539151835002264295e-13;-7.790986815222561424e-01;2.518273323390169236e-13;-2.486743891095607899e-13
3.929399999999964699e+00;5.972568433535127961e-14;-9.549983928265755040e-01;3.449815669896595351e-14;-4.875484133601109307e-14
3.995999999999964025e+00;7.914611035579426271e-15;-1.130665537654245822e+00;3.372081711184016171e-15;-7.160316527753078999e-15
4.062599999999963352e+00;4.905415549226164879e-16;-1.306216620109898363e+00;1.282783938945069714e-16;-4.734719323948824378e-16
4.129199999999963566e+00;1.496865340317365995e-16;1.661354574423705710e+00;-1.353683036693036805e-17;1.490731789895525964e-16
4.195799999999962893e+00;8.102725289619664702e-17;1.457923291072673599e+00;9.126384321608212162e-18;8.051164400953760498e-17
4.262399999999962219e+00;2.647625658872550204e-17;1.222349067768882414e+00;9.040021071009120444e-18;2.488513978236292046e-17
4.328999999999960657e+00;1.385053242305108908e-17;7.811302226591464448e-01;9.835515455027337844e-18;9.751916946729388519e-18
4.395599999999960872e+00;1.304610885870704208e-17;3.223156547108984027e-01;1.237429225776132822e-17;4.132535235511297875e-18
4.462199999999960198e+00;1.799729726718422003e-17;1.385946663159967618e-01;1.782472339677667279e-17;2.486351695114528912e-18
4.528799999999958636e+00;2.326041133040630039e-17;-9.706676068223427101e-02;2.315091805460118579e-17;-2.254268947759910742e-18
4.595399999999958851e+00;3.109068571265041840e-17;-3.739506853268891318e-01;2.894205334001156030e-17;-1.135730102386700819e-17
4.661999999999958177e+00;3.545345137476033938e-17;-5.989283932440466751e-01;2.928243127222402173e-17;-1.998715670549397782e-17
4.728599999999958392e+00;3.694435069534868196e-17;-8.307582554858414792e-01;2.491216772941530386e-17;-2.728129299212904956e-17
4.795199999999956830e+00;3.508609589608463687e-17;-1.100958573973375598e+00;1.588493607018340963e-17;-3.128422815534104164e-17
4.861799999999956157e+00;3.280388676981034181e-17;-1.361426752139444085e+00;6.818067520931935344e-18;-3.208752004263574788e-17
4.928399999999956371e+00;3.147888699233112097e-17;-1.700447510010994145e+00;-4.069850567193760298e-18;-3.121468632930124107e-17
4.994999999999955698e+00;2.519532828350803557e-17;-2.061383071587638227e+00;-1.187061543687240444e-17;-2.222370483208473991e-17
5.061599999999954136e+00;1.933536418761678457e-17;-2.395283545538910541e+00;-1.419601925099906233e-17;-1.312742723053674394e-17
5.128199999999954350e+00;1.269204837886113904e-17;-2.641674025259560743e+00;-1.113881543291458814e-17;-6.083985766158190703e-18
5.194799999999953677e+00;6.656356918491756315e-18;-2.922372622220931859e+00;-6.497052756132050238e-18;-1.447547204891779468e-18
5.261399999999952115e+00;1.439341198718012814e-18;3.922102499679201992e-01;1.330046969303709664e-18;5.501619268661024815e-19
5.327999999999952330e+00;5.288917014170056348e-18;-6.378086623326113536e-01;4.249129087411990258e-18;-3.149213422632205682e-18
5.394599999999951656e+00;1.044195114480280512e-17;-9.445976890937606285e-01;6.119702856403902058e-18;-8.460708047189109999e-18
5.461199999999950982e+00;1.370457271578399108e-17;-1.117400557842951558e+00;6.002886954935853208e-18;-1.231992944494699562e-17
5.527799999999950309e+00;1.409603044804815462e-17;-1.322116886987039885e+00;3.469374734967614700e-18;-1.366241242755718655e-17
5.594399999999949635e+00;1.443076434935389369e-17;-1.512128344418269599e+00;8.461382418079176186e-19;-1.440593661593488711e-17
5.660999999999949850e+00;1.411522095507947513e-17;-1.581694282970106613e+00;-1.538240144999867065e-19;-1.411438276309941255e-17
5.727599999999949176e+00;1.304615049620467718e-17;-1.546175919195143855e+00;3.211690936472540367e-19;-1.304219663948168368e-17
5.794199999999947615e+00;1.213714945912169591e-17;-1.402796030674128058e+00;2.029466529859951476e-18;-1.196627187545211407e-17
5.860799999999947829e+00;1.511343257663623336e-17;-1.333417670651107168e+00;3.554008333288804835e-18;-1.468961772870359767e-17
5.927399999999947156e+00;1.700405122747065314e-17;-1.273796965731934572e+00;4.976274032597778553e-18;-1.625959577907579162e-17
5.993999999999945594e+00;1.834645743384941410e-17;-1.451730249747303914e+00;2.179283000412065277e-18;-1.821656460412235659e-17
6.060599999999945808e+00;2.185977613953856484e-17;-1.495008436594392309e+00;1.655120803140764427e-18;-2.179702704493780924e-17
6.127199999999945135e+00;2.051028352698286607e-17;-1.696580961709143631e+00;-2.573080862552863934e-18;-2.034824280452709924e-17
6.193799999999944461e+00;1.722385574755221480e-17;-1.952295319844260746e+00;-6.412650144605477319e-18;-1.598559116627779840e-17
6.260399999999943788e+00;1.433671780029697971e-17;-2.146597150445140212e+00;-7.806438342996107079e-18;-1.202501549613772593e-17
6.326999999999943114e+00;7.364388144725725494e-18;-2.415658502802062735e+00;-5.507675858582060830e-18;-4.888733924337586098e-18
6.393599999999942440e+00;1.745971909073732699e-18;-1.358190534984322406e+00;3.684135764639066965e-19;-1.706660289557253378e-18
6.460199999999942655e+00;9.222560941105988976e-19;-1.635214143028693723e-01;9.099533252190752960e-19;-1.501374338627301820e-19
6.526799999999941093e+00;6.380509752133964583e-18;-2.763487468104580125e-01;6.138420925138194958e-18;-1.740888635985132008e-18
6.593399999999941308e+00;7.897112773326059683e-18;-5.334658436984222041e-01;6.799807314285709351e-18;-4.015844947606441952e-18
6.659999999999940634e+00;1.116648522570291130e-17;-8.882902697023159488e-01;7.043145419546713297e-18;-8.665130979677085433e-18
6.726599999999939072e+00;1.150962052914846514e-17;-1.201613117015605026e+00;4.153290253468267631e-18;-1.073412990397644224e-17
6.793199999999939287e+00;1.385504685316098353e-17;-1.635527967235205660e+00;-8.962337075268573659e-19;-1.382602938101821017e-17
6.859799999999938613e+00;2.241842156845440534e-17;-2.056325156859557080e+00;-1.046214237402020384e-17;-1.982748603748525055e-17
6.926399999999937940e+00;2.094342799249143780e-17;-2.344608866245193823e+00;-1.463667562155009541e-17;-1.497981651510441822e-17
6.992999999999937266e+00;2.470612846460054228e-17;-2.842203306755870962e+00;-2.360712010288149591e-17;-7.286745786527318587e-18
7.059599999999936593e+00;2.388641092562954833e-17;-3.012346415263320587e+00;-2.368718214169359123e-17;-3.078640786819211531e-18
7.126199999999935919e+00;2.527404114457516645e-17;2.978116772808208967e+00;-2.493707624685577688e-17;4.113317886594703625e-18
7.192799999999936134e+00;2.645784107222122769e-17;2.770174373406179669e+00;-2.465377444654788347e-17;9.602539234059867521e-18
7.259399999999934572e+00;2.520903224758687807e-17;2.548055225056713002e+00;-2.089746584080672876e-17;1.409933432088873037e-17
7.325999999999934786e+00;2.188834730073838377e-17;2.259360659681313166e+00;-1.390849663581466507e-17;1.690128601288296935e-17
7.392599999999934113e+00;1.940394137884854427e-17;2.038013813131265728e+00;-8.739607659656846292e-18;1.732432391145634781e-17
7.459199999999932551e+00;1.237524556506540188e-17;1.753551015943800584e+00;-2.249065672948240653e-18;1.216915799858136349e-17
7.525799999999932766e+00;6.748548535327838490e-18;1.675877039271038482e+00;-7.078379555928759274e-19;6.711324218237232842e-18
7.592399999999932092e+00;9.158064351165026197e-19;-1.692307663167316623e+00;-1.110072221343837927e-19;-9.090538065674683942e-19
7.658999999999931418e+00;7.346789519381039593e-18;-2.056816280395536545e+00;-3.431762115786578704e-18;-6.496023785573687436e-18
7.725599999999930745e+00;1.663460434464929625e-17;-2.218807263591363377e+00;-1.004067627000776713e-17;-1.326253677634592535e-17
7.792199999999930071e+00;2.492511411368883954e-17;-2.513513086434657318e+00;-2.016834129196899586e-17;-1.464579540725149501e-17
7.858799999999929398e+00;3.215681691215359356e-17;-2.735108878931180598e+00;-2.953657497936504609e-17;-1.271422873831181229e-17
7.925399999999929612e+00;3.901475798375045942e-17;-2.935647015635095336e+00;-3.819029991123731479e-17;-7.978241236034909343e-18
7.991999999999928050e+00;4.489772302011980558e-17;3.086263119642932651e+00;-4.482901656405918758e-17;2.482902795258467671e-18
8.058599999999927377e+00;4.997769418878820898e-17;2.833668081325396493e+00;-4.762697562782704239e-17;1.514731358935977042e-17
8.125199999999926703e+00;5.833808551710399530e-17;2.561853136006725595e+00;-4.880595574372189535e-17;3.195795528100629153e-17
8.191799999999926030e+00;5.923796143880129697e-17;2.350201191193746819e+00;-4.163576875243776606e-17;4.213785514022321542e-17
8.258399999999927132e+00;5.910586508107541919e-17;2.113228900626915152e+00;-3.051168334688586574e-17;5.062154152454919922e-17
8.324999999999924682e+00;5.946583965581618330e-17;1.890558705593243571e+00;-1.869255110344383226e-17;5.645152450746021753e-17
8.391599999999925785e+00;5.601741805748565256e-17;1.672829517497391061e+00;-5.705723696710130075e-18;5.572607866092786513e-17
8.458199999999923335e+00;5.238489645722187752e-17;1.488134612372888688e+00;4.325295660090390845e-18;5.220602641732715635e-17
8.524799999999924438e+00;4.434454730637570317e-17;1.307210934101315170e+00;1.155369596192285125e-17;4.281297683444635536e-17
8.591399999999923764e+00;3.414427816936879626e-17;1.061213752317483383e+00;1.665601930202479588e-17;2.980618648398033562e-17
8.657999999999921314e+00;2.197371548434137582e-17;9.552781154507289374e-01;1.268722133489567817e-17;1.794097508459760234e-17
8.724599999999922417e+00;8.399465660486920815e-18;6.168748914070176781e-01;6.851362474539474425e-18;4.858997388780048436e-18
8.791199999999921744e+00;6.996338391183108454e-18;-2.517915750338526770e+00;-5.679183586535702599e-18;-4.086027982572577198e-18
8.857799999999919294e+00;1.701343345157945931e-17;-2.642833789201064487e+00;-1.494080455182662843e-17;-8.138137204264846634e-18
8.924399999999920396e+00;2.394749754753395124e-17;-2.695798855712593145e+00;-2.160707710942732123e-17;-1.032554393610363751e-17
8.990999999999919723e+00;2.616996585679230808e-17;-2.839824240309007042e+00;-2.498740774369210844e-17;-7.777953920932593825e-18
9.057599999999917273e+00;2.407063258055907262e-17;-2.770524538528592817e+00;-2.243239897416958460e-17;-8.728277555849568879e-18
9.124199999999918376e+00;1.973809237931037318e-17;-2.578500124535449523e+00;-1.669069579657240367e-17;-1.053626900759802286e-17
9.190799999999917702e+00;1.960287100443891357e-17;-2.005571603902369215e+00;-8.256858572872521209e-18;-1.777911241103597615e-17
9.257399999999917029e+00;2.577440129771484689e-17;-1.711740196992935781e+00;-3.620728296543089230e-18;-2.551881832801544624e-17
9.323999999999916355e+00;3.398036250638226881e-17;-1.648713897452652288e+00;-2.644989046444389328e-18;-3.387726478051820796e-17
9.390599999999915681e+00;3.968971330716655199e-17;-1.709162455200653907e+00;-5.474205427170913827e-18;-3.931038561685965446e-17
9.457199999999916784e+00;4.316118631482366856e-17;-1.789347330600634889e+00;-9.358006542817784236e-18;-4.213449557841533945e-17
9.523799999999914334e+00;4.233513408645851516e-17;-1.894561222183078320e+00;-1.346841890229561552e-17;-4.013558608505310150e-17
9.590399999999913661e+00;3.689324032279651676e-17;-2.033247595875371516e+00;-1.645966965248094332e-17;-3.301803229217054063e-17
9.656999999999914763e+00;2.904297329283371407e-17;-2.247235701800074814e+00;-1.818149373125997697e-17;-2.264790461363713555e-17
9.723599999999912313e+00;2.188934285287866926e-17;-2.375459332605960761e+00;-1.577339539621765446e-17;-1.517706586285538566e-17
9.790199999999911640e+00;1.750541315015668802e-17;-2.610322661209216299e+00;-1.509254317448128520e-17;-8.868744560764905014e-18
9.856799999999912743e+00;8.355176748190465776e-18;-2.935293706860148788e+00;-8.178011372406496095e-18;-1.711463843115781430e-18
9.923399999999910293e+00;1.017876810289783389e-18;-1.156592187872482747e+00;4.096562251487534811e-19;-9.318020058588505964e-19
9.989999999999911395e+00;4.436031646069153875e-18;2.137450088877627941e-01;4.335082532499806098e-18;9.409761959486924106e-19
1.005659999999991072e+01;9.433715413834543194e-18;-1.839010027093621324e-01;9.274642347391315704e-18;-1.725107485693332031e-18
1.012319999999990827e+01;1.146916922140754600e-17;-4.124205885659768533e-01;1.050751686067239295e-17;-4.597165654179493910e-18
1.018979999999990937e+01;1.340150303258684327e-17;-5.586383329963378053e-01;1.136417470020477427e-17;-7.103225810549741604e-18
1.025639999999990870e+01;1.605464566270556250e-17;-8.257401489003475259e-01;1.088526015667448845e-17;-1.180096431129869236e-17
1.032299999999990625e+01;1.634872786413485156e-17;-1.145757315024170442e+00;6.741501302286326797e-18;-1.489406133218240668e-17
1.038959999999990735e+01;1.595716101649135513e-17;-1.274411005039595812e+00;4.660529022818497778e-18;-1.526140415996175298e-17
1.045619999999990668e+01;1.364445530435467415e-17;-1.500789051599775714e+00;9.544310773030785541e-19;-1.361103309345806042e-17
1.052279999999990423e+01;1.270404267288784801e-17;-1.583832869798323939e+00;-1.656121075263995806e-19;-1.270296315291814318e-17
1.058939999999990533e+01;1.171413159403280150e-17;-1.719675892861325384e+00;-1.737559320946576601e-18;-1.158454861479328910e-17
1.065599999999990466e+01;7.498776071164276135e-18;-1.862750294924963246e+00;-2.158328144029938759e-18;-7.181452651668339705e-18
1.072259999999990399e+01;5.893560275059759523e-18;-1.941490633990354375e+00;-2.135016859460484260e-18;-5.493246374010722649e-18
1.078919999999990331e+01;3.590912330123100383e-18;-1.936996216016804162e+00;-1.285797555342555097e-18;-3.352816131150830148e-18
1.085579999999990264e+01;2.948257707091314062e-18;-1.806740315027409505e+00;-6.891874449903397671e-19;-2.866573594570880609e-18
1.092239999999990196e+01;1.912986951451029252e-18;-1.973123805845304668e+00;-7.490511521262376460e-19;-1.760239031472788248e-18
1.098899999999990129e+01;2.335703710318236416e-18;-2.379869108945600331e+00;-1.690226262501411913e-18;-1.612031948797816170e-18
1.105559999999990062e+01;1.080462073308702380e-18;-1.551366084677837209e+00;2.099231873774913672e-20;-1.080258123974336351e-18
1.112219999999990172e+01;7.200866632414944557e-19;-2.179550140827932747e+00;-4.117783768024423108e-19;-5.907312172013726231e-19
1.118879999999989927e+01;2.652094484123478172e-18;1.232997122131149537e+00;8.789345477997574691e-19;2.502214861558098218e-18
1.125539999999989860e+01;4.280452193737265687e-18;1.131561325600076495e+00;1.820250338189028449e-18;3.874139864433509815e-18
1.132199999999989970e+01;8.950815408402517155e-18;7.548769861217493604e-01;6.519378654787289162e-18;6.133090446976940119e-18
1.138859999999989725e+01;1.378618177058518119e-17;4.215480938716016368e-01;1.257929247580751610e-17;5.640940402070169391e-18
1.145519999999989835e+01;1.979395272710242393e-17;1.934925042520156402e-01;1.942457098455044358e-17;3.806127510860145402e-18
1.152179999999989768e+01;2.913523829600752723e-17;-1.451696971464778163e-01;2.882877555312533911e-17;-4.214713593195449520e-18
1.158839999999989523e+01;3.913329554890304932e-17;-3.849195339977942165e-01;3.626985946075063127e-17;-1.469394825141266037e-17
1.165499999999989633e+01;4.813292694063343880e-17;-6.415777617068745275e-01;3.856181609059544787e-17;-2.880564173330373996e-17
1.172159999999989566e+01;5.604345788474330300e-17;-8.409792384247660735e-01;3.736604089582087469e-17;-4.176898561673288220e-17
1.178819999999989321e+01;5.921069353180174222e-17;-1.037471651770085268e+00;3.010266301146331109e-17;-5.098760543637274830e-17
1.185479999999989431e+01;5.898614819033331361e-17;-1.203193161021339996e+00;2.119842785700822638e-17;-5.504536615123182723e-17
1.192139999999989364e+01;5.423970485785155916e-17;-1.374104827308702204e+00;1.059983221373551845e-17;-5.319388254402475421e-17
1.198799999999989119e+01;4.298733197537738841e-17;-1.543743667655621543e+00;1.162779797764452904e-18;-4.297160287333035833e-17
1.205459999999989229e+01;3.007540249616207668e-17;-1.725733959148206598e+00;-4.641190369629066220e-18;-2.971513397679731920e-17
1.212119999999989162e+01;1.614968541130410345e-17;-1.766524153655297136e+00;-3.140799158850585857e-18;-1.584132947475849027e-17
1.218779999999989094e+01;5.580327104655857658e-18;-1.752250406898014035e+00;-1.007025668562063724e-18;-5.488711132662562731e-18
1.225439999999989027e+01;5.256996365296285435e-19;-1.815163159381214975e+00;-1.271888303288128176e-19;-5.100814731853843352e-19
1.232099999999988960e+01;3.738710862120503615e-18;2.794523753685903777e+00;-3.515785531028618388e-18;1.271696115566787530e-18
1.238759999999988892e+01;1.172678571014220216e-17;2.970147226865173185e+00;-1.155486161192180988e-17;2.000668943361450420e-18
1.245419999999988825e+01;2.380262931238748218e-17;2.866090407440008203e+00;-2.290500104726641664e-17;6.475035846051520179e-18
1.252079999999988758e+01;3.402707669011637456e-17;2.766032421003878028e+00;-3.165546696163037712e-17;1.248091981851453287e-17
1.258739999999988690e+01;4.657663214753556032e-17;2.563465905553795388e+00;-3.900735972739642967e-17;2.545208339810976243e-17
1.265399999999988623e+01;5.377989555571867536e-17;2.384079665292755834e+00;-3.907362839310413403e-17;3.695306117470670124e-17
1.272059999999988555e+01;5.778465829541823632e-17;2.165105829934857784e+00;-3.235575590294850584e-17;4.787663098284027099e-17
1.278719999999988488e+01;5.746948366662471831e-17;1.954097983427287355e+00;-2.149270036173385948e-17;5.329920622363123290e-17
1.285379999999988421e+01;5.394359539889014312e-17;1.752920559367173059e+00;-9.770214410952766714e-18;5.305143160107154656e-17
1.292039999999988531e+01;4.670872413171786717e-17;1.444655589440817067e+00;5.876260586949382293e-18;4.633761400339025450e-17
1.298699999999988464e+01;4.019128816593269380e-17;1.208487972548741851e+00;1.424514593617786527e-17;3.758211624821088184e-17
1.305359999999988219e+01;3.184934282209166468e-17;9.576914341148663468e-01;1.832641805370166170e-17;2.604847480218524824e-17
1.312019999999988329e+01;2.458945597527623325e-17;6.966626673222027222e-01;1.885981502138924158e-17;1.577810896524132893e-17
1.318679999999988262e+01;1.865111450198478707e-17;3.565106350219067743e-01;1.747833870709838786e-17;6.509358509568631298e-18
1.325339999999988017e+01;1.168509426644898830e-17;1.845290416602568540e-01;1.148671376591353054e-17;2.144023058591401369e-18
1.331999999999988127e+01;6.786832896557978399e-18;-4.249045388035464083e-02;6.780707212987625840e-18;-2.882888439380662355e-19
1.338659999999988059e+01;2.469709142597542391e-18;-1.281960732762355837e-01;2.449443032253787634e-18;-3.157405276065429544e-19
1.345319999999987814e+01;1.959505882869005660e-18;2.771575156946417540e+00;-1.826888520291085319e-18;7.086195307969500916e-19
1.351979999999987925e+01;3.879107921422248140e-18;1.893593657812152165e+00;-1.230533144323626782e-18;3.678758818781389125e-18
1.358639999999987857e+01;6.114042463880411895e-18;1.901601871126848975e+00;-1.985871576078551904e-18;5.782545229693940401e-18
1.365299999999987790e+01;7.896072405970337207e-18;1.591401930784031693e+00;-1.626918275846269835e-19;7.894396164974452395e-18
1.371959999999987723e+01;9.001468765542885261e-18;1.311177405996075462e+00;2.310787409145455113e-18;8.699810428209284220e-18
1.378619999999987655e+01;1.055887610223797365e-17;8.416860951152429493e-01;7.034390187155000639e-18;7.874466282693045104e-18
1.385279999999987588e+01;1.180776851198209807e-17;6.340043006094915334e-01;9.513069494964547653e-18;6.994634087393769048e-18
1.391939999999987521e+01;1.310789569981676252e-17;5.148147333543040549e-01;1.140890213555283051e-17;6.453981851435035996e-18
1.398599999999987453e+01;1.365820703917647028e-17;2.997551868824060994e-01;1.304917130288808280e-17;4.033081679422301723e-18
1.405259999999987386e+01;1.446056437152426824e-17;1.156381319250785744e-01;1.436398744667229168e-17;1.668468331985315590e-18
1.411919999999987319e+01;1.351305407715472137e-17;-1.175565587568284248e-01;1.341978943153346604e-17;-1.584891827668533135e-18
1.418579999999987251e+01;1.413855612203221173e-17;-5.503037252205252028e-02;1.411715333314268457e-17;-7.776573695355413659e-19
1.425239999999987184e+01;1.412739858092658325e-17;-3.019173919888000213e-01;1.348838957594080546e-17;-4.200801984385585189e-18
1.431899999999987116e+01;1.227361871576294562e-17;-3.892777182874173625e-01;1.135534856027138151e-17;-4.658087102520640649e-18
1.438559999999987227e+01;1.291273262336143297e-17;-5.435726900066670808e-01;1.105157350432249133e-17;-6.678426976540186243e-18
1.445219999999986982e+01;7.190875938757806839e-18;-5.416737767639666634e-01;6.161479982503593263e-18;-3.707406262040010791e-18
1.451879999999986914e+01;6.115973110258529175e-18;-5.499064171234174792e-01;5.214316190141915734e-18;-3.196253080503684010e-18
1.458539999999987025e+01;4.152581632984861324e-18;-1.625068029219342458e+00;-2.252570573148119110e-19;-4.146467590218581176e-18
1.465199999999986957e+01;3.504557219714844350e-18;1.857024144689546130e+00;-9.894610159137825073e-19;3.361976829819370837e-18
1.471859999999986712e+01;4.819604205845720255e-18;1.977812445877946468e+00;-1.907941431537581053e-18;4.425872139457723066e-18
1.478519999999986823e+01;1.289729871974270550e-17;2.050421477716666718e+00;-5.951415338281935083e-18;1.144207016835412394e-17
1.485179999999986755e+01;1.612888210399573041e-17;1.930194051884654982e+00;-5.672697225407761306e-18;1.509838879196865915e-17
1.491839999999986510e+01;2.244522678256496724e-17;1.795377482626009158e+00;-4.998508365260841491e-18;2.188157031483776301e-17
1.498499999999986620e+01;2.747045416513960538e-17;1.588079070348685784e+00;-4.747411801562876474e-19;2.746635164798739562e-17
1.505159999999986553e+01;3.044815523088914677e-17;1.369921116986678733e+00;6.075229631362842110e-18;2.983591362587264171e-17
1.511819999999986486e+01;3.263631927393333695e-17;1.132589942452081111e+00;1.384811258126326158e-17;2.955264985896816040e-17
1.518479999999986418e+01;3.267620078001946495e-17;9.312850930462018839e-01;1.950126552576747922e-17;2.621897672125397089e-17
1.525139999999986351e+01;3.425289882694048603e-17;5.542946010292766346e-01;2.912427853242226375e-17;1.802879580045514376e-17
1.531799999999986284e+01;2.820237951121705997e-17;2.038533318646453263e-01;2.761841440746311907e-17;5.709412904349242860e-18
1.538459999999986216e+01;2.593807834366747277e-17;-8.544222488651999348e-02;2.584345709519477038e-17;-2.213511583673915751e-18
1.545119999999986149e+01;1.981447648517700960e-17;-5.463234262227386617e-01;1.693029028428758088e-17;-1.029459806264383594e-17
1.551779999999986082e+01;1.456463219485980482e-17;-8.356960670934800994e-01;9.767938482522517711e-18;-1.080351279784507862e-17
1.558439999999986014e+01;1.138989507796453063e-17;-1.280429729388066651e+00;3.260966775358502215e-18;-1.091310247258077463e-17
1.565099999999985947e+01;7.232336384235690918e-18;-1.742421208476768735e+00;-1.235164325898068672e-18;-7.126082981748679890e-18
1.571759999999985880e+01;3.094243762443926689e-18;-2.425988832221441349e+00;-2.335217189580717022e-18;-2.030050526196302640e-18
1.578419999999985812e+01;4.519950290239035232e-19;1.241042468301040369e+00;1.463605818962095815e-19;4.276424748891559311e-19
1.585079999999985922e+01;6.054837346940479901e-18;1.003113415344409898e-01;6.024399890092361991e-18;6.063507748493164743e-19
1.591739999999985677e+01;1.047680314256872025e-17;-4.446305339269076007e-01;9.458139836670955900e-18;-4.506328318943893310e-18
1.598399999999985610e+01;1.261813858495629775e-17;-9.161485080124982527e-01;7.682931073013768003e-18;-1.000949506601019488e-17
1.605059999999985720e+01;1.677308134917018735e-17;-1.288767756673149911e+00;4.668026483305192114e-18;-1.611042478325888734e-17
1.611719999999985475e+01;1.918886785002730969e-17;-1.727765203801869376e+00;-2.999701148149965995e-18;-1.895295339485641961e-17
1.618379999999985586e+01;1.950222208384767680e-17;-2.234507776333813034e+00;-1.201423935849711559e-17;-1.536211960780330754e-17
1.625039999999985341e+01;2.067162901776314148e-17;-2.570651540888086117e+00;-1.739295874135746903e-17;-1.117144719673615422e-17
1.631699999999985451e+01;2.130178729216968041e-17;-3.060873239712845972e+00;-2.123242774861651160e-17;-1.717601158773832081e-18
1.638359999999985206e+01;2.098261050949793445e-17;2.922839716296965040e+00;-2.048257048660874609e-17;4.553487680272942704e-18
1.645019999999985316e+01;1.877644175001965117e-17;2.546412546099271701e+00;-1.554778628056702808e-17;1.052716042272049457e-17
1.651679999999985426e+01;1.787799595132838104e-17;2.226477965571711515e+00;-1.090020830311879434e-17;1.417068093580312166e-17
1.658339999999985181e+01;1.413256137272309628e-17;1.855355179112887720e+00;-3.967491494001197559e-18;1.356422877272471922e-17
1.664999999999984936e+01;1.153991254570943793e-17;1.764418319650842060e+00;-2.220446049250313127e-18;1.132427485117659753e-17
1.671659999999985047e+01;8.325655376350539447e-18;1.476980002363213806e+00;7.799371068938147732e-19;8.289043102496497271e-18
1.678319999999985157e+01;5.194042077702747325e-18;1.664266591534683482e+00;-4.847818697169902381e-19;5.171369223304440130e-18
1.684979999999984557e+01;3.688950713794911307e-18;1.318089481085912062e+00;9.223326546065664132e-19;3.571786645791485641e-18
1.691639999999984667e+01;2.304048626885053793e-18;1.429231584282163681e+00;3.250836957582478536e-19;2.280999926743326088e-18
1.698299999999984777e+01;3.034486155265755120e-19;9.078182767890402571e-01;1.867625380658860645e-19;2.391669221280064708e-19
1.704959999999984888e+01;3.649563265500998967e-18;-1.041456248583606969e+00;1.842897502701371066e-18;-3.150085843819397635e-18
1.711619999999984643e+01;4.942027117502732614e-18;-9.183110368960905046e-01;3.000616177321625621e-18;-3.926822454164195798e-18
1.718279999999984753e+01;8.494602025242831011e-18;-1.111643313975937630e+00;3.764714201055737640e-18;-7.614800755872006070e-18
1.724939999999984863e+01;1.149846395819200209e-17;-1.425977695160194347e+00;1.659377395320211702e-18;-1.137809914079415800e-17
1.731599999999984263e+01;1.363484712661493575e-17;-1.433585268997113804e+00;1.864986938762577865e-18;-1.350669759357943801e-17
1.738259999999984373e+01;1.506447655902213396e-17;-1.609064921050039176e+00;-5.763556396697021401e-19;-1.505344705288288134e-17
1.744919999999984483e+01;1.592761945897764944e-17;-1.684400369346573889e+00;-1.805552396516767242e-18;-1.582494998960300115e-17
1.751579999999984238e+01;1.565982278413855476e-17;-1.927992056328417414e+00;-5.475431100096961399e-18;-1.467139066001297396e-17
1.758239999999984349e+01;1.705818455838083432e-17;-2.021774622997616344e+00;-7.434745427120659582e-18;-1.535272682169818294e-17
1.764899999999984459e+01;1.742037825880761389e-17;-2.269057691979175395e+00;-1.119933354990368445e-17;-1.334333191964955588e-17
1.771559999999983859e+01;1.381818541217697624e-17;-2.419159891979227428e+00;-1.036639413295950461e-17;-9.136745633180524133e-18
1.778219999999983969e+01;1.408806552355538554e-17;-2.810007244090469758e+00;-1.332065216132301871e-17;-4.586263859944201861e-18
1.784879999999984079e+01;9.872505203185295893e-18;-3.043311019347665791e+00;-9.824862926686580419e-18;-9.687246557925208077e-19
1.791539999999983834e+01;6.655122439419736399e-18;-2.318905717339253769e+00;-4.527175022391764358e-18;-4.878046842774291503e-18
1.798199999999983945e+01;6.660947643770445832e-18;2.811867878312412916e+00;-6.302132334660112284e-18;2.156699225548741857e-18
1.804859999999984055e+01;7.509653255938818080e-19;2.780622574673305092e+00;-7.025691020182510014e-19;2.652274064526386918e-19
1.811519999999983455e+01;2.262019824057951292e-18;6.395112337486937859e-01;1.815016547035525257e-18;1.349980969650462516e-18
1.818179999999983565e+01;1.187690241054166138e-18;1.260418815621990651e+00;3.627421339387419487e-19;1.130940428564153335e-18
1.824839999999983675e+01;4.048145955867743589e-18;-1.313479839162047025e+00;1.030197726238160282e-18;-3.914866322732117819e-18
1.831499999999983785e+01;7.223685954950817870e-18;-1.689787296314406273e+00;-8.575264493939002289e-19;-7.172606720317488395e-18
1.838159999999983540e+01;8.551939259611883040e-18;-2.139410849372855417e+00;-4.604920797746763409e-18;-7.206272930341339536e-18
1.844819999999983651e+01;1.167219758801176353e-17;-2.487041482393541170e+00;-9.259802455800595100e-18;-7.106071700534472893e-18
1.851479999999983406e+01;1.407199272699143919e-17;-2.878699616645385095e+00;-1.358850989512082044e-17;-3.656962966548006098e-18
1.858139999999983161e+01;1.721005886694289332e-17;3.090835506384642883e+00;-1.718789459201511300e-17;8.731584606572218701e-19
1.864799999999983271e+01;1.889192902636409515e-17;2.663552147922415791e+00;-1.677410737808872328e-17;8.691047348020121186e-18
1.871459999999983381e+01;2.330754682374199800e-17;2.313469690257794475e+00;-1.576195449728744135e-17;1.716981448258442484e-17
1.878119999999983136e+01;2.057640029686480546e-17;1.963737605286897336e+00;-7.878851449242292256e-18;1.900820741199944649e-17
1.884779999999983247e+01;2.206996378563736843e-17;1.528012595015248776e+00;9.439473750974093215e-19;2.204976790926362071e-17
1.891439999999983357e+01;2.105931029717275133e-17;1.109349657850647652e+00;9.376530148780390209e-18;1.885670258983841222e-17
1.898099999999982757e+01;2.023607743940431279e-17;7.788945038841664781e-01;1.440182561103224845e-17;1.421570431610702189e-17
1.904759999999982867e+01;1.782062661167614399e-17;3.549630732987937853e-01;1.670967669386345461e-17;6.193661083667442909e-18
1.911419999999982977e+01;1.432419902962187964e-17;-5.237603606142497703e-02;1.430455609726132346e-17;-7.499017939199124277e-19
1.918079999999982732e+01;9.503798075274721940e-18;-2.860059583806257022e-01;9.117737968357211718e-18;-2.681237064485875422e-18
1.924739999999982842e+01;4.731991786474827949e-18;-5.077079673276309046e-01;4.135103701144377884e-18;-2.300578981049619101e-18
1.931399999999982953e+01;4.288768571665386871e-18;2.537202821992639468e+00;-3.529008866727365486e-18;2.437136081523639319e-18
1.938059999999982352e+01;1.231348388787734921e-17;2.013657689103480752e+00;-5.276654647974817951e-18;1.112559217224057684e-17
1.944719999999982463e+01;2.375472875449093877e-17;1.860219182403217930e+00;-6.779578977694094287e-18;2.276673993097489852e-17
1.951379999999982573e+01;3.697281955572072775e-17;1.678362250978884918e+00;-3.969350645538479265e-18;3.675913004074836463e-17
1.958039999999982328e+01;4.554267679372747108e-17;1.479171910187869310e+00;4.166985146408321405e-18;4.535164433984213304e-17
1.964699999999982438e+01;5.495026729521648449e-17;1.328424527961702628e+00;1.318838143112020219e-17;5.334415123556679704e-17
1.971359999999982549e+01;6.214492419401675619e-17;1.139960473394889151e+00;2.595361071927632762e-17;5.646593392225400424e-17
1.978019999999981948e+01;6.700028015024286407e-17;9.807261980624064623e-01;3.728024860320307153e-17;5.567064400825989165e-17
1.984679999999982059e+01;6.663762654649875033e-17;8.152375904520416938e-01;4.569311888412330403e-17;4.850476428550095507e-17
1.991339999999982169e+01;6.357908025172504174e-17;6.224179195183983104e-01;5.165617052545045929e-17;3.706668979421923765e-17
1.997999999999982279e+01;5.689744384938020565e-17;4.450759864617775396e-01;5.135437844710983502e-17;2.449585538217424235e-17
2.004659999999982034e+01;4.887185713035884601e-17;2.642401099895959060e-01;4.717557578846684938e-17;1.276414777401247368e-17
2.011319999999982144e+01;4.089997935911172532e-17;6.701967442136064212e-02;4.080815980979317663e-17;2.739051754557834922e-18
2.017979999999981899e+01;3.098014681370879075e-17;-1.143088928088753092e-01;3.077796570789400994e-17;-3.533599224961912512e-18
2.024639999999981654e+01;1.999736354571654452e-17;-3.181166310605983982e-01;1.899401940902223539e-17;-6.254740239949192849e-18
2.031299999999981765e+01;1.176420820794620453e-17;-5.391666186368927471e-01;1.009530063099041444e-17;-6.039991716040129683e-18
2.037959999999981875e+01;5.532677909456147469e-18;-8.512981892262204697e-01;3.646075052858220520e-18;-4.161329301882870526e-18
2.044619999999981630e+01;1.745224920033451888e-18;1.250588047954510618e+00;5.493344295172981748e-19;1.656514927808582752e-18
2.051279999999981740e+01;5.806724298300800161e-18;1.536972300539980019e+00;1.963693469144500516e-19;5.803402980671712539e-18
2.057939999999981850e+01;6.841596612257383591e-18;1.390728421400381221e+00;1.225305195618263691e-18;6.730978486256109731e-18
2.064599999999981250e+01;1.112494825301043339e-17;1.117615331178749560e+00;4.870809915695881864e-18;1.000198402304855710e-17
2.071259999999981360e+01;1.170812937010961343e-17;7.519881396780754290e-01;8.550824239366115024e-18;7.997730814092970451e-18
2.077919999999981471e+01;1.459972044031698816e-17;4.753908950276118373e-01;1.298081412207985084e-17;6.682088121494808927e-18
2.084579999999981226e+01;1.572542312836101276e-17;1.170435480622807750e-01;1.561783324059928919e-17;1.836359832609969780e-18
2.091239999999981336e+01;1.551986560686205725e-17;-2.215569418223818088e-01;1.514050570703154031e-17;-3.410471432281051534e-18
2.097899999999981446e+01;1.566697806338325721e-17;-5.705032218638687036e-01;1.318578799884361856e-17;-8.461039917651009253e-18
2.104559999999980846e+01;1.502807834665311590e-17;-8.947707240975735221e-01;9.403033802791858348e-18;-1.172288761767756304e-17
2.111219999999980956e+01;1.497056690097530614e-17;-1.175567270700672795e+00;5.763961630577962241e-18;-1.381646190809363744e-17
2.117879999999981067e+01;1.529026643745663416e-17;-1.561258536052405388e+00;1.458331505936254053e-19;-1.528957096914758779e-17
2.124539999999981177e+01;1.155777920819681076e-17;-1.640832965893523898e+00;-8.088064157198226556e-19;-1.152944458364395592e-17
2.131199999999980932e+01;1.139252351778696465e-17;-1.943034006248866019e+00;-4.143469628385053705e-18;-1.061231603100754302e-17
2.137859999999981042e+01;8.853136012676677790e-18;-2.302512153955712737e+00;-5.915198420567529973e-18;-6.586990580247408391e-18
2.144519999999980797e+01;7.176821426424209587e-18;-2.456043910756549042e+00;-5.555374762130678640e-18;-4.543630380990858389e-18
2.151179999999980552e+01;5.563070062340852475e-18;-2.787483908868161553e+00;-5.217914432274343432e-18;-1.929019827782019104e-18
2.157839999999980662e+01;9.462305691506943012e-19;-2.741307078972542666e+00;-8.714308046376453404e-19;-3.687284132309749492e-19
2.164499999999980773e+01;1.827550835165375154e-18;-5.013125819421370144e-01;1.602675311762246118e-18;-8.782789421257048543e-19
2.171159999999980528e+01;4.342477062316162989e-18;-7.278090961881418242e-01;3.242239542335269289e-18;-2.888769597399486785e-18
2.177819999999980638e+01;6.394276634919214820e-18;-6.761097214879966399e-01;4.987618955705532117e-18;-4.001303642134728704e-18
2.184479999999980393e+01;4.347070533066877775e-18;-6.777006264178641048e-01;3.386439637086123730e-18;-2.725628148488042546e-18
2.191139999999980148e+01;5.161223075707291793e-18;-1.004419739975629611e+00;2.769398538100133247e-18;-4.355301984292511376e-18
2.197799999999980258e+01;2.598248709570913136e-18;-9.514050818867766379e-01;1.508386267210708920e-18;-2.115577279533190901e-18
2.204459999999980369e+01;1.208900581466789773e-18;4.744953790861254350e-01;1.075345344526953393e-18;5.523341433181095556e-19
2.211119999999980124e+01;4.622337812413560972e-18;8.066103482140574155e-01;3.198424562266478982e-18;3.337077639426248822e-18
2.217779999999980234e+01;3.692206253290391912e-18;8.201116314149050623e-01;2.518600038376274424e-18;2.699822376292133488e-18
2.224439999999980344e+01;3.956670623400602808e-18;8.022560798918216829e-01;2.750228434135200181e-18;2.844553740423189815e-18
2.231099999999979744e+01;2.179360752626456562e-18;6.444340098844545395e-01;1.742267966780716172e-18;1.309242384747127068e-18
2.237759999999979854e+01;2.605107774300270254e-18;-2.466358988636708105e+00;-2.033445303340560901e-18;-1.628400047298550984e-18
2.244419999999979964e+01;6.512271910151595007e-18;-2.710565149633911375e+00;-5.916639551529341641e-18;-2.720856822588829068e-18
2.251079999999979719e+01;1.233638072433629155e-17;-2.963363391623960119e+00;-1.214096214871793180e-17;-2.187081955294415515e-18
2.257739999999979830e+01;1.350805358248808195e-17;-3.121218348942303766e+00;-1.350524999994640968e-17;-2.751981582724866560e-19
2.264399999999979940e+01;1.305341961397864562e-17;2.980873870297493511e+00;-1.288519383964093263e-17;2.088909603951718708e-18
2.271059999999979340e+01;8.735430401753146155e-18;2.849517141782750951e+00;-8.365470203142348031e-18;2.515283797946198386e-18
2.277719999999979450e+01;5.355440979226350352e-19;1.888811239590918456e+00;-1.674547998611473885e-19;5.086908401212193527e-19
2.284379999999979560e+01;9.423171903534738020e-18;-7.620195116419193893e-01;6.817130095073017583e-18;-6.505605735857058409e-18
2.291039999999979671e+01;2.068649101554560559e-17;-7.984563513751015140e-01;1.443530700073419550e-17;-1.481731495011168997e-17
2.297699999999979426e+01;3.136092100463491662e-17;-1.119177971999423704e+00;1.368660235081655474e-17;-2.821673762768428159e-17
2.304359999999979536e+01;4.070920061789576723e-17;-1.356564095117100299e+00;8.654665076728267065e-18;-3.977858453185263275e-17
2.311019999999979291e+01;4.296923036832864313e-17;-1.587228211449817961e+00;-7.060336638032706815e-19;-4.296342950594229890e-17
2.317679999999979046e+01;4.559514544358802693e-17;-1.820892608955458014e+00;-1.128467297791000322e-17;-4.417661648206632121e-17
2.324339999999979156e+01;4.164211386258446454e-17;-2.048798418930033893e+00;-1.915562726655520999e-17;-3.697468851754204902e-17
2.330999999999979266e+01;3.772757726138662647e-17;-2.351039239908457201e+00;-2.653954302500293891e-17;-2.681459941968022110e-17
2.337659999999979021e+01;3.381279753932384381e-17;-2.617563031710139487e+00;-2.927545486540282360e-17;-1.691901356046110646e-17
2.344319999999979132e+01;2.668982219935402193e-17;-3.010538022757771159e+00;-2.646094699589838946e-17;-3.487820682516032125e-18
2.350979999999978887e+01;2.284435293293254476e-17;2.905558930817400576e+00;-2.221095045292397379e-17;5.342110154437099000e-18
2.357639999999978642e+01;1.964287789617317566e-17;2.726828379878693198e+00;-1.797738455238710353e-17;7.915573049347869324e-18
2.364299999999978752e+01;1.541876066778057180e-17;2.562484821568248528e+00;-1.290475095824440603e-17;8.438340075867247456e-18
2.370959999999978862e+01;1.182454862494957308e-17;2.416943112024978024e+00;-8.853415308972625171e-18;7.838175014035219372e-18
2.377619999999978617e+01;7.935030411937985250e-18;2.077529963766989951e+00;-3.851060281856825714e-18;6.937870159053536025e-18
2.384279999999978727e+01;5.841682782153273150e-18;1.641375011809750983e+00;-4.119560738835934272e-19;5.827139085391425634e-18
2.390939999999978838e+01;1.249399663268712619e-18;1.079685413484179346e+00;5.892241188202251401e-19;1.101732479496044259e-18
2.397599999999978237e+01;5.709087418874790058e-19;-1.605040036566549588e+00;-1.954621265598657771e-20;-5.705740417635129826e-19
2.404259999999978348e+01;3.728726459278034998e-18;-2.046717026769974801e+00;-1.708342221657661890e-18;-3.314357835512314203e-18
2.410919999999978458e+01;7.246369493952615871e-18;-2.591152704512421856e+00;-6.176040747254515079e-18;-3.790302300759002098e-18
2.417579999999978568e+01;9.863829130644292537e-18;-2.611750169402140109e+00;-8.511366862418649070e-18;-4.985153884472239852e-18
2.424239999999978323e+01;1.217136052516340084e-17;-2.784051923101551029e+00;-1.140164770128206175e-17;-4.259629881733312917e-18
2.430899999999978434e+01;1.659322290993758237e-17;-2.853724394897982908e+00;-1.591043292593709651e-17;-4.710962815405599240e-18
2.437559999999978189e+01;1.882495079736721945e-17;-3.132214311528257245e+00;-1.882412294516412239e-17;-1.765442399013272361e-19
2.444219999999977944e+01;2.336281293262413429e-17;3.016323554304691346e+00;-2.317974383276370686e-17;2.918990231611321977e-18
2.450879999999978054e+01;2.208239492115294867e-17;2.867419234145477613e+00;-2.125760254843215801e-17;5.978837625044857644e-18
2.457539999999978164e+01;2.269751501005520472e-17;2.686678008045662036e+00;-2.038914448106247823e-17;9.972962195959676441e-18
2.464199999999977919e+01;2.443542813210111299e-17;2.505204783355341025e+00;-1.965213609094255810e-17;1.452183511344731541e-17
2.470859999999978029e+01;2.357563789783199208e-17;2.328950666342511688e+00;-1.621019536869875703e-17;1.711841898068596535e-17
2.477519999999977784e+01;2.226210733003435874e-17;2.162775635406721797e+00;-1.242235874251823745e-17;1.847393910475376039e-17
2.484179999999977539e+01;1.947693895985042135e-17;2.112243276258773506e+00;-1.003795690691651423e-17;1.669103269365398340e-17
2.490839999999977650e+01;1.643125668043504264e-17;1.880261930106458701e+00;-5.004133783318931915e-18;1.565071375934616523e-17
2.497499999999977760e+01;1.150809305064757102e-17;1.722185417337841029e+00;-1.735552549659051206e-18;1.137646970767886663e-17
2.504159999999977515e+01;6.810263610731367560e-18;1.457559727034556385e+00;7.695240906117600982e-19;6.766647849683030927e-18
2.510819999999977625e+01;8.400217894991038161e-19;-1.967248964209726170e+00;-3.243732057927354156e-19;-7.748668467530537142e-19
2.517479999999977380e+01;5.058079187087182430e-18;-2.422336129752354239e+00;-3.805171516571711613e-18;-3.332391752527886151e-18
2.524139999999977135e+01;9.219525624476503877e-18;-2.353500220299464818e+00;-6.501600993077272193e-18;-6.536729860350319028e-18
2.530799999999977246e+01;1.407498165081162833e-17;-2.418034354042830625e+00;-1.054856095954842845e-17;-9.318421011811751652e-18
2.537459999999977356e+01;1.679219565464740803e-17;-2.829621822745578275e+00;-1.598164479656641366e-17;-5.154111417144667966e-18
2.544119999999977111e+01;2.005281454752434433e-17;3.099299727502675239e+00;-2.003488307014819741e-17;8.478393968748669273e-19
2.550779999999977221e+01;2.438733078191585742e-17;2.698502784114755304e+00;-2.203227670811879025e-17;1.045565329013290321e-17
2.557439999999976976e+01;2.868248533781459658e-17;2.287620076508636302e+00;-1.884420432848204591e-17;2.162361968728565380e-17
2.564099999999976731e+01;3.393438035250960526e-17;1.869555418759035748e+00;-9.988058694370000186e-18;3.243117101534586290e-17
2.570759999999976841e+01;4.013890782291492686e-17;1.453667585890048075e+00;4.690677198713154978e-18;3.986388677279140806e-17
2.577419999999976952e+01;4.699406600902613090e-17;1.085698396194266557e+00;2.191309772593336687e-17;4.157232719146714759e-17
2.584079999999977062e+01;5.171724203192563111e-17;7.327800398853164809e-01;3.844233627572834751e-17;3.459566309600952395e-17
2.590739999999976817e+01;5.545223831852455052e-17;3.860011720435168603e-01;5.137217180526285987e-17;2.087703759025684881e-17
2.597399999999976927e+01;5.586913308334136932e-17;8.801323777382920321e-02;5.565288236172054801e-17;4.910877346931275768e-18
2.604059999999976682e+01;5.080729137651661303e-17;-2.766716532913410798e-01;4.887508606136067377e-17;-1.387828589966521773e-17
2.610719999999976437e+01;4.204915222697509173e-17;-6.117317555784661520e-01;3.442373706324926046e-17;-2.414824071454489355e-17
2.617379999999976548e+01;3.061363045329459332e-17;-9.667615550994289597e-01;1.738755967940471186e-17;-2.519656996350942965e-17
2.624039999999976658e+01;1.228722631162222734e-17;-1.339644529184869759e+00;2.814989278740647452e-18;-1.196042498382046442e-17
2.630699999999976413e+01;4.771446357622532271e-18;2.038243121011080738e+00;-2.150054068422136753e-18;4.259573669574309674e-18
2.637359999999976523e+01;2.095186342504412420e-17;1.110473247334302860e+00;9.307605103349345446e-18;1.877096343350033977e-17
2.644019999999976278e+01;3.992751758444929738e-17;8.467327777207337425e-01;2.644935392862245835e-17;2.991050546572176349e-17
2.650679999999976033e+01;4.868124347633233223e-17;4.216758621095128556e-01;4.441697627283299177e-17;1.992475056758654936e-17
2.657339999999976143e+01;6.135312285635788638e-17;8.572540304234058106e-02;6.112782359449094177e-17;5.253081650625811503e-18
2.663999999999976254e+01;6.582245505397431120e-17;-2.873860028128590316e-01;6.312294973676316996e-17;-1.865713820130349393e-17
2.670659999999976009e+01;6.764572121580584392e-17;-6.032563437372311377e-01;5.570574897211060238e-17;-3.837724755975503966e-17
2.677319999999976119e+01;6.135495534884226350e-17;-9.583157133881208267e-01;3.527289789338013995e-17;-5.020212366087321374e-17
2.683979999999975874e+01;5.779902473535474359e-17;-1.290934048357079478e+00;1.596543664908330466e-17;-5.555026636265803868e-17
2.690639999999975629e+01;5.020408175796765240e-17;-1.631245530058087034e+00;-3.032948835564282593e-18;-5.011238416321407955e-17
2.697299999999975739e+01;4.059288723501609514e-17;-1.947183138476411335e+00;-1.492042779452081917e-17;-3.775133545324221807e-17
2.703959999999975850e+01;3.291890728854902673e-17;-2.196629681956071778e+00;-1.928300345785771192e-17;-2.667995942118979141e-17
2.710619999999975960e+01;1.992470948118601020e-17;-2.467750560709492724e+00;-1.556976574297262168e-17;-1.243287748747729740e-17
2.717279999999975715e+01;1.546363913180346180e-17;-2.579091755763534444e+00;-1.308106378466184332e-17;-8.246811836112892986e-18
2.723939999999975470e+01;8.498623072319726288e-18;-2.661864688326587292e+00;-7.539302833654094695e-18;-3.922436348472789240e-18
2.730599999999975580e+01;3.745661403737330150e-18;-2.367701323876501895e+00;-2.678883361493385393e-18;-2.617931108138907591e-18
2.737259999999975335e+01;1.929258430587634419e-18;-2.045797827336041319e+00;-8.823266292925134484e-19;-1.715674156486240537e-18
2.743919999999975445e+01;1.579288561666368199e-18;-9.798127851752387318e-01;8.799448713079137994e-19;-1.311430281970461800e-18
2.750579999999975556e+01;1.993816983884881643e-18;7.434412561578442880e-01;1.467735997709291458e-18;1.349465526145857848e-18
2.757239999999975311e+01;4.623964551447720789e-18;1.185070453371785737e+00;1.739682395813192888e-18;4.284221438574667105e-18
2.763899999999975421e+01;6.356755558846650886e-18;9.860637286569625681e-01;3.508779217039131766e-18;5.300642380033013514e-18
2.770559999999975176e+01;1.020128186065116861e-17;9.111803105258462487e-01;6.251482860151188653e-18;8.061334483178728838e-18
2.777219999999974931e+01;1.132158252640712494e-17;6.228144742443468829e-01;9.195841363139053782e-18;6.604145101845353838e-18
2.783879999999975041e+01;1.190400709920544688e-17;4.334354954413722760e-01;1.080322250054470251e-17;4.999576844259759420e-18
2.790539999999975151e+01;1.413102398098784859e-17;2.149967204710819535e-01;1.380568674250355223e-17;3.014772349467746563e-18
2.797199999999974906e+01;1.313754777080361388e-17;-1.650504844186784781e-01;1.295900930988976898e-17;-2.158527075655365020e-18
2.803859999999975017e+01;1.264278868323086609e-17;-4.691300193752970804e-01;1.127688648576828531e-17;-5.715937095168824594e-18
2.810519999999974772e+01;1.173506395937990562e-17;-9.252821277388509902e-01;7.059923090241478269e-18;-9.373857908599447379e-18
2.817179999999974527e+01;1.337697327979492368e-17;-1.278774326116176363e+00;3.851086256273726457e-18;-1.281064201260369823e-17
2.823839999999974637e+01;1.388074203199748786e-17;-1.583246856089099985e+00;-1.728181202941842361e-19;-1.387966617956497491e-17
2.830499999999974747e+01;1.381457905141320513e-17;-1.912596385885587447e+00;-4.630419856061465492e-18;-1.301544491457500184e-17
2.837159999999974502e+01;1.386374531397032808e-17;-2.238561829481827470e+00;-8.584888474509201580e-18;-1.088591401816463561e-17
2.843819999999974613e+01;1.129637372191880698e-17;-2.477919793528522874e+00;-8.898549131293898387e-18;-6.958727083540949672e-18
2.850479999999974368e+01;8.624484333404696003e-18;-2.699695555194190355e+00;-7.796033501192679668e-18;-3.688304714286019110e-18
2.857139999999974123e+01;4.877953656292143305e-18;3.122418089220321047e+00;-4.877056959987823407e-18;9.352690504996756383e-20
2.863799999999974233e+01;1.878086453733827612e-18;-6.261105578107150071e-01;1.521837559068756008e-18;-1.100554029344381777e-18
2.870459999999974343e+01;7.466273403229123057e-18;-6.899459530530047680e-01;5.758590462101633311e-18;-4.752249406497801155e-18
2.877119999999974453e+01;1.585882649899756202e-17;-6.554512139730210851e-01;1.257244924153427646e-17;-9.666224598795101484e-18
2.883779999999974208e+01;2.671579564465788223e-17;-8.912242281482660733e-01;1.678981539724135835e-17;-2.078066013998781131e-17
2.890439999999973963e+01;3.737687983523741200e-17;-1.177316698489166091e+00;1.433046193449805274e-17;-3.452055919248237004e-17
2.897099999999974074e+01;4.775808949945359042e-17;-1.448796804441920383e+00;5.812021457629726753e-18;-4.740311718878697425e-17
2.903759999999973829e+01;5.913068732975703577e-17;-1.724283283893871532e+00;-9.040196274678718161e-18;-5.843554599218504073e-17
2.910419999999973939e+01;6.786053987284114031e-17;-2.024014213989701716e+00;-2.971347124910341377e-17;-6.100952792935024650e-17
2.917079999999974049e+01;7.500220316011436447e-17;-2.337738557688787466e+00;-5.204678754649758973e-17;-5.400428117252197878e-17
2.923739999999973804e+01;8.058875997076921071e-17;-2.648466993962797389e+00;-7.098721642318748860e-17;-3.814922460697980775e-17
2.930399999999973915e+01;8.334237083887767602e-17;-2.980653027196471516e+00;-8.226534971481752866e-17;-1.335526163516767190e-17
2.937059999999973670e+01;8.070592076505830087e-17;2.963662374342263206e+00;-7.943174589574427058e-17;1.428437574729055393e-17
2.943719999999973425e+01;7.582623246528118826e-17;2.636708239514025109e+00;-6.636542300599472893e-17;3.667762477470763150e-17
2.950379999999973535e+01;6.644611875804121288e-17;2.255825738339681141e+00;-4.204017947401939215e-17;5.145590352719458190e-17
2.957039999999973645e+01;5.249976431663970234e-17;1.945330386914605691e+00;-1.920645753632891070e-17;4.886038520322890291e-17
2.963699999999973400e+01;3.745138507969977639e-17;1.607693129549632394e+00;-1.381522856822098982e-18;3.742589529969907225e-17
2.970359999999973510e+01;2.238392517804959032e-17;1.286195004078251936e+00;6.284842868540929713e-18;2.148350196067374652e-17
2.977019999999973265e+01;6.408090212851629738e-18;1.039400904838394313e+00;3.247215311565917315e-18;5.524419688652981813e-18
2.983679999999973020e+01;7.044640233466172856e-18;-2.526639500709065622e+00;-5.754065487837334050e-18;-4.064195662200532809e-18
2.990339999999973131e+01;2.149241056688098033e-17;-2.786410627229547465e+00;-2.015092313254222676e-17;-7.474222961736683326e-18
2.996999999999973241e+01;2.862437006434546043e-17;-3.052333396613926553e+00;-2.851041749690405876e-17;-2.551598662177065481e-18
3.003659999999973351e+01;3.323276361075464993e-17;2.965162289473730173e+00;-3.271687459252721786e-17;5.832897573688871166e-18
3.010319999999973106e+01;3.386309982078394152e-17;2.746699617550723449e+00;-3.125691844024433790e-17;1.302745482019765466e-17
3.016979999999972861e+01;3.283581852622339126e-17;2.436991170892496505e+00;-2.501661665365098550e-17;2.126875336006667188e-17
3.023639999999972972e+01;2.826239140792288734e-17;2.147765462758683519e+00;-1.541674502902185082e-17;2.368726959370293265e-17
3.030299999999972727e+01;2.083515137983903951e-17;1.777881869017539973e+00;-4.283886071397569421e-18;2.038999394674001590e-17
3.036959999999972837e+01;1.836909450710268707e-17;1.273381049150670963e+00;5.383062092324635277e-18;1.756263862638662861e-17
3.043619999999972947e+01;1.655149409059327934e-17;8.367118938810750306e-01;1.108797298768338135e-17;1.228856426338520422e-17
3.050279999999972702e+01;1.663327649104859716e-17;1.936270096949655184e-01;1.632244686633477235e-17;3.200564813177209043e-18
3.056939999999972457e+01;1.710832778091286429e-17;-2.527252987789860295e-01;1.656487447210253006e-17;-4.277828091758806628e-18
3.063599999999972567e+01;1.873063895670156862e-17;-5.758782490526599407e-01;1.570965579844596667e-17;-1.020017403874362553e-17
3.070259999999972322e+01;1.699460205221626203e-17;-8.425942423624233069e-01;1.131039706336878306e-17;-1.268429805634241396e-17
3.076919999999972433e+01;1.453761698605800339e-17;-1.022518442122111182e+00;7.577272143066693955e-18;-1.240674230018612457e-17
3.083579999999972543e+01;1.002621907825968240e-17;-1.172811010122074338e+00;3.885780586188048261e-18;-9.242606680004428704e-18
3.090239999999972298e+01;6.043680990549574704e-18;-1.404703897301078808e+00;9.992007221626410035e-19;-5.960509863456309078e-18
3.096899999999972408e+01;1.110223024625156564e-19;-1.570796326794896558e+00;0.000000000000000000e+00;-1.110223024625156564e-19
3.103559999999972163e+01;5.773159728050813745e-18;1.176005207095135008e+00;2.220446049250313127e-18;5.329070518200751505e-18
3.110219999999971918e+01;1.154845430301940251e-17;9.080668189019049930e-01;7.105427357601002007e-18;9.103828801926284014e-18
3.116879999999972028e+01;1.445849715162568855e-17;7.419472680059174818e-01;1.065814103640150301e-17;9.769962616701376989e-18
3.123539999999972139e+01;1.776356839400250502e-17;6.435011087932843710e-01;1.421085471520200401e-17;1.065814103640150301e-17
3.130199999999971894e+01;2.276579923328422560e-17;3.587706702705722450e-01;2.131628207280300602e-17;7.993605777301128028e-18
3.136859999999972004e+01;2.324585382549742096e-17;1.148766054168991330e-01;2.309263891220325806e-17;2.664535259100375752e-18
3.143519999999971759e+01;2.679389347515021251e-17;-1.665110743918630787e-01;2.642330798607872756e-17;-4.440892098500626254e-18
3.150179999999971514e+01;2.492322417897218987e-17;-3.643754082456503451e-01;2.328692794151265755e-17;-8.881784197001252508e-18
3.156839999999971624e+01;2.340532422902045905e-17;-6.888166934223209914e-01;1.806887972577442334e-17;-1.487698852997709853e-17
3.163499999999971735e+01;2.344858313286850555e-17;-9.197196053504168578e-01;1.421085471520200401e-17;-1.865174681370263104e-17
3.170159999999971845e+01;2.025358414490941566e-17;-1.304544277643971295e+00;5.329070518200751505e-18;-1.953992523340275398e-17
3.176819999999971600e+01;1.517719948885615245e-17;-1.212025656524324368e+00;5.329070518200751505e-18;-1.421085471520200401e-17
3.183479999999971355e+01;1.065814103640150301e-17;-1.570796326794896558e+00;0.000000000000000000e+00;-1.065814103640150301e-17
3.190139999999971465e+01;7.944109290391274248e-18;-2.034443935795702707e+00;-3.552713678800501003e-18;-7.105427357601002007e-18
3.196799999999971220e+01;5.024295867788080879e-18;-2.356194490192344837e+00;-3.552713678800501003e-18;-3.552713678800501003e-18
3.203459999999971330e+01;3.552713678800501003e-18;-1.570796326794896558e+00;0.000000000000000000e+00;-3.552713678800501003e-18
3.210119999999971441e+01;3.877842313165342287e-18;-4.124104415973873228e-01;3.552713678800501003e-18;-1.554312234475219189e-18
3.216779999999971551e+01;3.580361673049447909e-18;-3.017237659043031872e+00;-3.552713678800501003e-18;-4.440892098500626254e-19
3.223439999999970951e+01;4.440892098500626254e-18;-6.435011087932843710e-01;3.552713678800501003e-18;-2.664535259100375752e-18
3.230099999999971061e+01;3.972054645195637124e-18;-1.107148717794090409e+00;1.776356839400250502e-18;-3.552713678800501003e-18
3.236759999999971171e+01;9.930136612989092039e-18;-1.390942827002418225e+00;1.776356839400250502e-18;-9.769962616701376989e-18
3.243419999999971282e+01;1.199040866595169050e-17;-1.570796326794896558e+00;0.000000000000000000e+00;-1.199040866595169050e-17
3.250079999999970681e+01;1.418654779868980794e-17;-1.872747488625145840e+00;-4.218847493575594749e-18;-1.354472090042690950e-17
3.256739999999970792e+01;1.580352852056229107e-17;-2.189004165961550008e+00;-9.159339953157541890e-18;-1.287858708565181652e-17
3.263399999999970902e+01;1.599083117543504938e-17;-2.412067438011704645e+00;-1.192101972691261816e-17;-1.065814103640150301e-17
3.270059999999970302e+01;1.414421842020147478e-17;-2.653438937293560063e+00;-1.249217743137798197e-17;-6.633582572135310828e-18
3.276719999999970412e+01;9.240806664002509020e-18;-2.774472731033584605e+00;-8.625045122556685601e-18;-3.316791286067655414e-18
3.283379999999970522e+01;5.018553516930962603e-18;-2.901476460524078149e+00;-4.874572967494828028e-18;-1.193489751472043378e-18
3.290039999999970632e+01;3.135520240742827949e-18;-1.383817056875985552e+00;5.828670879282072199e-19;-3.080868893334809440e-18
3.296699999999970743e+01;6.327678705646286953e-18;-1.056614807233525521e+00;3.112093915902391995e-18;-5.509481759702339603e-18
3.303359999999970853e+01;1.117289321855106229e-17;-9.769372748296940578e-01;6.251943407420412928e-18;-9.259953914764196406e-18
3.310019999999970253e+01;1.139786872166810323e-17;-9.892944020589349297e-01;6.260617024800296779e-18;-9.524499244850659241e-18
3.316679999999970363e+01;9.680269481642155451e-18;-1.210373952837368039e+00;3.413935800722356312e-18;-9.058292310681892642e-18
3.323339999999970473e+01;5.370350353018140986e-18;-1.394157030708166989e+00;9.436895709313831272e-19;-5.286786633473816770e-18
